mean_dx,mean_dy,mean_dz,max_dx,max_dy,max_dz,mean_drx,mean_dry,mean_drz,max_drx,max_dry,max_drz,mean_pos_error_m,max_pos_error_m,wear_level,n_samples
0.007659954040330348,0.009607965312985002,0.0043363951761557,0.013127445181018216,0.01955847963381077,0.010448997178018893,0.0037587025197059927,0.0005235893204960164,0.057234654876373546,0.053934562334107206,0.0018932026162756799,6.282387540092653,0.015079193571374857,0.02330838857417194,0.0,118
0.008025759863931293,0.012315441235969882,0.0042711080792584505,0.01413599917957789,0.019577712232472594,0.007824492848413044,0.0004852717262930539,0.0008865498680195971,0.0008177842886566654,0.0010709735507741236,0.0014912186576528375,0.0013091974325278866,0.01576728405697179,0.024404274736571543,0.0,103
0.006688398629490123,0.02305715229413034,0.004234212615882151,0.01364301306650792,0.02624021447951974,0.005978210449561323,0.0009242475239812113,0.0004008768922454,0.0005338802616334714,0.001185631877744564,0.0007000054125786415,0.0011523511963398847,0.02476820277195573,0.02823502439023807,0.0,117
0.013682754627543234,0.008972310285059239,0.0036497820364794413,0.02702953126632196,0.01027484026772358,0.006237470348683105,0.0006814858996645376,0.0006746068313575328,0.0014691969627778354,0.002811001328247964,0.0012706108413598344,0.0033931527018373764,0.017852052300597474,0.028554426704589155,0.0,117
0.016686604815441628,0.008910885419938673,0.003703448226514279,0.023402171220735624,0.023569435236988706,0.006543800664607247,0.0007121895940963364,0.0005614415380519555,0.0010071355923154356,0.00167273007431179,0.0016285041246724141,0.002143328009875489,0.019861468872086764,0.029059821501907022,0.0,118
0.004289113258914439,0.011140315163147082,0.0035960054306577167,0.00652986744614148,0.01810218563819857,0.010209842284943649,0.0005964765913734067,0.0009392222305219472,0.0011690236989729827,0.0030781677014810604,0.0016140061169680475,0.0031794942436513818,0.01288708689484894,0.021084767099566772,0.0,118
0.018365443580211957,0.016840055310975984,0.003613627128487345,0.02830954664163085,0.028035048771598126,0.005796322631148626,0.0006838125676654525,0.0003560733104455301,0.0009511233506407328,0.002329382833690996,0.0008016183395278542,0.0023874920027314728,0.02792646458674205,0.028617318905593877,0.0,118
0.014999248982777852,0.01689891171995984,0.0055503851849811854,0.025454137217085976,0.025986192306699157,0.008614520934100312,0.000736586120083502,0.00039118302035389736,0.0006048022267645773,0.0014097560816919152,0.0009355990620346644,0.0010889361807963072,0.0256467497233125,0.026968302883309866,0.0,118
0.01665562028191044,0.01939060313073225,0.003812305313675812,0.0208724474463364,0.024419628503514423,0.009492953183256478,0.0006276335893307517,0.00025963678349085953,0.000899683874622827,0.0022698294646590345,0.0008567718360097398,0.0024013742652904124,0.02650886877316575,0.029001132270126514,0.0,117
0.012681354791382686,0.013848769513245682,0.003933521275492737,0.02291063555324499,0.02201018096668267,0.010247026854410854,0.001363789223814003,0.0006919346586881565,0.0015508749293989938,0.009920286200529205,0.0017607054398451893,0.009936562530564075,0.0201330735672117,0.029134085502241055,0.0,119
0.013347384028305563,0.012239682200494524,0.0038998766400742467,0.023496977234626737,0.020529619242335678,0.008168261671775534,0.0005522175531802205,0.000648998908414228,0.0008210738272942212,0.0018367853492016473,0.0012195992460115601,0.0019252835888168285,0.019703132227485317,0.028642616843913504,0.0,118
0.01599650766753634,0.009127761179136109,0.003611568380622466,0.02893971670896603,0.018286814553699793,0.009375993762128276,0.0015389489243398987,0.00047733846544463786,0.0019014648960707626,0.01025175844723969,0.001237067815674009,0.010396120200700576,0.020381641896770157,0.029112019859674505,0.0,116
0.005290059317281779,0.006851184967817833,0.0016104796143638714,0.008678723162857498,0.009882175414152143,0.0034017458160549435,0.07657219644091413,0.0009568567375541871,0.0042272179274156505,6.269469380038372,0.00227948989742055,0.014339177374384504,0.00951608512386384,0.01127273461133057,0.0,86
0.011563845538959096,0.014292191572062045,0.004478255799895099,0.01955816472823968,0.028854763513336962,0.009811291817987303,0.0011415004140522635,0.00016852923841802162,0.001459311484965296,0.004184799476909973,0.001772317203391438,0.003981323199890419,0.02094161412471174,0.02915239995447579,0.0,118
0.009650345437982995,0.01420099662112439,0.004358929662453606,0.022809189313921452,0.026362309721429694,0.010378954411045749,0.0007995779152741191,0.00046187401699844364,0.000820540304695581,0.0021152002372970546,0.0012467628358555638,0.002206955343168282,0.019880153524682184,0.0288128544342425,0.0,118
0.009649105949515471,0.004920970348135248,0.0026800335557344555,0.012144070569468812,0.012133638915170115,0.008188642723629819,0.0017329858986803654,0.0009325620437902624,0.001959085951308559,0.008982836864675825,0.0017917797135995617,0.009068709489472138,0.011640250936200061,0.016613641136666184,0.0,118
0.007113871747293526,0.01839374739660103,0.003068405650202081,0.010258285893342767,0.02705639254452083,0.006492142494996467,0.0013421069444530113,0.0007076141890806359,0.0011380506387902566,0.004181742881991024,0.0016826821980541196,0.0036220278483721224,0.020358697126330455,0.02893440283050224,0.0,118
0.013497737251050258,0.003561185155057313,0.004419408853064372,0.02215165188909378,0.007479531858191224,0.009864424738499206,0.0010735558847630865,0.000560353400849556,0.0011926736592418755,0.0024244274521680875,0.0013509877338376275,0.0026205581044874693,0.014997016359243788,0.02463330962654961,0.0,117
0.011407702598418596,0.01923883623720128,0.0037840025499854034,0.0218031237572483,0.028998040680857012,0.009514675468429878,0.0004464984223433235,0.00031147598462986296,0.0006500555612564205,0.000952853437731882,0.0009714198062712454,0.0009252121029590388,0.02590469540989899,0.02915838948867828,0.0,117
0.015355108775368697,0.008713359062323787,0.006044890298450653,0.021196252280713368,0.01634640593067352,0.010400739194427966,0.00120899322241417,0.0004416840088450716,0.0009754709739334079,0.0021546756973256365,0.0008994257446568871,0.0023020103238957645,0.019307722768547746,0.025568720207234028,0.0,118
0.01155520543537461,0.012620487210358172,0.004830141421801202,0.024425272496107,0.024156536665354,0.009644128691377207,0.0017165066181118959,0.0006330417927930546,0.0017743894896527826,0.009110498809001388,0.001218904441344426,0.009145494747261118,0.019047034432737486,0.027882118941932373,0.0,113
0.013839939166549768,0.015728021964104163,0.005942200882389085,0.02444233631153954,0.024218969393324075,0.010286397607867228,0.001069269143654922,0.00039971348803122134,0.0011588857693408993,0.0020126006962797316,0.0008703100512487127,0.0017114528992372424,0.023742153344228887,0.027897613060314987,0.0,118
0.014157334173672334,0.013100007024266698,0.0013953242514806532,0.020953835722005515,0.01948398165455767,0.0042739504361534175,0.0027616046160177984,0.00037521686593135266,0.05577801053692231,0.01315144928242562,0.002260753084258882,6.279815829636329,0.019644416869070654,0.028552711907464546,0.0,118
0.015411390514863774,0.016823350103319618,0.003917894267401415,0.02504603951447948,0.025929768981808488,0.007755837263409837,0.0009367418447365658,0.00021724938301827699,0.0004008777921909822,0.0013170001722198066,0.0004772132108187277,0.0008681076919274666,0.025896228391499503,0.026550102034503184,0.0,117
0.010603538290811343,0.011502730496646163,0.006516977697676044,0.01964150115569152,0.025542603390006413,0.009691932160689143,0.0009669244799116774,0.0008784883921563434,0.0010396741786470173,0.003672077094032389,0.0018048831546966237,0.0037969124856407355,0.018571376268877126,0.02827231187784316,0.0,117
0.008569638899297053,0.01201317126739449,0.00407844986498827,0.014211456116510146,0.023624865054547473,0.009694062657697844,0.0028651127530769107,0.0004300736412203927,0.0031432813222652435,0.02536982630455209,0.0022336232350084195,0.02586295380339232,0.0167228791401531,0.026922395801957558,0.0,118
0.014973326820755356,0.012926751311152998,0.006399379868802761,0.02284954112823385,0.021922027559304613,0.009774714955578467,0.0007981943297601835,0.0005059294595942874,0.0007126368100941926,0.0014763799470005612,0.0009712303996595312,0.0010935216182022534,0.023087406989650328,0.02315946724847925,0.0,117
0.003032327554577393,0.01880825793237738,0.003842385719733925,0.009178001309087067,0.029088353193201494,0.009946390071413624,0.0007875050197944305,0.0006423259835155982,0.0008533363319072104,0.0063075247904536,0.0016125989305688093,0.004841619106596751,0.019811459741440635,0.029105272853666785,0.0,118
0.0055792683952108875,0.014311791255209049,0.003916948977904907,0.012544945230208632,0.026553492495695274,0.007486221730925502,0.0006474375404992219,0.0008688522066693826,0.0013580810817963376,0.0032260738946878753,0.0015080431789229196,0.0033216713579014012,0.01621519670992211,0.027847377745998422,0.0,117
0.005604291669850937,0.021744610211691037,0.006510114146849343,0.00896591390417828,0.028139250553745943,0.009914341804424465,0.0005535593017898155,0.0002765073803631793,0.000983009629340213,0.0010441728259302785,0.0008420539324128368,0.001665276452173181,0.02390570575796324,0.028625818744484298,0.0,118
0.009867794785874202,0.01321676454834835,0.0057619894861534425,0.0184169537167872,0.02160826375852875,0.008460061832019639,0.0012597717695437447,0.0006616097395022379,0.0009241667219801721,0.0024161391346230743,0.0014340578918051738,0.0014835991170945029,0.019297460366097502,0.02264218732618557,0.0,117
0.0057931813287046136,0.012263763896306873,0.005144381331135076,0.015625228259975647,0.022238148618858422,0.00997898873304022,0.0014979517402557642,0.0008461239814174422,0.0016129301665477587,0.011861008095338521,0.001756724310893798,0.010672166086659773,0.016028460442323093,0.02265705813267049,0.0,118
0.012463082245366373,0.006991664091899889,0.003784813156747045,0.025580819242811803,0.010520632580728877,0.0078077066542332485,0.0008147545580667477,0.000647906497665971,0.0007035796568645423,0.001426135340332202,0.0014767685448905665,0.0014404628027054889,0.01704492971961404,0.026489018029136738,0.0,118
0.02406560337972456,0.004639237061220341,0.005773841462663233,0.025953223168733247,0.015796881785901773,0.009305629519232361,0.000726534916800834,0.0005172613552758226,0.0004799774139707404,0.0014961840413489913,0.0007708004967359461,0.0009588550413210939,0.02567444316353106,0.027748925071366677,0.0,117
0.015620814698639865,0.008375975972087314,0.0034554462809297947,0.026825232474483457,0.021516947046149745,0.00977538052514404,0.0011441031893219778,0.0006026699389292567,0.0013796700963028597,0.0027914713614078934,0.0017942537546562498,0.003435325746858009,0.01929218766613984,0.02911838566538796,0.0,108
0.014140018122482521,0.009575121671879913,0.003158483786272529,0.02589368630744951,0.0261407221978516,0.008430599809894385,0.0008908400829894647,0.0005729214482921336,0.0009656924262721255,0.006173918507052623,0.0016207662223444164,0.006222145470005547,0.01881871710428283,0.028974818491613288,0.0,118
0.013929851882808247,0.013852625601998276,0.005409938388270217,0.028773747912190367,0.025121496146796957,0.01040919998728368,0.0010109359364973206,0.0004635026713619511,0.0011400716128942886,0.0029673419097921983,0.001126705479974884,0.0028175390490927654,0.022797988239901618,0.02911158460749371,0.0,118
0.0072211228629259225,0.007095077133274814,0.002580796877147422,0.01277111533896217,0.014938362580203236,0.006736373780585975,0.0006827064732215591,0.0008234273090030368,0.0012971106339553905,0.0014156163386369602,0.0018640927029286436,0.0028340452150104056,0.011685512848710104,0.018208592746196087,0.0,118
0.01769875282251162,0.005563360931885667,0.004434337636954239,0.02891443451577025,0.011901595460749093,0.009447250200976531,0.0023784566537150254,0.0006249068027825564,0.002306905154007818,0.02935729152252886,0.0019225563961859926,0.029419356768341176,0.01982769425616623,0.02893751928356979,0.0,118
0.008011728797165244,0.016385866897377643,0.0044148371264623384,0.013499375245978329,0.029007471850362065,0.010129507439648244,0.0012700166124530198,0.0003842844684204665,0.0015353144964464739,0.003588234892769604,0.0016645219065920536,0.003477250801331537,0.019973230808304016,0.02904233604835948,0.0,119
0.016264575189017066,0.0031976258396680998,0.004190439648797805,0.025873782267723924,0.009665590734108942,0.009390501602347542,0.0022001290619534154,0.0005013023701321981,0.002013849888652106,0.009436906958853797,0.002001674127271036,0.009549486100882909,0.017516330938100087,0.02742397171019579,0.0,119
0.01461203031724673,0.010710886207514337,0.006745685777784927,0.021869532634505195,0.019995103887328045,0.010162987658866252,0.0005922641255768686,0.0005498892903495002,0.0009241275382037001,0.0010143817220704676,0.0010116605998963246,0.002710443863439771,0.020764392964886788,0.02340381803635471,0.0,108
0.010642385961500089,0.004727328376160723,0.0025467790431634462,0.017568169344134174,0.008444042388954494,0.003519745088131576,0.0001554279389383758,0.0008108570310321124,0.0005659342947461903,0.00022159788789477552,0.0013192960063218018,0.0007874657438322608,0.01284578360624899,0.0183578060962245,0.0,118
0.010612377135902124,0.013868578309769683,0.003953618099395379,0.02413131578835942,0.027558733381255807,0.007809864991457249,0.0014172758166894064,0.0006441591521870242,0.0012664814095785816,0.004992088372914871,0.0018295293907741872,0.00513763675408474,0.019949997779061972,0.02903058553532854,0.0,118
0.005722154020645361,0.007054432568953494,0.0018283864165159665,0.010350961620541069,0.012679287986605003,0.004904349673096164,0.0019422992778055125,0.0008664359562920486,0.0024427431482646534,0.012506292738616365,0.0018686688230822313,0.012518974661490559,0.010234417088334561,0.013232717248501476,0.0,118
0.009976489547387671,0.009883454239155239,0.005786226328490204,0.027808732854053497,0.02141922529315822,0.009216808115636466,0.0013692222643575053,0.0008986501941741549,0.0011941306539949626,0.0062328775242934675,0.0018897717436570094,0.006182124272705369,0.01680482494891916,0.028070339308219134,0.0,118
0.013973638892891573,0.010419787968951617,0.004325139179337555,0.02845484438003698,0.02082960153140495,0.010224758653665997,0.0013583908173682305,0.0007972238597201157,0.0010149884761276378,0.005426374903201081,0.0016041637816401888,0.005473308568097579,0.020398755405904558,0.028766799227986757,0.0,118
0.009192025185095733,0.02481165316767047,0.0032281869866054554,0.018436463038892903,0.027901144990198606,0.005915363233171822,0.0007570222545731241,0.00017367483029378985,0.0008396228277797954,0.0014689854261198398,0.0004233293336285415,0.0016694009741435867,0.027822544334090697,0.027982072418087346,0.0,119
0.012228345732331539,0.009856757344499737,0.005003616585503497,0.028475719433373514,0.027452160161567984,0.009138242812725628,0.0012282732513756802,0.0006438137261989826,0.0012159209693428407,0.011127107010895365,0.001681908888096495,0.011271090359095126,0.019806986781220726,0.028664297232417403,0.0,118
0.006593707610086063,0.006545248696677929,0.0031354876395507654,0.010054269559573559,0.010513483703369665,0.005291695350555584,0.0015675645144801569,0.0008294621006189404,0.002011951635575557,0.005884579274238355,0.0016538039373756863,0.00559503863233235,0.01083044316889394,0.01115523072581063,0.0,119
0.006853480686472168,0.008058186152115386,0.003998478156496791,0.012129402379850551,0.014404551108913366,0.008242827270715014,0.0021339973421538464,0.0006936829019546485,0.0023756508550618963,0.07404665717977332,0.0010220549425055125,0.07405044944686279,0.012338779897399963,0.015543977257930197,0.0,118
0.00909399360471201,0.01214133988655099,0.005744670167171416,0.024496290917587094,0.025621352869304045,0.009068984738495378,0.0007751149968771615,0.0008017821170085174,0.0008876121317514345,0.004857268719539398,0.0013309194914468137,0.004918606083413657,0.017864231682019373,0.028653298258218475,0.0,118
0.015225023808174133,0.014855940416735332,0.006874101601283033,0.02820441229500739,0.022289793420666476,0.00990758093918831,0.0005116673308750475,0.0005106794877476692,0.0008207664321456425,0.0008401327222343768,0.0009068121614320274,0.0011111479725429696,0.02581546764730986,0.028395478432523432,0.0,81
0.006531748800222142,0.016552508904048,0.006702153132542803,0.012399302593318562,0.018986696621543758,0.01023919357735912,0.0009904098466395296,0.0007981904469339715,0.0012438984371699064,0.012745456576887637,0.0009074688755961735,0.01276970407463729,0.019590304045578447,0.021943366778704315,0.0,118
0.015482896074215406,0.014862260754418967,0.0049155449724925205,0.028884684592881738,0.026327854282510832,0.009632873765425376,0.0011863085172252842,0.0003529293175279423,0.001248762864935495,0.005856630916907468,0.0008268050007815275,0.005720646807171548,0.024668348422149197,0.02893982478356729,0.0,118
0.01111424326511123,0.013382718727551082,0.0031697176459928368,0.024942228533676558,0.024488540612414345,0.008949106706019117,0.000581022845827111,0.0005870611455800136,0.0008513595534873735,0.003289970115726071,0.0011719204040796516,0.0033454966157135946,0.020300917710481012,0.02867499570608891,0.0,119
0.011707265837688425,0.012545418474578303,0.006060134540724836,0.02040261326438511,0.020109157445305677,0.010017360480435583,0.0007550794396254688,0.000494579118139623,0.0009724438466946254,0.0019324060139176424,0.0011756222471519806,0.002054927024152109,0.020412795591476938,0.020618515558013983,0.0,119
0.015373259554478278,0.00977791025188005,0.0020955847073186127,0.02709319836549695,0.021266344024522904,0.005493489152794774,0.001402346800423073,0.0003134538998780702,0.0016500273127333777,0.0024607120282027495,0.0008162206380724069,0.002955217329357218,0.01956768350937962,0.02844159850826311,0.0,119
0.008166050909408626,0.009852840383304308,0.0035750086721343852,0.014039402414538656,0.01990919615471262,0.009561835854438705,0.001484565298178322,0.0007278045660442944,0.0015477526863856338,0.0077185700319005734,0.0017574923372369877,0.006168033950829432,0.014090713280021374,0.022121617876404143,0.0,117
0.01384851782060796,0.021775056083209864,0.0033190256842519465,0.024839223995320237,0.028873872990399813,0.007101086656471772,0.0007094166262052306,0.0002847389103903327,0.000735084945342801,0.0013397517987359109,0.0008644437438140029,0.0015503182084846134,0.02789687409370269,0.028932322311780157,0.0,118
0.014259669814613284,0.020110914470887607,0.0032697233984826882,0.02741646378936599,0.028694917739587156,0.009307093283977524,0.000617522276873014,0.00021179875614530243,0.000816906998331223,0.0015845079338769885,0.0007068298317486343,0.0011775278331520589,0.027485277640511847,0.028770498519199807,0.0,118
0.011309389054052325,0.004784652154383202,0.0044210792918670345,0.016889597098284803,0.012543356635274588,0.008933674803484393,0.001660532120688892,0.00034108336284058695,0.0017950252194216382,0.0033040439537057598,0.0013491241018904754,0.0030672069764614562,0.01380015582838608,0.017167847921537267,0.0,118
0.006045637011142381,0.010353833479466635,0.0039540673980849525,0.013855821450225875,0.019735037493107316,0.00971577512882249,0.0012362559298330666,0.000779934998100844,0.0012563971716081706,0.004997820589531354,0.0018968865246402622,0.00430846549135766,0.013816790270307671,0.021521992533574678,0.0,118
0.02089840680183776,0.006279828027515012,0.006015938417615681,0.024646248319881464,0.011177907963889483,0.010390979295309688,0.000818184802504577,0.00048452718156681606,0.0007378037296008655,0.0018102898443584925,0.0007686849640103355,0.0012728527018855962,0.023088078281799384,0.026809509584487336,0.0,118
0.018513612470868124,0.004030218402208746,0.0044422777281295095,0.02918975791671316,0.01101617930445603,0.010455190997937736,0.002124270817949502,0.000603810197375501,0.0023093066678354004,0.017968062230795778,0.0016615588507837842,0.01797766236619225,0.020107565871421693,0.02922155222430748,0.0,119
0.013137952308586548,0.01690990587756624,0.005282575529032492,0.022093615157820767,0.025858908079737092,0.009533228347008538,0.0007551049439751022,0.00019218144799923386,0.0007469733352987817,0.0014314195433171584,0.00046951458471011787,0.0009331491689706373,0.024397801862220743,0.026596064036627218,0.0,118
0.01235335319458721,0.008936720885169279,0.003721422772623328,0.02645977015997067,0.012885879209052209,0.009605400420621524,0.0009701911695761137,0.0005011545895811196,0.0009152297179973926,0.0021938953780429316,0.0012671962433855044,0.0022206213593457882,0.017779389662531182,0.028486936048904215,0.0,114
0.00560048327531768,0.008330364854213842,0.002996780156260322,0.00998708640356244,0.011423281086990145,0.005746460022660077,0.0015543939796173773,0.0007637241582272217,0.001951702786837179,0.03946300690763982,0.0013183786135591014,0.03947101257779306,0.011266827535277192,0.01246234840326617,0.0,119
0.0058080479550113966,0.0066168956042923464,0.001745218436077382,0.013432397225549432,0.010284114891598507,0.0038906803633155657,0.0010349372309771585,0.0009281624407263486,0.0016629436901425105,0.013158486496230637,0.0018323374186255403,0.013182984138158271,0.010016642982247229,0.01365951887137512,0.0,118
0.013724689348676647,0.007969679071165109,0.006746192858424993,0.01977058116713415,0.018913775801344623,0.010463641551583192,0.0009305583884015344,0.0004655719847563717,0.0011056593471397856,0.0029566644962109034,0.0014875867767573103,0.0020546627267230555,0.018502092684043462,0.021916183568587513,0.0,118
0.011895792600653486,0.008063351918179414,0.004050595689799862,0.02695792990132101,0.014628596012688677,0.01016854710753877,0.001153169028013987,0.0007695850214973542,0.0016006845725056772,0.01599717481715368,0.0018504125861386056,0.016016439164868612,0.016155111041780832,0.02782520246456947,0.0,118
0.010294187394046634,0.007565568022045413,0.004300548994017921,0.019911371272881978,0.012856813205659762,0.009935915549355856,0.0006466409708753237,0.0008439697822109748,0.00101903470239079,0.002041582502260386,0.0016724042148147378,0.0023898567254747594,0.01445656492302315,0.023366107191484946,0.0,118
0.008402758362317615,0.015351656270533871,0.003918742831307721,0.017271308179344292,0.028716092160344542,0.010321407817303844,0.00125405801296167,0.00028381681519626807,0.0015649583063525633,0.0037101688541332223,0.0010380981152779967,0.00377567310263649,0.019836188939588287,0.02875003384167187,0.0,118
0.008578251226955562,0.01636814897295448,0.005849305383274529,0.01134147259796256,0.026627504120467882,0.010302286989852097,0.0006818784185727312,0.0007140383324842698,0.0007154082668300623,0.0014864207911935434,0.001566405912381219,0.0016160458333701055,0.019767191862601667,0.028673865461980037,0.0,118
0.014009933380401768,0.01075450919270861,0.0036651164763094658,0.027173034493953807,0.026213249215190373,0.008361283322254366,0.0006119750922716508,0.0005048676162461361,0.0010898509189485675,0.002229155365268465,0.0016459391034214788,0.002331759923218879,0.02025450416452719,0.028870390113667366,0.0,118
0.01778359534522557,0.014746172018915687,0.004656667903944649,0.025630152222337443,0.026910881638915973,0.008544526165356336,0.0004806912839673743,0.0003677353360488603,0.0007765560690260827,0.0011711601896906565,0.0008917673034654072,0.0014050753080780964,0.026224257671451617,0.027298778004289044,0.0,118
0.010345824238030961,0.0079611552001508,0.005357915438916186,0.0202143687676503,0.0176480163034064,0.009127292039702695,0.0008452376620271711,0.0008856165758539132,0.0009652730342348177,0.013693354593348417,0.001206546688072463,0.013714814276843984,0.01518523061692374,0.024885800878693697,0.0,118
0.02088351817793989,0.014689343586472009,0.0032889162814044985,0.02644006484964198,0.027064471134694845,0.008443110903961049,0.0006644957605403994,0.0003878309565643603,0.0008122742330610834,0.0014712508861824958,0.0008328598738196469,0.001543049299211674,0.02808640174022785,0.02871595371492345,0.0,118
0.017060315032987997,0.014468596773207217,0.0022195815068047743,0.02598079465586159,0.02892470291494062,0.005907736086240178,0.0009676166492559424,0.0001420722283643118,0.0009093415793735149,0.0022082504253080337,0.0008649938812879121,0.0038264475913991625,0.02501998920825296,0.02913714715767062,0.0,117
0.004171988364767558,0.017478958154685625,0.005498411829740459,0.015060840424822863,0.02907406656502115,0.009663284618974088,0.0006508538453603036,0.0006678401724430275,0.0011114426688171902,0.0009888233836448101,0.0015525872109733996,0.00201762853266918,0.020066227684757135,0.02913927832067277,0.0,118
0.012125026000410757,0.014792354202712311,0.003909021937192284,0.01907704595496018,0.021961094967946418,0.009988296790734263,0.0012106991418729025,0.0004379238751056533,0.0013896416880201479,0.005849767598758326,0.001156858110846093,0.005873580489892616,0.020422650860415364,0.02900841625343396,0.0,118
0.016292335781086922,0.009054549028184347,0.004968443403201115,0.026302695255813975,0.02365709866852861,0.010185758318374295,0.0007329150015681135,0.0006633901643614108,0.0009975168857782408,0.0024355746458293304,0.0014524027084054092,0.002514268077034032,0.01990743956247193,0.02884748096354653,0.0,118
0.014418807409912271,0.013781754451325267,0.004587164439918229,0.02886557596809758,0.02117732093123507,0.010011905225384976,0.0012951758056546762,0.0006159449605215517,0.0009411985489026478,0.007994967299197242,0.0012353476767785754,0.00816349843976516,0.023171154334467703,0.029026305758032122,0.0,80
0.015562664095233401,0.010635083934820376,0.0035410966036186933,0.028873232936134613,0.015809082857324644,0.007926711013337806,0.0010777142088825558,0.0007636610391044163,0.0008394207394704833,0.006139055233270518,0.0017564914452679048,0.006242156142765465,0.020223329232266343,0.029004194255680134,0.0,118
0.011671361393964274,0.013205822436593032,0.0023149017455602627,0.02508216787898382,0.028498667862470545,0.004552916284696479,0.00167951839319217,0.0003540537888955022,0.0017858830984951177,0.00806282876636355,0.002202240046570214,0.008131607912648331,0.01964468699854822,0.028801767020313836,0.0,118
0.011521626459942376,0.019860688734740607,0.004376720092270267,0.02659605833391751,0.028670950881083734,0.009847744498813205,0.0006649343450217369,0.00037687584291364344,0.0007336508939494554,0.002103651759476577,0.0010013566666026708,0.0011670724908343644,0.025762043428367635,0.028792350318942193,0.0,118
0.015386268669811607,0.00914172470055517,0.005015888712361875,0.027566632198815832,0.016712858162130445,0.01027048544343731,0.0009566477867508504,0.00034935513783147516,0.00106354251792746,0.002722937329090347,0.0011099502442968312,0.0029687478680140433,0.02080498417112596,0.02876367300306448,0.0,118
0.0031468046880923552,0.021443036985458137,0.005592519137064109,0.012359042803611775,0.0252465507283009,0.009810144670880955,0.0011075961146159027,0.00032061446433403687,0.0008494636018526131,0.0015859592150954116,0.0005817899487174927,0.0017725855639803,0.022802225852837196,0.026331932742297816,0.0,118
0.012185325506718017,0.011605330484517982,0.004166753683614383,0.027418780176431123,0.02398362821336336,0.008891610718243625,0.0021100810200448948,0.0006084171820219808,0.0020892082019516667,0.022674125876243956,0.0019136054273287684,0.022682086994759487,0.01925978718512545,0.028427581724309075,0.0,118
0.008080275448720576,0.010244527725577275,0.0047043171939741505,0.0157605113780315,0.02000244691745509,0.009661490583243837,0.0012998035630727115,0.0006342019056150583,0.0011838043172492767,0.008294214259433552,0.0013581644328842513,0.008312642760409744,0.015582789909125374,0.02283893007135738,0.0,117
0.010811414779661596,0.008155740393586722,0.005493941317810077,0.016136092246754108,0.014755588976975959,0.009012570842346135,0.001160697787630872,0.0006367704022214177,0.001273094345727888,0.003929744569311833,0.0016364936526857,0.0030112473454839694,0.016496881999385933,0.017500313938586656,0.0,117
0.01084245314469922,0.009625001875079637,0.004580552526002875,0.027357771563660815,0.019448068516527472,0.01029681676029269,0.0012861910693249318,0.0007586457784968594,0.0013856472826826182,0.011606265811093586,0.001495832859495394,0.011629121348487592,0.01775732301496703,0.028117364915014854,0.0,111
0.01652666453842584,0.014550893830824958,0.003381848608834242,0.02752594100870659,0.022937466596419154,0.005210472703316066,0.0004961551241468698,0.0003474784582684312,0.0008793953253271036,0.001297470235815057,0.0008140998887216089,0.0014583048883554106,0.025571995065980794,0.028122842348944754,0.0,118
0.01058970201760686,0.013808286033991504,0.005349487425887288,0.0282790501812219,0.02504119445526115,0.009740391939719546,0.0010685264419991217,0.0006795561025884734,0.0013814567543837177,0.025420923314070698,0.0016425299642608415,0.025426769346975853,0.020374427039163475,0.02878909880544568,0.0,118
0.018774204811678113,0.0023537780318401277,0.004231171501456852,0.028465084717170575,0.006541273774977874,0.009540533325967493,0.001842498365409972,0.0006062787528059401,0.0020580439154632775,0.020950636857784755,0.0019305802027886898,0.02095783874781576,0.019760556110638754,0.028552768252260267,0.0,118
0.015292755468028836,0.014267703276502687,0.004794654776921846,0.02711936021861916,0.024550827275154903,0.010298878915729526,0.0013898388257791061,0.0004738733272978982,0.001306303445144466,0.00934473105335698,0.0010016138222384424,0.0085875102571773,0.02436115525866204,0.02883961084489364,0.0,118
0.008136099990851695,0.01031782151691081,0.004266345128337853,0.018101138213590384,0.022380272586297517,0.009212546190470072,0.001538014370930192,0.0007026143690497986,0.001931686072983812,0.005649725728937405,0.002070149058575277,0.00670268758994208,0.015568483161900248,0.026069895319804953,0.0,117
0.01524831815421101,0.013271071052270149,0.006361914213624122,0.028489095740098308,0.02570091632335375,0.009502015946417725,0.0008143174700294108,0.0005553911723234885,0.0009673334116547771,0.003032300141914357,0.0011735173464778592,0.00297150535709112,0.02368371064091507,0.02867665148604925,0.0,118
0.008001809759973612,0.005430265954580212,0.002260151659010589,0.011310918139057005,0.009944806023801,0.0046673008291064355,0.0016034957079433406,0.0008472600337622881,0.0019888659208303476,0.003950673566699869,0.0017712117850381404,0.003995502595850908,0.010245919710166751,0.012843680297532691,0.0,109
0.01907893501661505,0.0038275381239962106,0.0041015048768356975,0.02833595654318577,0.0054561345756064805,0.009347631040322074,0.0012135480321689798,0.0007729949124892079,0.0014517947925185661,0.007854698038700647,0.0018372885615742796,0.00786947171471164,0.020413569981067158,0.02877454850784591,0.0,117
0.0192625707696406,0.016998870273116827,0.002031875535162495,0.028650873824532658,0.02842801277382037,0.004151916097218877,0.001328331543422003,0.000243208532215422,0.0016344267949144119,0.016495671859930727,0.0007959033480831046,0.015890197388805483,0.028465509071469084,0.028867411592407993,0.0,118
0.010488764050055896,0.011098436452297864,0.003947191192217399,0.019947616342436303,0.026569708489000254,0.009295417902346587,0.0007663948945001957,0.00043256993621753085,0.001269750232418,0.0014128466579615695,0.0015127385489365208,0.002566292116632729,0.0173715057268057,0.028284592525682314,0.0,117
0.021511246014176855,0.0045089647643873285,0.005804725427905377,0.02662643228911518,0.011784981243402576,0.009866015139259499,0.0008025937542015245,0.00035913514943694666,0.0009257338337341311,0.0012918048749375188,0.0007388149309277559,0.0014388277857193543,0.02332570756055165,0.02717322199521674,0.0,118
0.00909895065128982,0.005926464364861773,0.0034544934706876697,0.013162982782938232,0.018102698834947306,0.009072491034255864,0.0021542533928140192,0.0006930200427556332,0.0025937683302407755,0.04077641874810545,0.001690077196681239,0.040761963443234794,0.012319316195435798,0.020517318701979526,0.0,118
0.010184416393240905,0.0125193572647383,0.001509513317661112,0.018952395743671108,0.02609774803781023,0.0031457270141495575,0.0010527916043687753,0.00042930759347301485,0.0014097758955593923,0.010187900778573233,0.0010272868990219841,0.010220437846725883,0.017839161623260515,0.027759026155713965,0.0,118
0.014152768473885273,0.013812657810144471,0.0028307737989428476,0.021157537026895823,0.025005549150327107,0.007509811421759605,0.0007045411939749464,0.0005260071606919144,0.0010399621710785113,0.003111865651036272,0.0014529067192510237,0.0031834222463179573,0.020894219854629043,0.028884565105943425,0.0,118
0.012599443692995321,0.011151810967006931,0.004123134800338661,0.025596100097940666,0.028670364142493576,0.009260493712779538,0.0012766600626890707,0.00038348509314310665,0.0013259632591573617,0.005116352413007785,0.0012298142552564784,0.005168730291430168,0.01988326873321688,0.02881181156978559,0.0,118
0.011664773401813728,0.012943379386524182,0.0050013464433008,0.0202051279103187,0.02764928479664827,0.0102367829881376,0.0010373643994397244,0.0004999325536037941,0.0009254304892677988,0.0034249830968491324,0.0013725251645750336,0.0034970375051477376,0.020112991900014112,0.028503019108287377,0.0,118
0.013151442015094448,0.01150658796489293,0.0039374936513786995,0.02503700898087957,0.027880970945704464,0.010055204002034135,0.0010431970491632022,0.00043444286894663426,0.0011848074994200914,0.001911164582326652,0.0011906376285010234,0.0023380537505170995,0.019775141549407998,0.028898162433199523,0.0,119
0.007806550608891967,0.013881989698361852,0.009227888064525772,0.01797012746407803,0.016967337543647987,0.009714891548584362,0.0008594554327709103,0.0007707619210818078,0.0008628769730780134,0.0013668527682657583,0.0010236800724839346,0.001610087312006403,0.01903958805967213,0.023082323461028113,0.0,118
0.017309911504198066,0.016084342421637702,0.004413251695284039,0.02853016645178799,0.02773619965792054,0.007533582119226986,0.0007661874321873296,0.0004053941021012074,0.0010773276223409968,0.008817847681920954,0.0009048807993050634,0.008828602336268254,0.026923358990087975,0.028639282359791445,0.0,117
0.005553280000929806,0.008551006626283431,0.004220059634834455,0.011399917041726701,0.01589731790976201,0.008246239370008845,0.0015645929597302263,0.0008488309765740395,0.0020100529589732684,0.003429045887248572,0.0021091836323663404,0.004121089110483922,0.012351941361465208,0.017468326701744377,0.0,118
0.017484454220590622,0.008306960171454346,0.002100578278111337,0.02882579245492914,0.018881659190944255,0.006186390977600986,0.0010868797645245793,0.00035095669477122534,0.0014587426269374946,0.009356883007375583,0.0008720815632197176,0.00937560683329719,0.020171391450342104,0.029227774347383995,0.0,118
0.011274249115500717,0.012863064368917617,0.004892063628995482,0.028711896784363283,0.025621522768004,0.010030254601928287,0.002542503760831638,0.0007243189761843622,0.002791751185274501,0.010911465062874437,0.001702547197531823,0.010965112470561422,0.019653498258466257,0.028802394353948147,0.0,118
0.01107270929611456,0.012679721924700122,0.0032848295944634233,0.0229092974579609,0.028235205621800152,0.00759129168985323,0.001096079681668224,0.0006763191287248193,0.0017007043720937752,0.004509474149966997,0.0016765441483282961,0.006098956004870537,0.01880902840713731,0.02904443934233899,0.0,118
0.008478262745066953,0.00673801394506218,0.004042264292975144,0.017235218102627695,0.011578560794626824,0.009900457067307713,0.004953562611787282,0.0007653306181526503,0.005026092039907242,0.1560188008839345,0.0011571349789646565,0.1560199315042894,0.01303539973276382,0.01987677216719158,0.0,117
0.012991363120470464,0.01162481558445155,0.004040783366752455,0.027025150306804302,0.026923441258583203,0.008689256573748194,0.0018955329738385902,0.0002947404184951427,0.0021100945247495757,0.01106894597493463,0.0022022748229733047,0.010916429461938021,0.019752028835396295,0.0285850320999467,0.0,117
0.013145421202535328,0.012112887254321492,0.0035431998654644778,0.023554327738287098,0.02806678557582018,0.0075760491018385945,0.0013126184931952745,0.00033760166777698094,0.0018311809824288587,0.018257987840199164,0.002050166539243614,0.01927342320387071,0.020356542196413092,0.028722036151937254,0.0,118
0.007487214516549619,0.006361997156288086,0.006103663888545634,0.010926244356911856,0.010462921205564149,0.0071686098603466405,0.0010493551341832982,0.0011432355616652122,0.000988692778052259,0.002212557099883883,0.0016841374589411373,0.0022969170925168925,0.012401980578191368,0.013789987513660814,0.0,111
0.006919939290252426,0.006795479194737951,0.0030104754071208994,0.010934331737686376,0.009878255236662612,0.007276776333906609,0.0017166687601084007,0.0009366812891653722,0.001993000893121188,0.00725806681090746,0.00188998283286268,0.007297421745515731,0.0107724922245274,0.013889313702316764,0.0,118
0.01333135032383948,0.017984777393294016,0.0050413008976201565,0.0235076476882808,0.025609400673700378,0.01007783065224548,0.0005202817316503585,0.0004957906117398658,0.0006215949813671732,0.0008991360709179608,0.0011158100121191894,0.0009149537047195011,0.025045528625138022,0.028719511936492175,0.0,117
0.0047078521349331525,0.007741972984586466,0.0024118734071656824,0.008663484554027032,0.011433513103241533,0.00605021948952239,0.001840338061902287,0.0009176143770272344,0.002528422010562579,0.00890764550089812,0.0015393798325146757,0.00996058441809744,0.01021667778725155,0.013360284318741105,0.0,92
0.006495693364402757,0.005618727462368578,0.003089854088675594,0.009999416881751523,0.011434186966387365,0.005690184427696143,0.0013894231060155213,0.0009781455628112708,0.001773468370254158,0.006547670153474794,0.001630692053079974,0.0065778393243153405,0.010227858697997921,0.013350647870647091,0.0,92
0.008994160646426148,0.013651925713241066,0.0031220969603195504,0.020158286785896554,0.02857407785567151,0.006815381666122056,0.0016309420199773677,0.0005028983749654294,0.0015750935313001645,0.024145832511885956,0.0014453999469270506,0.024152122211470006,0.01999106066093862,0.028862236593258726,0.0,118
0.009737256992739283,0.00988812458392005,0.005875549883250883,0.018873399748288,0.015644327958021773,0.009836473642833743,0.0019294262401444153,0.001098398766509187,0.00155334148105613,0.009777319237027626,0.001728772414572921,0.008591193810022268,0.017302842158377022,0.01991270342827336,0.0,118
0.008122522237516385,0.004620603824848505,0.0015455152364726198,0.010060646449631866,0.009691558800492099,0.004897156176594475,0.001410234457486524,0.00045274167303936913,0.0017470678442714997,0.015435846110870788,0.0010789976143279478,0.015442616314872648,0.010013565930059108,0.012627043725816488,0.0,118
0.005880894119377617,0.010147423131754735,0.003824795301824099,0.010121706472480022,0.011471098654437031,0.006472139565378149,0.0012214178311180342,0.001118255901157721,0.0017163912490677465,0.007343916998719724,0.0018304784476701474,0.008510997803732545,0.012850868072333203,0.01412221510264395,0.0,118
0.010046987613566238,0.017644811272085833,0.003849665223286849,0.024414150451239514,0.02711752740116255,0.008381325520127644,0.0013344409860109592,0.0006096101027081782,0.0010804534353869078,0.018567187859872547,0.0015648280711126894,0.018584109874016486,0.02269654931753093,0.028561946655043205,0.0,118
0.011517252177315009,0.008684099441242939,0.003906486725702253,0.019867168115133536,0.018331050134030524,0.009378369206096804,0.0012839532742847002,0.0004271445942464811,0.0018315525500967203,0.0026534988852966457,0.0018147050699627298,0.003426892318614483,0.015615303417202036,0.026458768391926638,0.0,116
0.007704643418133193,0.013425085507725086,0.0022333030781373393,0.023888345227594365,0.01877858412589882,0.0041552227448555246,0.0012123899533082536,0.0008596968329184442,0.0012282545391655254,0.002861920353733005,0.0017358788623627053,0.0022949391217714776,0.01682198098837206,0.026919564300140048,0.0,102
0.01102170926530338,0.01327940371686293,0.005116252563490973,0.022480543135168313,0.028545839263027256,0.009127313026596084,0.0006455848933166686,0.000632686102107491,0.0009616184178318386,0.0015710416962217977,0.001332676021676145,0.001723116148200532,0.019671061653557014,0.028632840168198392,0.0,118
0.012590357740727658,0.012154405607174911,0.0040120086593247615,0.026462973907628404,0.02875697494069493,0.008105541456695953,0.0012097314573955877,0.0006952874750792539,0.0013450914686057686,0.009802965969130106,0.0017947632072004005,0.009833652288591566,0.019960246755052223,0.028985130973097514,0.0,118
0.012746934316592436,0.010040012095799125,0.004190958482522091,0.028068146069504418,0.02072604521882046,0.0102150084992233,0.0010296848821988234,0.0005909971090234565,0.0014593980531231313,0.008669004937203725,0.001430331673094254,0.008681570405795647,0.018357478075306174,0.02848203933048927,0.0,117
0.0109894166059296,0.01183018458848151,0.004276023354157876,0.02634177646939026,0.027613011461259968,0.009218350171749268,0.0015992226541008256,0.0005733750557199747,0.001959850546380986,0.006290789591347545,0.0015279742168046173,0.007602676139083053,0.019810485289419495,0.02877279258129951,0.0,117
0.009230725255483954,0.012004767958578879,0.00448936387569361,0.020919447104318867,0.02589180797542162,0.009975531389319836,0.002002429088573241,0.0007536966408513945,0.002051292486111089,0.015126549506935816,0.0021206284431507516,0.01502807263732664,0.01742799177752574,0.027767399577728648,0.0,117
0.014828191755694477,0.00638433355729165,0.003995222772759315,0.02860036829748855,0.01825846578260079,0.00944879087502612,0.0018641770772532184,0.000577402278610443,0.0018184185842832188,0.03721535624620409,0.0012548182218230508,0.03723690830461823,0.01897240319709032,0.0286058046248957,0.0,114
0.014050215543864432,0.012938535319440041,0.009333539112267676,0.02265383863035836,0.021266723436697,0.009593855748294411,0.0005740301177405507,0.0006883038154672289,0.0006357763367679215,0.0007843421085422797,0.0010826747321575625,0.001034654010019398,0.023001076355033793,0.025122344153782936,0.0,117
0.01099692452872517,0.011711716601308366,0.006547834560084165,0.02872987964099491,0.025908312213165058,0.009996869777698147,0.0013164748722115363,0.0007186293457369986,0.0013860341121183545,0.014914686579651892,0.0016476263675961889,0.014907428030501269,0.019684794192101642,0.028733135887662888,0.0,118
0.017910583147635235,0.016422933688441273,0.004955039731311116,0.02864924288424145,0.02815532945324109,0.00892395111772995,0.0006330736246646872,0.00044074939461703945,0.0008554417111689783,0.0022446660009403097,0.0009189606384506499,0.0024323982990428483,0.027404559678600542,0.0288264082810279,0.0,118
0.013720310477772108,0.015218283757928722,0.006459697934759098,0.02400209803093814,0.023819401702345977,0.010026332136797766,0.0007576470467972398,0.00032695172038021817,0.0006992745648866172,0.001505858971867724,0.0007781856508468632,0.0009569703125729134,0.02457330169931893,0.02536249953205099,0.0,117
0.01049151777727434,0.008461500020380222,0.004853971196294248,0.01898765451946869,0.021107165306165965,0.010153399113423528,0.002685745478419114,0.00089228713622514,0.0031630991404819862,0.019815905729807515,0.0022911108270937675,0.019740314077878462,0.015584835460205032,0.025366589550379248,0.0,117
0.013342624280804882,0.012957566378684124,0.0055351638818350165,0.022826443670597885,0.021126411667403186,0.009794615845053846,0.05403501726823126,0.00045240498293616275,0.0010725786106677278,6.282576329631944,0.0011844570802700127,0.0020546204433320447,0.02165093974481076,0.024627107982578524,0.0,118
0.013971661405876147,0.009172353308641122,0.004799281393665026,0.027874780748187222,0.025058017233008656,0.010217915541315889,0.05461180907600192,0.0005652150449369601,0.0014650113193263085,6.282338658530065,0.0013937292448936156,0.0025175310028024978,0.018963831370848717,0.028858664809453448,0.0,117
0.0056198971261408335,0.005324964938221657,0.0011705899420496612,0.009173067134218407,0.00865438006518713,0.003778588317675191,0.0009593240003237213,0.0008092162333531064,0.0011283330338811325,0.015963362814128634,0.00156928244274801,0.015979079500588078,0.00880512651711339,0.00969517457595476,0.0,118
0.007779451251590641,0.016033699235380304,0.0038566570484564583,0.014891320084954064,0.028383311661948962,0.008658360729379477,0.002044099051009021,0.0006565811789386914,0.0018263461724375531,0.014737995700073503,0.00198996258421813,0.01478152964773738,0.019924186881808473,0.028793952090394,0.0,117
0.011981633949248838,0.006443709400529582,0.004891057238104799,0.023961772428717637,0.01518982221035188,0.009978405335740737,0.0008558373971030141,0.0006583118141212675,0.0012588752307470862,0.0028179362791704854,0.0015474196957509095,0.0029126654833531163,0.01644600622686292,0.025462802577727567,0.0,117
0.015850624235351475,0.01705815586930731,0.0055437505644362626,0.023077463806929155,0.028982638906560526,0.009122490520683257,0.0006824218316509049,0.0004370855231497957,0.0005606989170510614,0.001304950753019618,0.0009032705278900766,0.0008960298813310841,0.02627925462772185,0.029001075233576805,0.0,75
0.013646654457657944,0.016506383786693484,0.006582556427854234,0.022857953491912386,0.02391155490326191,0.009836650101648359,0.0006839229710082139,0.00047729041891445006,0.0006402249285818403,0.0013396155795517561,0.0009092038741957964,0.001484243379023642,0.02449162117490772,0.024934962225023668,0.0,117
0.010615465776632063,0.0112704366393019,0.005754900500208293,0.022739545591185628,0.017316731855204326,0.01022794319269335,0.0010851658176522802,0.000588651577640189,0.0011046321550481973,0.0035823911886996296,0.001325904808691214,0.002521995796546328,0.018516188686034524,0.023477737245403626,0.0,118
0.004729672193263822,0.006746861197959848,0.0013981844959279266,0.008690863144077812,0.010071756303820262,0.0038477934759629517,0.0012376828939531998,0.0008135177308475452,0.0019267321830166101,0.005474879470388938,0.0018237071866844534,0.005531422881627307,0.009087197592637658,0.010971522539254114,0.0,117
0.016079921263991884,0.006937753626696669,0.003991886298050153,0.02851581620071922,0.01169065587838488,0.010183404092373782,0.0008542779451641197,0.0007955854914269998,0.001342815977668525,0.00726758787154691,0.0017123193416629379,0.007294513292431581,0.019867556638943483,0.028761391902481264,0.0,119
0.0028457040402661542,0.016219139029635305,0.004281169159645227,0.005068686059329627,0.025890362305676123,0.00888204568763959,0.000784985698398455,0.0007963416345159996,0.0004415271199949219,0.0020080103498618662,0.0013758888147097637,0.0007948867621689892,0.017423175266269714,0.026078102596154007,0.0,71
0.015411688765471096,0.008829034509733238,0.0034886484408486124,0.028685772135403687,0.016493392117436168,0.010183267416262819,0.05425013126405414,0.0008218707663225802,0.0012645352872091588,6.27839592692677,0.001699648667846665,0.009268375243490112,0.020650354684128316,0.02899464367370955,0.0,118
0.01285212720366144,0.010595643386644125,0.004037122258369996,0.026076892574830007,0.02764188942765891,0.009631532670306336,0.0006006345015037053,0.0006007183991310677,0.0007814495036589142,0.001385906683083138,0.0015251422751404453,0.0011854009928062847,0.019091041954309315,0.02858486752991193,0.0,118
0.015391351413782861,0.01434150207334535,0.006364808678061449,0.0235349671764776,0.021370984642939156,0.010191852646367294,0.0006303911067826089,0.0005122000525269555,0.0006108474761320769,0.0009109985476505322,0.0009786117241287196,0.0011139886030835378,0.023792361664991424,0.025108168821010197,0.0,87
0.013026435817765393,0.008583376082905022,0.0028372572581463664,0.023527953169289656,0.010149140922844621,0.006363155294794462,0.00047538673957831694,0.0003854780503324522,0.0016602049254503548,0.0008174843692518863,0.0011587373393520672,0.0023202780068778406,0.01696143382993233,0.025100939753166556,0.0,117
0.014628725163054537,0.010791783939957191,0.00380140934638905,0.028868969266619776,0.024320365831677543,0.009906012694756883,0.002263289396710175,0.0005596588722401873,0.002455134125260155,0.015063228798052664,0.0022072100082619617,0.014663721893030779,0.020419120318939932,0.029003637081279256,0.0,117
0.012863460709370386,0.013337659163175846,0.0022893005289328886,0.028021963401272998,0.0288238914728903,0.004980116668612785,0.0014261288958783082,0.00048225155361987976,0.0014150410553616056,0.004052709555911083,0.0020703654175533437,0.004122584946548491,0.020879656326499834,0.028998527298328403,0.0,118
0.01420309649125911,0.014163649510288303,0.006858064877677318,0.025033070927677398,0.02916868202967912,0.010487161557500624,0.0004789484500341583,0.0006696624069124571,0.0007222439988254398,0.0011776722722669497,0.0012119140972438047,0.001460021403663081,0.023770816881822004,0.029202001355481608,0.0,118
0.014539168790856628,0.00642468892488659,0.004329418530938402,0.024871973090539748,0.01847157255087921,0.010152611867188355,0.006233282907163038,0.0007336270670876344,0.006082260190795323,0.10484589012339729,0.0016967860752081787,0.10484979402723038,0.01730817489946333,0.02788866674106305,0.0,119
0.016055264467885626,0.007711740437871338,0.003940673833202749,0.027535181004385817,0.021766795375437784,0.009773489593620788,0.0006059033591262847,0.0006154612857501547,0.0010050974254056865,0.002234590654664692,0.0016210730719496969,0.002735560507040269,0.01999965833374261,0.02894809168999008,0.0,118
0.010330781733661516,0.013554529081074247,0.006746494157664615,0.01888717041421545,0.02585047593109309,0.010415910740007861,0.0010617426133921752,0.0005601629623573159,0.0013118692620291393,0.0029040575066379137,0.001826409529242179,0.0028263046992491603,0.019913666593358893,0.02877176160836658,0.0,117
0.009380237086419765,0.0070804393691868564,0.0040517667118613624,0.015507280626009284,0.017970972956123404,0.009834792551731461,0.0018217778845387516,0.0007735423572950988,0.002240208353540096,0.020777535453584906,0.0022776793691485775,0.02048655772142194,0.013378134003001968,0.020362810559289683,0.0,118
0.015272893302779478,0.01772290958920901,0.003134985261444778,0.025787170171711726,0.028651608784748567,0.0057270689135211494,0.0006002988308281441,0.0002798226975036901,0.0009670295102909959,0.0015877573274765133,0.0008204839573182632,0.0017644908338687593,0.025904205744092683,0.028726370795239594,0.0,118
0.012892038543787256,0.011046592677009854,0.005235739176463895,0.024722853812418982,0.021913164986575716,0.010225152706527213,0.000658304527987889,0.00046006173622770944,0.0007791001883841958,0.0011886079528031779,0.0010336631208556213,0.0013426681185610967,0.019535466316581394,0.028424466795514518,0.0,118
0.0111096960823597,0.01474668699245722,0.003404423663561263,0.020188131126170572,0.02802072371355352,0.009608084948043827,0.00093235169107818,0.00043807641487641146,0.0010096628537926992,0.0015206904201827687,0.0011726404998261275,0.0022271377886946553,0.020582990272864258,0.02913047535399882,0.0,118
0.018301419091800906,0.0033633109211734383,0.005100398278448825,0.028862295069829236,0.00700242298219611,0.009450882476449748,0.005441423758460432,0.0005290933940131144,0.0052944551779019865,0.20894420400944608,0.0007974782599688979,0.20895961385031026,0.019714531372812073,0.02893458967784315,0.0,117
0.013027933913223324,0.01023941840770017,0.006233475219160534,0.02708275051692141,0.02339798671517651,0.010074319768191647,0.0012321695685226046,0.0007876248134049951,0.0012318778309822838,0.0031726021200825794,0.0018895208909475159,0.003066964780118031,0.01979099356735673,0.02869495029259919,0.0,118
0.009969722828070572,0.010052348519372187,0.005015890369327652,0.02331016645459924,0.023038888861494633,0.009700210647665963,0.001342266568720066,0.0007319254270498712,0.0012654115970997936,0.006494840311582983,0.0010996418329618507,0.006538579551415791,0.01665187194667943,0.02511593777815018,0.0,117
0.011782957567917529,0.01036200917508882,0.00684648921200623,0.023867798525638778,0.026844712276473864,0.010312042828387546,0.0008161646956148426,0.000766824717660526,0.000991753712977845,0.0018058154319273712,0.0016106596347558177,0.002003458952783088,0.018761723547275934,0.028465793676476198,0.0,117
0.012343326502376458,0.011632951402763794,0.005541565794768203,0.025539524628793053,0.028665007938583648,0.009513242477869846,0.0006919357215813388,0.000525183620883959,0.0008395831326228423,0.0024497968193646358,0.0009650952385968359,0.0025166293686464947,0.019869894143719653,0.028700848436953256,0.0,117
0.017038222336745953,0.011815192409279836,0.0055573777662073325,0.022999108396105916,0.019951192607013883,0.009986332071394849,0.0007978022866903217,0.00021155150640165838,0.0009871894295582601,0.0017466454440814294,0.0003915854334776425,0.001511047667358989,0.02238404980552678,0.02703626205638512,0.0,116
0.0199005285266511,0.013424198467594312,0.0039408329319944755,0.028314259018871607,0.027694924026473278,0.010229682273204754,0.0010574633520692449,0.00032383687978830556,0.0013610024148126277,0.01451970600015362,0.0007832389985815702,0.01454145085478653,0.026858597411275262,0.02861541181719557,0.0,117
0.008584064886384043,0.022470271068299248,0.0037237806549993333,0.013719662033507857,0.02777157426129076,0.010242368281039249,0.0006831988891783644,0.00029777334730282537,0.0012447949504116732,0.001344447937639437,0.0008332001713849957,0.0031307484556430953,0.024854068049147502,0.028929574148752437,0.0,118
0.009796009275194568,0.0067472247540123695,0.004988049129488603,0.013605226833380113,0.014163151899105754,0.010000728328348349,0.0007574554779804396,0.0005342766571348425,0.0011538372019107464,0.0021860472812944565,0.0013712119602536932,0.0021983800863005776,0.013793444933593735,0.019529033560857355,0.0,117
0.012062722405613093,0.011678645683345458,0.0045058399916760375,0.028011960818491055,0.026022184732801185,0.010298144438993628,0.001513577935408953,0.0005357016106338749,0.0015152650453039702,0.006662943362515605,0.0010773782838843227,0.006162953146594097,0.019010975491596215,0.02853681100966299,0.0,118
0.007760742555710849,0.015314591957862559,0.003934190620998409,0.018878869527706788,0.02846424416909199,0.008231468615524484,0.0007208308744099641,0.0006917780558911699,0.0005854489902007592,0.0018198453830549077,0.0016001156893366009,0.0013163982485162595,0.02003642738190152,0.0284872057985217,0.0,118
0.013434242835520768,0.00918295346482687,0.00355277571258419,0.024273291854658596,0.02463228166950882,0.006491282217434002,0.000912866421751897,0.0006307187402164897,0.0011300264507153501,0.004994748553010853,0.0017266748848113744,0.005056065560845369,0.018415766360812425,0.02746931569756197,0.0,117
0.012973731598628458,0.018524589419253546,0.0044250517475445655,0.024479925994789126,0.02689308510153096,0.008820946580103295,0.0007848460900814143,0.0003614035257198048,0.06155342167828941,0.002333730145045787,0.000886109379817035,6.282958736674204,0.025512787749186805,0.027286145395098375,0.0,103
0.01837450119037015,0.01769498463159011,0.0021795620244344427,0.028610943346407097,0.02894329200650919,0.004124392727645532,0.0007860800256387157,0.0002332256114967357,0.0011496370844819677,0.0026655920574540914,0.0008084010729654256,0.002871308939723427,0.028414627766810207,0.028977082664811943,0.0,117
0.008979881868754062,0.00912271977855796,0.004869093306763558,0.020285189780862106,0.02036741661388264,0.00994612339590284,0.0010759570229030605,0.0007328859703477795,0.0014349070913547556,0.0069785715618775335,0.0016463070793446555,0.008408495643444702,0.01554655395267383,0.02410914191473958,0.0,118
0.007781404694121204,0.01615277104490836,0.005342487553646411,0.019336657480532926,0.028493189742183483,0.010339317523477887,0.0009071655208129783,0.00034684122332489956,0.0010354891983530097,0.0019111548489987307,0.0010543707559798055,0.002059308922877534,0.020066617419256052,0.028840239729159178,0.0,118
0.0052197808427309434,0.005778767988824671,0.0012478831616914842,0.01002594768683146,0.008799269849498595,0.0026878672121436464,0.002355233917901633,0.0009514939144375303,0.002873237236419937,0.014308804392004326,0.0022482043352751724,0.014240124312894675,0.008899883509996735,0.010069151202735821,0.0,118
0.012397923335335332,0.011830832015705147,0.004956408106999761,0.025949654575018993,0.025139954557569538,0.009987515771112995,0.0009709853412144855,0.000587839100662338,0.0009038638454866021,0.003581579977661953,0.0012665650136227669,0.003657044897020012,0.019845754430879704,0.028517463510009364,0.0,118
0.010368952516328831,0.01222103416974328,0.005779529064109065,0.02568614609275771,0.02183719099242809,0.00950270174282386,0.001202692674671386,0.0006301655535730893,0.0010601889321744074,0.002892960722538973,0.0014545913031529523,0.0029805180032549394,0.0188763428927032,0.02603491359553546,0.0,118
0.027813118605592144,0.00661988330285452,0.0006472460844582065,0.028240258997088763,0.008719206841539429,0.0021292658021575817,0.0036342904699389815,0.00022032550816732146,0.0036673795810626916,0.005865225134507268,0.00047600156161009544,0.005919036283583257,0.028613521001718187,0.028773350208498923,0.0,117
0.014773665745818758,0.008667455650710202,0.0031584181140033073,0.026361693474056258,0.014488611977357069,0.006312538563092995,0.00444602850899215,0.00038507209870461233,0.004032851645152934,0.029700814704335388,0.0020257547739466197,0.02931224229818441,0.017869493296033157,0.028823240282305842,0.0,104
0.012795355691861916,0.014018731582051306,0.005652062541632728,0.022600784152164766,0.02527704189535121,0.01018184757198258,0.0007250438910122295,0.0003882661377364818,0.0008690005839369515,0.0017777790612218958,0.0011083680864887452,0.0016191992783516351,0.022177621154597385,0.027464144933557238,0.0,118
0.013523244045013568,0.015557462670014607,0.004181650467791568,0.024591185010592265,0.02228325475041701,0.00907819801817935,0.00048002699286886995,0.00036923557822924556,0.001042774459180125,0.0013714727515905523,0.0012200993727682907,0.002296654318742153,0.021816630779283377,0.02859302921433402,0.0,117
0.01688912137867466,0.012196620537146817,0.006289660255737015,0.02592647118831848,0.021039012409906882,0.010371988275546667,0.0008275495236435888,0.00047694442883578365,0.0007968138555156583,0.002428273687932747,0.000932284872457112,0.002646107633036854,0.023343419035210144,0.026212116623385788,0.0,117
0.008202760450998705,0.01183305859737451,0.0039054121309142448,0.021436476967209434,0.0275606823785034,0.009599299326022215,0.0016320633829728227,0.0006389466697510062,0.0018076217898819167,0.01239950694881653,0.0015032141459894177,0.012424839113652553,0.016804512997240773,0.02776135064625871,0.0,117
0.012214729776988705,0.00777208806287566,0.0013743133212578292,0.02246281204164091,0.014590967926518553,0.0037598785206325314,0.001236969401460604,0.00026680821124202403,0.0015562390640354955,0.003959275019297603,0.0006593006828037318,0.004036673885619013,0.0156920451364681,0.025584636592587306,0.0,117
0.014690852916074179,0.010528711630628282,0.006521489214012602,0.02303630120142014,0.020416239677666953,0.01019524052893192,0.0008048365080329031,0.0005029893342244071,0.0008532983738274081,0.0014359739081566403,0.0009808774469853149,0.0016368844694309992,0.0214215355723848,0.024175085835109557,0.0,117
0.010927840919147455,0.014664359725333526,0.0032294523681564995,0.02557812310419193,0.022732636852010768,0.0063557218695256545,0.0005178743652634254,0.0005645323600890624,0.0010890845570393406,0.0031409828048043487,0.0015850597631605692,0.0032211488762367013,0.020045994782221816,0.028848268213253522,0.0,118
0.007454099457841789,0.009244469681271308,0.004235830231740963,0.01280967118539483,0.01424714630465887,0.007570916071802325,0.0028357357695009858,0.0008445019561611516,0.0031155657683073577,0.05632954764322018,0.001345108990782773,0.05514781265972957,0.013851948163088521,0.014417503416199927,0.0,109
0.006211770343708108,0.011753838144337761,0.00301580458384156,0.012945980213779629,0.01983014494327194,0.0075201452736191055,0.0016216134433037312,0.0008580770103995601,0.002087149105752075,0.003803892703777123,0.002108866383857766,0.004679070582468636,0.014096038669462603,0.023928874567224055,0.0,118
0.01870441380377629,0.010676103236412621,0.004303427142944908,0.027796541539997388,0.01646289458117277,0.010001241828377472,0.05445405792132493,0.0002507914957865822,0.0013994382897457211,6.282321215937813,0.0008358034161108918,0.00420744649489313,0.023628724678132526,0.028635964657581264,0.0,118
0.010383948817051694,0.010652271936394918,0.004493431013783193,0.013336449085106991,0.024426299978115892,0.009645671846805967,0.0015267831733279114,0.0006018846072060453,0.001496622246468598,0.0022838373835372128,0.0011619935809677462,0.0025510626581486395,0.016534788002369023,0.026474457128240963,0.0,118
0.017956246139771526,0.0048388875542494944,0.0037717444721195757,0.02828147534892625,0.012479050754872711,0.009932124484529847,0.002902122740545016,0.0004956107018642598,0.0028846251721860454,0.013947155602778913,0.0022767225860489404,0.014139491824580519,0.019768383179219872,0.028736138584310296,0.0,118
0.009867096627403092,0.012505207619995368,0.004188404391792569,0.02723982259867494,0.024372420842793202,0.009861899158340681,0.0019889346572150336,0.0005538144510515852,0.002215767121640218,0.017837230268004323,0.0020978202031907145,0.016570537376279226,0.017901392110464796,0.029052714033862618,0.0,118
0.007815834840804867,0.009329871468799324,0.003787188294517457,0.013587888212287597,0.01645685954546236,0.010460801114234586,0.0012212755559892214,0.0007078023794512925,0.0019141469947315784,0.019245052125315354,0.001702307551155191,0.01926121317054208,0.013256635048098892,0.022621325584260953,0.1,118
0.015017180195244607,0.009057228711447542,0.00552221424080757,0.02628504900124553,0.020183362549641537,0.01006897346730197,0.0007804889897398769,0.0005243435498751915,0.0008690302023065413,0.002120785119637262,0.001049709309975999,0.002193451378351835,0.019151950967341798,0.028134156619037898,0.1,118
0.015425759941691115,0.010223608152209664,0.004120456978575844,0.0258736376736505,0.0206447703224642,0.0064563539350116494,0.0007604658447305434,0.0005052234131546395,0.0010767136639976485,0.0019293539744183463,0.0009184719888386539,0.0019980164851383098,0.020926104409785592,0.02891164815870544,0.1,115
0.015291298532642992,0.010084160585966331,0.004011932271978077,0.026559530657524533,0.018940070807530504,0.009987670107279703,0.0017706213798439128,0.0004027952340274763,0.001841161605139293,0.03239747102047541,0.0009063809451339555,0.032404644241174285,0.020213574743588616,0.028320267456878722,0.1,118
0.014522625072870908,0.015419489559231121,0.005518639630782009,0.02481182041720037,0.023841533591008074,0.009556960252703008,0.0007643209975885062,0.0004322423244068718,0.000584652428334639,0.0017185240736241614,0.0009107166378303777,0.0012583871208955433,0.023819538726827752,0.024876412118758687,0.1,118
0.008866989154984071,0.015696702374032676,0.003377756250190365,0.017603313908609974,0.025605043162154728,0.0076187427207668745,0.0005370604782549229,0.000579953568245353,0.0008270014402955937,0.0018017066249019775,0.0011116977997267519,0.001892478510244544,0.019370734752172634,0.027971188730007146,0.1,117
0.005832257768025558,0.01779834210330458,0.005001764606996229,0.013573335922883234,0.02647144020225181,0.01105995744709376,0.0010616976867163569,0.0006248820899200938,0.0014247432451798233,0.006290104801009999,0.0015009172291586825,0.007730456773000993,0.019910315762703086,0.028366912095390568,0.1,118
0.009175853131216574,0.00789333237537131,0.004568521214551809,0.02160096644011833,0.015429799499123348,0.010875283333766528,0.00032357900230799017,0.0009295894704881128,0.0005129615223266924,0.0009193516125937384,0.001454653511160392,0.0008512483221014833,0.015076470533623364,0.02289999443116922,0.1,104
0.016525985669543535,0.015684069101409855,0.00304401096718436,0.023208694432156785,0.02751731056229831,0.005370371423847858,0.0005127542375538854,0.00013835514445660014,0.0008099493041263748,0.0017958472900883038,0.0005933849444284545,0.0012105833135983568,0.025048050373555824,0.027781478580435913,0.1,117
0.01023742113650697,0.0068941254995835,0.003984654872929166,0.023558073570476262,0.014897012900638721,0.012464101100113756,0.0033347536259694423,0.000739657270991952,0.003549741279669057,0.1648421430882101,0.0015088943992467296,0.1644534552334942,0.014256620916142953,0.02493344768014337,0.1,118
0.02204828903471388,0.011838007159248586,0.0034728331095865836,0.027661164745772654,0.018408535651882718,0.005870592747187292,0.001276754921949128,0.000507608900671234,0.0010514274536924525,0.0030315089193602707,0.0008192315308335196,0.003134258731821493,0.02637694950137289,0.027773597207210246,0.1,118
0.0141749227191515,0.004588758229768356,0.004602473994433754,0.020623912682379626,0.016247330325909318,0.011155113351934975,0.0013905460652409044,0.0008343032773573971,0.0014323792215504378,0.004905377675392897,0.0015567523663859717,0.004988197030398656,0.016318101845888673,0.025106832576558057,0.1,118
0.00773841418731142,0.016102497351309763,0.007524979514997356,0.01929959734092279,0.025157586453906273,0.013224619183857977,0.0006191050604859668,0.0006722898803237267,0.0004860718597430408,0.001078102110446677,0.0012538669266123625,0.0008968979648775743,0.02023600630714765,0.027713326877077196,0.1,118
0.007081963226381947,0.009170547821496983,0.005314458020081472,0.019078932191081727,0.018261596709465908,0.009317308989079454,0.0017636123553029955,0.0006501622017537391,0.0018707338264301232,0.020470548039908998,0.001236916109493294,0.02048537641472037,0.013773837900420522,0.023312787677951367,0.1,118
0.02377694535631164,0.008098418268160587,0.002679420565666518,0.024393017318175093,0.01269396374061791,0.004670276777206564,0.0010462397199256903,0.0005485971378450833,0.0004355444291941244,0.0014035396927534194,0.0007905026842185414,0.0010549447692997926,0.025386972446627368,0.02622361304628875,0.1,98
0.01469784398655555,0.012237024860290432,0.004086352460088755,0.025619222041680573,0.022981038912815943,0.006704757843014192,0.0007067118418509296,0.0005649688270922954,0.0009527496267149877,0.0015790085069468107,0.001321165308135308,0.003172178865317732,0.021703838463471525,0.02616199098739319,0.1,118
0.00641019166582126,0.007365481986645308,0.004553196701621006,0.011561867531567599,0.015342575844875667,0.007090474130574731,0.002743379351017027,0.0006831067342219913,0.0025802808653712065,0.010607788289324072,0.001358038797644845,0.009231004822912059,0.012229812716266246,0.0157010825566601,0.1,118
0.009105231128240377,0.010705720856275506,0.004103651780667106,0.017688330908305128,0.0255650356408203,0.009781633885910232,0.0011563028356277505,0.0004912945544982438,0.0011007806467348594,0.011291101062861013,0.0012642601510611806,0.011310440986215031,0.016632490523226785,0.026924783435160714,0.1,118
0.013500151603764447,0.01370432817561904,0.003627069796505413,0.021754025175122538,0.021718607153928482,0.007681676474862939,0.0009076650598661239,0.0004224144850638324,0.000513310931216829,0.0016190160226595696,0.0009083409561805866,0.000968175855312392,0.02189108207025664,0.023082038582666456,0.1,117
0.01105520988697341,0.014647515922541042,0.006221418199432318,0.02145350117341331,0.020357565610441566,0.015130692478815488,0.0011160508083256741,0.0008489674495946745,0.0006038675058888958,0.003957185951867892,0.0012799804517411306,0.004034168263032711,0.021205714893203338,0.025226457699686244,0.1,118
0.013231473507208677,0.012556110221099415,0.005292735599799883,0.026172756194404193,0.025445828724317887,0.009755802052729856,0.0010111406912733604,0.0005521852726958537,0.0010678758461453598,0.0025315624676800486,0.0018828356174103167,0.003035058827270287,0.021555972006708352,0.026812946877727666,0.1,117
0.009296590698354182,0.019924932377306335,0.004019452292199201,0.014765980919064114,0.023481520938618106,0.00846675807729455,0.0008268910507122894,0.00027996555949030057,0.0011754553805319546,0.0029548172314932675,0.0010488553145222568,0.0046153194054947555,0.022795219066854746,0.026899824417782,0.1,118
0.012974935661419855,0.010910063629470357,0.005032657469491804,0.022804907306906423,0.023273600006880363,0.011559182671440127,0.0022747899171447323,0.00029466962145707716,0.0022894350271309783,0.013500938871863877,0.001313873701207724,0.013515457680142617,0.019670881058685624,0.02748652440177798,0.1,117
0.006365707990821004,0.009170873824679302,0.004114036058368376,0.012172530632942324,0.0199751596124626,0.007842349447726979,0.0018143360374660964,0.0010659595286226947,0.001962399451205968,0.015311376330015225,0.0019387734061362405,0.01387504434915554,0.013701371976854407,0.022335772093544776,0.1,118
0.013848799652522704,0.01728260828334505,0.004337988201046064,0.025868961857947625,0.025419071730854795,0.006562914420975674,0.001354285921097084,0.00023096377434148938,0.000878906118372,0.0030751156225137244,0.00041851682671401047,0.002816774318693982,0.02582829721211629,0.026646322326701572,0.1,118
0.011627910779230772,0.012149899278885858,0.0025465302724749167,0.023328489204576183,0.024499243552039057,0.006486534504363928,0.003086894724683987,0.0001896393470870798,0.003091506136848532,0.07207750196901952,0.0020309344484183978,0.07248792166063378,0.01876979277288813,0.026056809602882546,0.1,118
0.009017441117901336,0.006814902259449906,0.0022455144738126012,0.01551518029351956,0.013418236842874088,0.0054288685849092355,0.001299518031268177,0.0008643921522993158,0.0020143711505474465,0.050822554147411214,0.0018820866935429503,0.0508274422330377,0.01271903637024568,0.017931099627771632,0.1,105
0.013088005117721119,0.012060853303841518,0.007973075754817855,0.017329193553456454,0.022833266299527546,0.01349795712480295,0.001832311664918362,0.0004898605109269353,0.0020605359988724644,0.012707156825132682,0.0022317019636677315,0.012888524522042255,0.02050039649116345,0.028011019121259768,0.1,117
0.007802160582421754,0.00363461730532425,0.0024113887872903046,0.011836383085801122,0.00787675874841702,0.006039338290738688,0.0012416326285963853,0.0009726160541987492,0.0015007652978898456,0.006496537537450386,0.0021120949259130217,0.006193410532264743,0.009801793892357727,0.014111585965913769,0.1,114
0.014449582970501215,0.016361494860971788,0.003322732846047073,0.02528419998828882,0.02588540746741029,0.005351025353840466,0.0007712820253801324,0.00033874866646618746,0.0007764004800747672,0.001713152601203749,0.0007930552153622844,0.0013100879324237091,0.02429017374350453,0.026009853498134543,0.1,117
0.009611331884553341,0.008856448466498707,0.005315219212086967,0.019383038607003487,0.024635688879779905,0.008368740332273195,0.0016221624344256351,0.0006274085244436192,0.0018628095798647482,0.0047227808505584945,0.0020873477405138896,0.004033242924812663,0.01597301549679996,0.02542142349991318,0.1,118
0.00598842331979726,0.023432148512246623,0.0031939949454694414,0.012455904209123236,0.02483115144791259,0.0049511703403676555,0.0005198041331280928,0.00010090177823802666,0.0007104265935111972,0.0009833018874048083,0.00022235704641004883,0.0008526605702656731,0.024683872148783814,0.026078775644247165,0.1,118
0.009495783000206856,0.009788336817882404,0.0029999349465490073,0.02400152879047361,0.0153299883167404,0.008275522466934089,0.0030832274203698054,0.0008313548814813783,0.0034278962654778634,0.0203889769769377,0.0018305086378367363,0.019568325943510434,0.015702791740114862,0.02400960700789883,0.1,117
0.010814221810326631,0.007917241535238796,0.0077147619146661845,0.024125785293896,0.01378948410449049,0.015268507323085934,0.0013482039830316872,0.001016155206019306,0.0014219594500250886,0.005664171425267872,0.0018126928020208988,0.005751602925566868,0.017227579152706538,0.024677643680991405,0.1,118
0.012652033056837618,0.015115160462045491,0.006644241598906722,0.02166338452860761,0.024304015181797284,0.012057929350933527,0.0008308860805636128,0.0003625334307548176,0.0005686663115232213,0.0013490603253962993,0.0011831176725274062,0.0013355648112041152,0.02263948151695034,0.027767673671590797,0.1,111
0.008507109567407353,0.011659482683623072,0.003912258249454602,0.016645406609311172,0.02485443045548677,0.009257585492424183,0.0007478199243166566,0.0006789822107010659,0.0008812399625261515,0.00473374473930277,0.002017068893388929,0.004028541226247961,0.016392645013133745,0.025002918651108885,0.1,117
0.014269644464464057,0.0056580720584673136,0.00688780677427989,0.02500410513065862,0.010410110298677357,0.014764148334176996,0.000880557508899563,0.0008559836830347964,0.0011512422755945262,0.010341258095197592,0.0016329390111465836,0.010367569663757958,0.018934727534384823,0.025848127445300816,0.1,118
0.005932620456170224,0.015834527241071,0.0038023859457430834,0.012122286513134906,0.022820295992354023,0.008185447967216375,0.0006371107136652562,0.0005788597601113198,0.0008705396000461678,0.0014309153174403288,0.001347745720846949,0.00264027861718108,0.01801752258676012,0.025657274871190027,0.1,117
0.012509669618294833,0.01644163919263815,0.007482399372599601,0.022312497344912086,0.024125244182279737,0.015991633239156866,0.0007331528120561012,0.00024809859266133026,0.0008066405235921309,0.0015329530217504939,0.000683999978278671,0.0012881115383494013,0.02423467436796362,0.025976158154785968,0.1,93
0.006513624895889395,0.015800847288656352,0.002410232281442122,0.014159444611789779,0.024292502451650155,0.004267988084916796,0.0012033782765506701,0.0002929964916290832,0.0014427464523148405,0.0028099297385244526,0.0009723037325617412,0.002900055923945599,0.018000999433964517,0.025854340677930503,0.1,118
0.006765656350778792,0.015298409018522275,0.007630460173064884,0.01947788557461308,0.023484261488110836,0.014328830090186928,0.0008612149384485553,0.0006977938466248188,0.0007766685628659469,0.0050623453045153255,0.001617479362956531,0.0036649676413305077,0.019664182331013517,0.02686183064089292,0.1,116
0.011833884597485446,0.012389224501141556,0.007326517342507635,0.022709388922819897,0.024964508321944412,0.01815223062575838,0.0007064041516742764,0.0004583246722814676,0.0008425654903152868,0.0016068785982769063,0.0015646431086038248,0.0017525325108228573,0.02076577911924557,0.026044965594162046,0.1,118
0.015157256871762392,0.004109499053369033,0.008354560381684924,0.02502920298800032,0.007221397569064203,0.016900822765661683,0.0011637158996965762,0.0006488086099758947,0.0012033144435104792,0.0051543201452342036,0.0012304463588244108,0.005222953559319787,0.019074488536832676,0.02583496480543681,0.1,117
0.009577408392514222,0.005903246175833954,0.005804101532667889,0.012053108944745941,0.01162037784390485,0.009864067991851855,0.004271684612376102,0.0002022476155316476,0.004385425516176443,0.010951870316491696,0.0010407818558384463,0.010692841788227603,0.013450466227012568,0.016210634384340294,0.1,118
0.011461572303909987,0.012341587832004411,0.005974708090809284,0.025260253704105187,0.02249264217960889,0.015116636099399589,0.0018686747564917816,0.00026802451332761604,0.002113414104879969,0.015407848473304231,0.0022717698854219925,0.014995820768813228,0.020120189501969792,0.0257382057767312,0.1,118
0.013001929603812861,0.010817219520519178,0.009352039922397921,0.023513800117915817,0.01606374066723007,0.019116977982738925,0.05444812223514781,0.0007481084082581728,0.001032575720653738,6.2803778463172115,0.0010135887293956092,0.0039687116413809065,0.021103989408595283,0.025631323244979416,0.1,118
0.013993613361935917,0.017262028553328732,0.0059731445825332696,0.02407351977840369,0.02581080739536866,0.013041922185927923,0.00128528344806553,0.00012760516099286765,0.0015695200301577693,0.0051780809683448226,0.0007907232665660402,0.005151486804054528,0.025453886642857214,0.027251456099695343,0.1,117
0.008329852391813395,0.015771409206670584,0.010967223078025487,0.014029480175363818,0.023206644902554335,0.019175251069609822,0.0008273086931223565,0.0006057969276123348,0.0009487082905551793,0.012858231053573643,0.0016107012696158218,0.011329372526733827,0.022757751822642044,0.029745687938159023,0.1,117
0.01680384035849919,0.008205330866987385,0.0072565414384019155,0.021749423215119884,0.017137443139071146,0.014417307942665492,0.000906332072229536,0.0006536230324773487,0.0004874684990125511,0.0015519848848741802,0.0012612408397042058,0.001476661390365841,0.020849797581365324,0.026014010818633707,0.1,117
0.011187706532335171,0.014081894710238657,0.007185750942179123,0.023223709243463092,0.025718968260471445,0.01684002391334427,0.0012474510280646406,0.0004771790382118749,0.0011897282599876078,0.012607872669599285,0.0011872789850825294,0.012610272414633972,0.0215960080552414,0.02678233627734567,0.1,118
0.00784015011674515,0.013303057951933945,0.008956517803071901,0.012108024898101699,0.02413266185952148,0.017756966153515186,0.001319828048342994,0.0007443168757682062,0.0010716291309566899,0.010278168787245745,0.0014215607569074695,0.01030787945094569,0.01943911328367247,0.025408876804101792,0.1,117
0.011222037522764858,0.010985490717155683,0.01052545932460706,0.019544217520246876,0.014573744755891127,0.01797979600415739,0.0007382712846138612,0.000512020547582715,0.0009546294827447256,0.002880011014999795,0.0011618321824325428,0.0029361580227149076,0.020409877614823293,0.024320993741379495,0.1,117
0.006044080314385647,0.013634652554029259,0.008413297147615625,0.015024866650065555,0.0165373959076765,0.016048019904695676,0.0007140064631083731,0.0003192248707929239,0.05524464804747592,0.0007791838680211161,0.0006887056543692927,6.2820737787954215,0.018672322183881568,0.02198492959992389,0.1,116
0.00909404935187595,0.012602786524594898,0.007762654018466489,0.023451433842842997,0.02508850407485999,0.014043723663849761,0.0009188190480501394,0.000779669810309972,0.001035007886448345,0.005169357336219704,0.0017104789673612064,0.005295034257920772,0.019885885746318194,0.02727481689690675,0.1,117
0.012119663518852162,0.00910651228225284,0.005684850007410883,0.022666084084933577,0.019232501876209784,0.013790931858346234,0.0005043069253015374,0.0009616575153521266,0.0005425422140512552,0.000822372497107926,0.0015861180202829672,0.0012535142808731692,0.018304993377666712,0.024513045366787865,0.1,117
0.012397514786084708,0.009130868024691019,0.005204683945992314,0.01919170095820305,0.01755930386974386,0.013302558026549255,0.0005929301572024196,0.0005434267384145005,0.0008196488661641911,0.001752628927887856,0.0009621013002666934,0.0018682789004169642,0.018088644363297855,0.023741207482326904,0.1,111
0.012384066250587973,0.010858379390074717,0.007603997952104989,0.023142074505997007,0.015173993385820927,0.014032919711352287,0.0016089342511467512,0.0005659139912391748,0.0018849581599179434,0.0043590633265742085,0.0012942687760566507,0.005643314327708149,0.019749209219534554,0.023764681963516374,0.1,118
0.013474266554497188,0.007524742592299535,0.00888220347555171,0.024411339846439867,0.020463342636735965,0.02337140823219097,0.0007988121432803657,0.00045894894868648466,0.0008520200987962096,0.0025776397233894244,0.0012893398813172974,0.002665217448751811,0.020075936684409088,0.030791436979997235,0.1,115
0.004490132436144538,0.008652193407860094,0.006616444145580014,0.00586848398019163,0.010325556439310268,0.00849105224798652,0.004262211661837737,0.0006179362386124918,0.00472473624713812,0.010910217762539531,0.0020290585445825737,0.011144296322838754,0.011883768706478727,0.014298403918621798,0.1,107
0.007551096659959397,0.016368225769861085,0.007119548864178842,0.024584486102085912,0.021619212403861304,0.023774541065844423,0.000691168348018718,0.00017675745329763517,0.0011370685528106156,0.0012844393456485914,0.0006255565085998005,0.0020455540734769517,0.021596289975008513,0.030471152668731953,0.1,118
0.007581059138522738,0.00887989817589094,0.006391894612429765,0.013310605569519808,0.014595116149465986,0.008050620819908622,0.002057031383245999,0.0007812520147890286,0.002454044602710723,0.008628430237920814,0.001960163229618672,0.007220082660608251,0.014531664384440954,0.015335799971111782,0.1,117
0.008618495500373125,0.008247862062737777,0.007827085430268648,0.017024591085497837,0.020284324838571566,0.023971558307601837,0.0022327135622071392,0.0009484646696912781,0.002626853382992239,0.027314249627993892,0.0022233885662832353,0.027323289233189385,0.016190997174287843,0.02919035412115599,0.1,116
0.008823638813513404,0.01799925076544763,0.010014742600459165,0.018502461754877075,0.024722610176454204,0.019175474855862573,0.001632068082527091,0.0001492022821715997,0.0020230047568491985,0.030276593070860836,0.0006322638730712482,0.030286803184251587,0.0247036116061512,0.026650529291489866,0.1,118
0.01217393042315383,0.008992767839359681,0.01572335859056246,0.022387677842555798,0.018468744204935814,0.02612514609891725,0.002561284149405371,0.0006441101290163275,0.002742285648349856,0.012857078769547226,0.0021435014180790635,0.01270656687156646,0.023090923639931225,0.0321878026291758,0.1,118
0.009500738837594096,0.012314639259593592,0.019104217939207434,0.018767175650173717,0.018759996723032052,0.021779719207469295,0.0012592573012162568,0.0008625298780435648,0.0011242885266751722,0.003040210387631803,0.0017035287404993937,0.0029641799614275044,0.02583740574393632,0.028084059948344918,0.1,109
0.012672989887574346,0.014602945976532456,0.012033509191256429,0.019104304335344657,0.02252989156082457,0.025023381047650006,0.0010438625380593445,0.00016957026588028046,0.0012817804971083666,0.002823818011599255,0.0006009843548446803,0.0028949481708568925,0.02525704060052274,0.02921772149308277,0.1,117
0.013654984187987744,0.006704192924309501,0.0056601232379595665,0.018352647856930304,0.007807351505680085,0.01030994538217156,0.00038237265773545905,0.0007717015064386875,0.0004778548151980296,0.0009574724097295984,0.0011197600607970037,0.000878923125882336,0.01731005239911561,0.019784592747828383,0.1,117
0.01186336152418296,0.015309119006053957,0.008866818355208032,0.01946589178554073,0.022953195787214872,0.018246875193459355,0.0007486763898147423,0.00032789725920079045,0.0009617687123355373,0.0024508178584152773,0.0008040281249737102,0.002549988231913325,0.023655767389504485,0.026469469682000177,0.1,118
0.015774754328754033,0.00477688913386199,0.005444860495143879,0.02034983375042459,0.011587891897677536,0.011547885618596765,0.0007803022170646685,0.0004772972698865993,0.001050961668837916,0.0013726823272792732,0.0017336716404409147,0.0018631475573113176,0.018782189161980496,0.022100722840733233,0.1,119
0.00999413826051334,0.01026163494615682,0.007820866781825649,0.020144089616461566,0.020577078132916676,0.014396880231643913,0.0008506118100852382,0.0005192934751831592,0.0015135723548915989,0.0019476742230689625,0.001801396772942776,0.0030764302129526744,0.01876910830178768,0.021248534958085027,0.1,113
0.007810916539568983,0.012779765715990009,0.011226087704142056,0.017558763179029435,0.017986289354323975,0.02883916407444087,0.0011683435215708098,0.0007974981751065953,0.0011518791376672571,0.004330249117880287,0.0016572758088791995,0.0044157441740982906,0.021705562806591104,0.032656350349667705,0.1,117
0.009434987975980177,0.015105879878808574,0.006945985096992402,0.020524581227241795,0.023220512427623546,0.016507999378109983,0.0020220421276549425,0.00038317736471199325,0.0022085912106447132,0.01498711203837555,0.0008023176926548192,0.01432413437395641,0.02144555518763498,0.025707313988982405,0.1,95
0.01848636249240501,0.009774257909521836,0.010689641905694762,0.02741903383805966,0.020595405925543236,0.02694513559273315,0.0009143548897216829,0.000250314243250064,0.001156100397157473,0.002702619557009678,0.0005601607128129515,0.0023943673222297512,0.02591241707647828,0.033491799259443504,0.1,118
0.013650911279679382,0.010827751978678718,0.009056408693943547,0.021237308441860468,0.020271877254730036,0.012840013239068332,0.0005016253582782494,0.0004277634600206196,0.0007729959491275562,0.000899316806695416,0.0008548303727930473,0.0010846225692268119,0.0219411136439835,0.022620209152998443,0.1,117
0.012361619030481923,0.012668606197633046,0.007448609551572272,0.021382436735982974,0.01984749362787816,0.010841372496398383,0.0005110415122982075,0.0003743836159534427,0.001198727658463189,0.0016049404588285299,0.0014693903788493001,0.0019390604497218078,0.02047246559350984,0.0260677867663064,0.1,118
0.011770641150920162,0.014892363147451222,0.015666117927821376,0.019938348037857434,0.01790797923367554,0.024664993137801905,0.001066350450286008,0.0005171677490903689,0.0006673171552621009,0.002760015180645059,0.0009363360823799738,0.0028725210527855705,0.025670075586698548,0.030733794989145236,0.1,118
0.0065964508172352745,0.014285795602729405,0.011877747629181225,0.011784107015375606,0.021134698761254206,0.02079880783362842,0.0007935308433803084,0.0005999770063796011,0.0014004710861879402,0.006459086173426998,0.001426189571716089,0.008090847817271207,0.02124013275866277,0.025312509249942765,0.1,118
0.009208764958730114,0.012472968332166564,0.00805420375566281,0.016311500761304498,0.021819000238864544,0.014882470149578497,0.0007743870872763798,0.0005793431640595,0.0006870088231195888,0.0015865340312275489,0.0014986999502006881,0.0018589683313940952,0.019039638705332106,0.024841342650863255,0.1,118
0.008258694569265933,0.006105616854145602,0.01145163619329375,0.015023256095033355,0.014252574171045251,0.01933587967095557,0.0010718549846312376,0.000581042397664489,0.0013640822750347402,0.0056711865700827535,0.0013674446946262409,0.005714720477752344,0.016963581862405184,0.021098451483428145,0.1,117
0.006425926524155529,0.008100445827054227,0.02266010980332755,0.01793630261439405,0.016927857693288,0.025110349870221704,0.0016090700660741585,0.0011813158425665099,0.0020173300099890377,0.006716909622625167,0.001965633459492633,0.00669557952887212,0.025615377382922095,0.028843878818564338,0.1,117
0.016637470072014448,0.009552942835928752,0.010264497810721368,0.02394674041376424,0.018222610587963844,0.02404901560553202,0.0004508901610020799,0.0005486401573148205,0.0013632175420755074,0.0008883758348742221,0.0014182068515310453,0.0023061426209332048,0.02307770504605075,0.03060061228556858,0.1,118
0.013732966283798971,0.011509813244813765,0.012827994529577278,0.019791527333847786,0.017716285007639623,0.024797000322180685,0.0009247391763446655,0.0008375342355572347,0.0007672320112020941,0.005070399713391627,0.0012801601456505773,0.005197501729442777,0.024704026165595715,0.027896172131769644,0.1,117
0.012349664160666301,0.011581402830967395,0.007014746641865652,0.022139199493519668,0.0246175059611779,0.01014602783380747,0.000878130061889961,0.00041644432790698084,0.0016855091086729916,0.012122654801377239,0.0010477982936820118,0.01215094160072594,0.0206546896287395,0.025159379512075867,0.1,118
0.009035057336236345,0.010053773631862852,0.00981848888660183,0.015395631612858673,0.015146394180212908,0.013928332552754497,0.0016748660735369906,0.0010028197198881112,0.002093500822606705,0.00580766853480727,0.0019521248406799696,0.005610742504528088,0.017867209326528948,0.020297062639479144,0.1,118
0.010835822889588953,0.008797471162710218,0.022278963579437646,0.018458212529374435,0.02091781614530694,0.02883227391259635,0.0011272861120890955,0.0005816892508889254,0.0011724405729680784,0.00495506638249954,0.00187531992350487,0.004827375194356942,0.027446235704624414,0.03518117192378777,0.1,118
0.008929584529753141,0.01173566150395756,0.012224183900235969,0.0187200008640116,0.020581167666453168,0.021316635616629,0.00045859958876785095,0.0005481483365508305,0.0007609988747531371,0.0010347453970362963,0.0009374043371721541,0.001418914825268125,0.02090792766605188,0.024749592999704754,0.1,118
0.00626201708918661,0.0072607364185395176,0.004579209624670676,0.01639822029140814,0.012945124201681507,0.011608009077736847,0.0023262727855478714,0.0002758720791636549,0.002661427080331008,0.005787385341524176,0.0009093331523664094,0.004478347509931702,0.011535223993269797,0.020536067959420704,0.1,118
0.007752401563815552,0.009604523035862294,0.01194754919089883,0.017315553257065464,0.01521683289643562,0.016780427064593262,0.0010558473690247823,0.00056726764380841,0.001331230545736944,0.004252733254818564,0.0014539709934812128,0.005436982680335101,0.01866295459341602,0.02408460841985849,0.1,118
0.012126419289804798,0.011716881185604535,0.007528688519113862,0.020975084741760464,0.02197966644216921,0.011834304062871781,0.0005719293518644277,0.0005725288861762907,0.0007468869642820613,0.0012865710786775786,0.001275959535628611,0.001573374668169869,0.020758108581498683,0.022447315350707025,0.1,118
0.007229610956017738,0.005893444422954265,0.006272738594461362,0.01173576326170468,0.011138246755601197,0.010588860154705115,0.0014320528493671364,0.0007379111890852358,0.0015892699732663151,0.016273418674525475,0.0013458161224780274,0.016287541990088972,0.01249383639559469,0.01385645135561638,0.1,117
0.01467399012092872,0.007639228484013528,0.009509670507633404,0.023316333800162986,0.019765493968088563,0.022643642124584196,0.0009448414630855008,0.000445793024509945,0.0008164309585619326,0.002106218944291971,0.0009690595165348093,0.0023873224073582833,0.02151684097871404,0.025344113848861236,0.1,117
0.007133218074633476,0.009421615753881537,0.008381815590784394,0.01627790587665172,0.019153877299609157,0.018774604138170614,0.0015817279873539488,0.0007430571912612098,0.00201812372335879,0.004541308322449922,0.0020021743361071653,0.003897114419234904,0.016661393902682245,0.02133963186203369,0.1,118
0.009290684231438567,0.015206282291906575,0.013036482168394358,0.015083070729970283,0.020937706380268123,0.018378453842285924,0.000708522942828044,0.00020517611683766392,0.0009567906102330087,0.0030995484744857915,0.0007806914780981167,0.0018936144157265522,0.022990241589992393,0.024941450572358897,0.1,118
0.011363024821435511,0.01064630169357967,0.021507559452280438,0.011462239867408476,0.011050443809328514,0.028123636691442577,0.0009786153326087226,0.0002670198742768686,0.0012851895192551165,0.0019027960341384542,0.0004284535211094287,0.002037420604270146,0.026775708462112614,0.03223611656383315,0.1,118
0.013250705567736375,0.008212834149578243,0.011941881807539113,0.022684706395860094,0.02011466593724298,0.024171394457365047,0.001854134233407046,0.0006722084260241173,0.0022189073799130975,0.013916100515101282,0.0020270293772524095,0.013069101728224064,0.022187015760855473,0.026416779438069048,0.1,118
0.010701712758621527,0.008632074668207928,0.011580165235283244,0.014846964790458758,0.017277724204647127,0.02161246296623548,0.0008027262675212609,0.0006282519395745078,0.001097498115067237,0.0018037574502667297,0.0015029694159138796,0.0020250253090110526,0.02021187393400839,0.024190181526753562,0.1,117
0.008967259633238998,0.01682173251612133,0.010607761392876038,0.016182789995437152,0.03034227722384042,0.022263676361287232,0.0011470976395233385,0.0007034211801334038,0.0013123126019447186,0.004769626007735006,0.0020768623281610665,0.005600447444298107,0.023827060449635392,0.03193766100057315,0.1,117
0.008040099288098889,0.0073091729679041215,0.012534317690055086,0.015081209353665276,0.015238307590030347,0.024810853873387217,0.0010826049032914918,0.0010230568531787978,0.0012026997590237963,0.002915150241671327,0.0015983409361781664,0.0029788064756295363,0.018492682467666454,0.02866041549331045,0.1,118
0.006295592738848257,0.004626600067444308,0.009056209773721983,0.011589969362850061,0.007554253557812529,0.013902840669038408,0.054892526578360204,0.0008034793115053644,0.0014950109198499358,6.281409197816787,0.0016418455476627791,0.0107540708405066,0.013248866806548404,0.01590017671337522,0.1,117
0.014749885495766954,0.013497574142102177,0.01183441262339556,0.024905431796581848,0.018690568994444545,0.026411746323532492,0.004115685606430688,0.0005967439681912982,0.003958921467241292,0.021920172538733906,0.002298444231918717,0.022182410496611737,0.024454266070251498,0.037395913096264895,0.1,97
0.013108857431135032,0.009495656948582726,0.01954149546407968,0.023833078218727873,0.01629152315841388,0.03568334285370578,0.0007948876980225546,0.0005465775657824201,0.0010628902085177212,0.0016568920437443069,0.0010364551167222347,0.0015717025631751813,0.026714438101588613,0.03935864875682603,0.1,112
0.011215946478363317,0.012072327903358533,0.009525712394951924,0.022474093477244557,0.025583153062687436,0.01881686757636586,0.0009603621240320031,0.0005403122838459792,0.0008732111834524203,0.0028981155388904667,0.0012920212477928357,0.002916348723120521,0.021437207207013885,0.02985563097907626,0.1,117
0.008161291056599405,0.010560729559937698,0.026956164102232994,0.018162069922659507,0.016332150887627433,0.03370445171018999,0.0028847578584741793,0.0005943339240984891,0.0030846948608535285,0.014327206265058123,0.001997463957999601,0.014162404084480551,0.030740061096877724,0.03825790454531608,0.1,118
0.007864133696977542,0.007250480665237182,0.010707796797031384,0.014426279354256416,0.016995200800675736,0.015096533181462701,0.0012305655681587725,0.00045705062319903586,0.0018459876678170821,0.014613712914278931,0.000988485859747923,0.014615203144784594,0.016826384845693706,0.018027184972488806,0.1,107
0.010778312122031907,0.009103617500382981,0.011715258070318417,0.025192041343114452,0.016947649732909492,0.026795540622303493,0.002457726581725821,0.0007166816648135562,0.0024191131232126116,0.01783685079205899,0.0018519674332375669,0.01788086609718742,0.02091204144222913,0.029775946249719035,0.1,119
0.014768073529018176,0.014315262273711065,0.020448052031606784,0.02604482889411358,0.027730625118128904,0.036816222747895644,0.000779761649289501,0.0007595369220799085,0.0007814781984019667,0.004842959802582758,0.0014272597802073017,0.004878760917509162,0.0320977121637097,0.038166292370193526,0.1,117
0.012647198312664872,0.013864185479331706,0.006537796854334551,0.026525436584306575,0.026941162227764437,0.01760111059607833,0.0014887468905526193,0.0010294385318560509,0.0019851354813943387,0.05447653877063674,0.0020505716079470826,0.05448416714082671,0.022066516694292864,0.02816534448087357,0.1,118
0.011942277181105654,0.010932295625896316,0.011677986319892416,0.026664695210478928,0.018710460237340742,0.02333798574603735,0.001712621349903421,0.0009310000751966005,0.0017049634793358224,0.013671921088923011,0.001757540974372418,0.013706687044159338,0.02331897983625187,0.029124653698124742,0.1,117
0.008880752409686292,0.011731462685787172,0.01241046747600994,0.02152166557631531,0.01791418243253834,0.023242046304876363,0.0016445150615294192,0.0005642034826532997,0.0012118947155251992,0.003719006004379022,0.001374394223944586,0.0028689455181116763,0.022211949705685526,0.02523585526353031,0.1,82
0.012092208893504881,0.009090595920154087,0.016770099561245783,0.02202441608678897,0.017689950711238918,0.03037114371201699,0.000547093051310674,0.0003007020535685353,0.000872568199532021,0.001580206144527363,0.0008158733989014344,0.001773123393829179,0.02609633414123583,0.03274627997089324,0.1,118
0.016566336611191047,0.012160973893864179,0.013584571951777036,0.030190541325254006,0.026645353917264924,0.02322636050945387,0.001210973179231909,0.0006106593824064859,0.001251343169336308,0.012729583821969204,0.0015227745307628826,0.012754069759384867,0.028364107306332105,0.03541178825113968,0.1,116
0.013812650090715159,0.006952615567582776,0.012018189967800411,0.020321748142265346,0.016079344233409842,0.019600354811486115,0.00023429058324324519,0.00024813999732844246,0.000871249560841802,0.0005727416269653007,0.0006489963815036748,0.0013689785514312547,0.021193323042481664,0.02526543360259072,0.1,118
0.012661181147895745,0.013030365445027066,0.016765995942150287,0.02273908396616725,0.024476667219795523,0.036281097708480314,0.0010481002296973377,0.0012296390210682908,0.0014153610050758856,0.0060487677134366535,0.0018700704819653025,0.007258723181307936,0.028083850990012125,0.037230490517409565,0.1,117
0.010815172052058859,0.008211416877335814,0.011946673403152842,0.020388925372932742,0.017892340836820647,0.02807376633537484,0.0010740928469738988,0.0007120582603002771,0.0013841164541416446,0.008431779609369805,0.0018186929864396628,0.006992861188898303,0.020635119227441254,0.029251767742944756,0.1,118
0.012803829348666373,0.011764180668384224,0.01706568286315864,0.025321904706430254,0.0224534021404266,0.03595561146774795,0.002817589999907209,9.649135128705032e-05,0.003158996606401136,0.06408335919768904,0.0012556567021000387,0.06417998711226836,0.027214301500414016,0.03775207797645035,0.1,118
0.010438384810636712,0.00880520004316174,0.01457040534215159,0.02683760489047521,0.015637610195945284,0.021259256218604083,0.001832517645982798,0.0005666458248354456,0.0019506023869135466,0.018102883329101482,0.001701291812717054,0.016774150021729994,0.022329254138913145,0.0287900525014901,0.1,118
0.012298962344499733,0.015928668173985184,0.01709032954296823,0.028914568571125232,0.030371837891876446,0.02883007308204566,0.0008949055358823504,0.00037341455907154803,0.0009373028578443317,0.004521418973687297,0.0010180057190383729,0.004569020989321881,0.02941882172757974,0.034189880290615156,0.1,117
0.009470420289851716,0.014868494992777669,0.01024157582961057,0.01673441412375323,0.02583545179818078,0.017065467633643805,0.00021319238063958432,0.00021208041716731059,0.0009017601673200876,0.0006497968294298939,0.0005655337685602779,0.0013747226167801774,0.022685427991041524,0.02977708546535004,0.1,109
0.011063214451526634,0.01939685368165612,0.022256549077938597,0.021255353988131193,0.034764507266374756,0.041793141454710914,0.0006169375102726096,0.0004022326517719267,0.001008157639105137,0.002177964062631488,0.0008239253934518853,0.002260913593940428,0.03589943726729868,0.04391411948309092,0.1,118
0.011319635389877803,0.010178118199140853,0.010164336125637016,0.026644895894871012,0.025166651752641378,0.02653580835673941,0.0012635525560072377,0.0008191322283233707,0.001553582769899604,0.00381530740488778,0.001436690698129045,0.003521548258050733,0.02075847404692149,0.03140503246720469,0.1,118
0.020376175492239704,0.015971241938334855,0.008608066988424694,0.02853295701548199,0.027096036228687392,0.02151876998595109,0.00043846024326615185,0.00010065006103678772,0.0007379676964561334,0.0014764409055709748,0.0003641034901475937,0.0013093237158156024,0.029953879374512292,0.034942304300463654,0.1,117
0.014584356825523006,0.012327092483205316,0.020888970376325606,0.024480900366731034,0.022758679934894166,0.04100401387042685,0.0008817700829916868,0.0005874585934421415,0.0010557163118306591,0.006780316942770259,0.000982473253054783,0.006814159104221007,0.031171998131601757,0.04329297007936197,0.1,117
0.012248420048274354,0.013112815238481405,0.012232628998986653,0.026211306093285397,0.030994339569667906,0.026509712315908318,0.0011203389097324123,0.0002653625964125818,0.0010979049745159124,0.007082716107577269,0.0009830000740405076,0.007576842350687563,0.024741809282483995,0.03421567531404347,0.1,117
0.01672416826076843,0.009091742877112561,0.01808599605436444,0.028446175314997074,0.016449626301367704,0.037060275911284135,0.00048136385709751054,0.00023611800456648955,0.0008095679332794167,0.0010592607014108246,0.0008210872947196357,0.0010974788446125316,0.02937639873115205,0.03979239059769955,0.1,118
0.013445534892667817,0.007097620308552401,0.01484386037176401,0.027407958988663828,0.01996586047772836,0.025387258747454455,0.0006616132704291231,0.0006292738513042163,0.0012443616336656267,0.001667262170643724,0.001848494971818604,0.003047378722085936,0.024297738315182085,0.030181240574145524,0.1,117
0.019369137863643686,0.01120983730792535,0.017452161632324405,0.028871122802596738,0.01930709913557105,0.041902222677604795,0.0014029955528089447,0.0005642834753778527,0.0017716683616487037,0.00780168289441352,0.0011774689894991086,0.006245069959483152,0.031081909647843048,0.045351492444519644,0.1,118
0.007923560096134515,0.006440861918908711,0.013271738770611718,0.013171514664682929,0.011983015768136845,0.0141910593123932,0.001499300342447243,0.0006814737721319103,0.0020916003908941837,0.004316599393053622,0.001339106804530421,0.004381098194772837,0.017440929054070093,0.019549141031340242,0.1,118
0.005691050233417523,0.013294416504754403,0.004231090658986734,0.00828327576302651,0.018631180640574396,0.008633269909443048,0.0017780870361415065,0.0012038617711169477,0.0018135444599994832,0.027047004724656626,0.0019500273490284936,0.02811519582182065,0.015473168272320464,0.021112746443639682,0.1,118
0.013648939685459912,0.016956600451214818,0.017093393462447846,0.022815196830226092,0.02317488336379711,0.03639122692433183,0.0007959746144587956,0.001182967891024791,0.0013393056290080675,0.003053745132297947,0.0017901008470415647,0.004155108946920283,0.030956009068515096,0.040659518731038714,0.1,118
0.016259523754859853,0.012783440054321261,0.027624753966225695,0.03457336577268921,0.023594215948865516,0.042878157428080876,0.0009179457801456677,0.0011469562696126072,0.001044564094509402,0.007549731227596168,0.0014571823096934389,0.0075859277720957685,0.03984907065286416,0.0437139880896448,0.1,91
0.018394029332441317,0.015686823476896837,0.016260892099721386,0.03550644852945456,0.033579903570404024,0.02736897544012168,0.0012952238583304372,0.001069545953522134,0.0017593303725580212,0.004577840767101993,0.0020385065740622377,0.004170120498800944,0.03386566572861814,0.03761986497748726,0.1,117
0.010986000600705675,0.009160634560868906,0.006135587418932052,0.022751799645673906,0.019865514178056848,0.019717886806245144,0.0008265293301300645,0.0004115201068126309,0.0013153191879117824,0.002966622987115586,0.0008864245777894242,0.0032665942206249188,0.01727320623406552,0.028773408016064678,0.1,118
0.009869765745766652,0.008705947141611811,0.012528624201028843,0.020359868702406192,0.020243350909632196,0.030330426238380948,0.055905535385673485,0.0011913353185379033,0.0017575399006311456,6.271652793178811,0.0018411377770046755,0.013885408003921684,0.020807329242151392,0.03114427378766387,0.1,116
0.011631195530228953,0.012071732821571571,0.015638916576980223,0.02393360876315287,0.024624250017670827,0.029851785129641706,0.0013515481898843935,0.0003839022405447198,0.0012167413092465213,0.0029764966192700193,0.00103454721999649,0.0030528521183894597,0.026085258666525328,0.03271473016136738,0.1,117
0.014847511214198725,0.012666346763123946,0.007182949878835328,0.03535795539373332,0.02666254319575681,0.01212095979533867,0.001048189542617285,0.0007968217108865048,0.001160067235126203,0.0050993164138637415,0.0017964482314319907,0.005204353438357234,0.023554059080988246,0.03642765090215232,0.1,118
0.010079105535974896,0.013942412721604326,0.019524524153975712,0.01502778643627585,0.024674603365943626,0.036004024745399876,0.05629014867973335,0.0004579857446498743,0.0029459858561096367,6.276095626331522,0.002061618316066882,0.008297498249492774,0.028645021479486662,0.037633294908303735,0.1,117
0.010138677244562558,0.010428233808754546,0.017618692773968728,0.02251035219463987,0.01799874466054127,0.02572755753644035,0.0030032187607655454,0.0004362485347498323,0.0030047256174955722,0.010023864281562433,0.0013286501616027735,0.010042392869230587,0.02520216600057312,0.02871630466522981,0.1,115
0.015074445462585628,0.012587561121465144,0.016444040145376083,0.03486065253588999,0.027033855684994834,0.025669862354570694,0.002921113023282394,0.0007533707348232239,0.0035934816989893954,0.0347389132009881,0.002007759249835539,0.03470405432201806,0.0300263065468394,0.037319490707326465,0.1,80
0.013616837260579195,0.015002707844145475,0.02703593890336781,0.034998882051829217,0.03308998666476842,0.03932459501707597,0.0015467316443083432,0.0006381723196857195,0.0016625005590520038,0.00391737811301307,0.001495850580387037,0.004001997058949325,0.03757900792678489,0.04231098702832059,0.1,117
0.014350554802340576,0.011604183041771915,0.012592478275275681,0.029316699127871937,0.023117230597196666,0.020638311923705743,0.0009826735982659406,0.0004580353354123383,0.0009084365536526917,0.01105716288062153,0.0009723236892067999,0.010050558735570592,0.025030693919313438,0.03138860992163661,0.1,117
0.0065793272431791,0.0051349670815919604,0.025929293365509604,0.008281522713976266,0.009448856711856135,0.031405439573828575,0.0015005955599738992,0.0007990235700871986,0.001392165518969406,0.015821620305724204,0.0018221921000237673,0.01583697713984067,0.027764359937109146,0.03198756216469731,0.1,118
0.009695242059349773,0.01955034990165421,0.015473620926812016,0.02293668120001502,0.029675970748951452,0.03173924314544441,0.0008018158318254693,0.00026187466500737723,0.0009869771600955282,0.0017267886290024403,0.0007528948310406847,0.0017445598297318732,0.029586601907459716,0.039698570017730625,0.1,118
0.014225717707976976,0.012711705043462937,0.013132158360116856,0.03377086234490281,0.022524599228302196,0.030667295875376865,0.000779945546459015,9.150221429768045e-05,0.001011068796536857,0.0009182799544067421,0.0001672017753284738,0.0012056118781735847,0.027416823927193457,0.042607844405995125,0.1,117
0.022996824481234003,0.014600787906257252,0.01951184069949702,0.03316189115319962,0.027227375838602075,0.03427238886939066,0.001118021179532686,0.0006985638117981912,0.0011767681156738283,0.0018237451164062612,0.0016521650295071577,0.002435475488779204,0.036621203901563364,0.04352641665215086,0.1,118
0.014925178336000723,0.008057304706314921,0.015051170030458761,0.019910239071546633,0.01495257933504801,0.029666067884107472,0.0008042234663834881,0.00020309251335321845,0.0010008202308948095,0.0011027845296991412,0.0006938993359513201,0.0014954388322996337,0.025137838335907582,0.032289660510078165,0.1,117
0.019646626773081644,0.012340517460699944,0.024222721686516423,0.040176085412149065,0.025430998530171167,0.04880840315893342,0.0009488104014823477,0.0006229252593984362,0.0010047730305815811,0.002256130101921272,0.001404374846602316,0.0016833075300561884,0.038052685653827314,0.05034840968013663,0.1,117
0.014493781878028788,0.01026608714028594,0.030183761652849073,0.026244720465344873,0.023328062841564468,0.038363273034722534,0.0007028875164094432,0.0006071016301459799,0.0005881148076304472,0.0015050531274942713,0.0010213653966391345,0.000972031677284102,0.03691620981146186,0.04164871318593344,0.1,117
0.016912769540563966,0.01164627213252957,0.007185098922981367,0.025409028064607264,0.02086631249735199,0.008731936745001001,0.0013883291079654465,0.0005136276971522458,0.0013498876549816515,0.005583032660594567,0.0010779930828463957,0.0041520134337733605,0.02386929492048605,0.028198369690022655,0.1,84
0.02267012734175389,0.011425211766402207,0.02727000960021857,0.034219383851878865,0.02090117122913232,0.042397218291272576,0.0010395075571500304,0.0005454118533629778,0.0008923314174715726,0.00510314383784799,0.001086850144485757,0.00516121709208317,0.04116891444208077,0.04712778655905828,0.1,118
0.005665678988261487,0.01128681281398003,0.029317283196360164,0.016982149876856895,0.019896072338299917,0.042773132474717146,0.0007934529984681578,0.00027813207930197346,0.0012105767367543631,0.0022451410525987647,0.001138936365119525,0.0023343727312519214,0.03232372813362031,0.04820274624612312,0.1,118
0.01219943767629862,0.02013733726855399,0.0087131549630613,0.026982964866261117,0.026051369204563357,0.015574276922440039,0.001263009044690701,0.00025935262604476233,0.05516864690015271,0.004496767973224153,0.0009399407587329378,6.279976944538144,0.02702212186753182,0.035809986477048826,0.1,117
0.01659899017921883,0.011490188862638237,0.024880784507418076,0.02484428162364738,0.016181780672356233,0.04633035948934178,0.0008210967788011432,0.0002712867652948032,0.0010814900093617538,0.0014700705721666374,0.0004776002938244872,0.001575700676237357,0.03468442902271941,0.047540172613751215,0.1,118
0.017557419180498766,0.01486219688022524,0.016120299337417886,0.028564508880705386,0.0362372441671005,0.042655894363723745,0.0006242515761892668,0.0003454067959562697,0.0010458816445637477,0.0034236113060606144,0.0008958814877858545,0.003399542680122991,0.032679167580077405,0.04675809931066374,0.1,118
0.0035713195086028125,0.006096649147136195,0.019008851552664335,0.007701528855247879,0.011539096804180943,0.032880756044803394,0.05543598784882931,0.001098948033007255,0.002468497299996737,6.282597103795066,0.002050878017817892,0.011675826593519956,0.020675861209787795,0.033927517229157246,0.1,118
0.013402845573669952,0.015144900191804814,0.02410642190013278,0.02506717161237998,0.02477360438489487,0.04437740051604633,0.001734094638318443,0.0009086657990241189,0.001995220053318906,0.004884729921749376,0.0018141197801122555,0.00489729668921024,0.03362216515875738,0.04845281181131595,0.1,78
0.01431741302247135,0.012915010662100336,0.020744166285669698,0.024728687636400737,0.029844266651486484,0.05208092799551689,0.00175371307357134,0.0009235185545839534,0.002098185572440907,0.058043763975361706,0.002032002421253676,0.05890630492520588,0.03184096790464477,0.053156728604217836,0.1,118
0.00257059267454842,0.009991220299085302,0.025291273866260518,0.00434342515098235,0.01720690212237419,0.03977670869333094,0.000525234462775271,0.0005779813772052052,0.0007798792042168782,0.0020593254794361304,0.001363839693209884,0.002151400331559916,0.02790599004622997,0.04346206260668559,0.1,109
0.015700500762705873,0.016731572943146842,0.04078014544747361,0.02850968936756615,0.035789071830324426,0.042994988840602155,0.0010896224936604469,0.0002314374963932039,0.0013820197136642754,0.002972818317783954,0.0008628676297253168,0.003050130423783326,0.04848779412458815,0.051850028949881256,0.1,118
0.02509557126561319,0.0058596030368366836,0.014681327023766217,0.04003105428184611,0.010462299869433506,0.03693543214085265,0.0005166856136468048,0.0007280009937311895,0.0009811974393614982,0.001090209972175682,0.0015936109999908077,0.002325440014431468,0.03190387058384325,0.0501621667729723,0.1,119
0.01775157791869578,0.01389695716891529,0.026181965833913516,0.03427867606261026,0.028785756125965553,0.04646554237871925,0.0005264188510490501,0.00042109760151963987,0.001462025655759913,0.0023541456369065017,0.0013092757394549404,0.0040649454835461896,0.04007936285884146,0.04752879519314467,0.1,118
0.01648149019768878,0.0054028664749711545,0.019027700261167017,0.03151762182243445,0.009739307017237873,0.049149327502906015,0.0005424788990417877,0.0005703296392156665,0.0007839485590866271,0.001429023185609335,0.0010874897816492424,0.0016629620834074377,0.029238646880770467,0.0499097679267843,0.1,117
0.01917716896158457,0.014345081057995588,0.03529408754289493,0.04247348919712407,0.03294560038705924,0.049645631030282855,0.0007211724691049541,0.0005564303174895545,0.0008627483754445896,0.0011106210226579094,0.0012304498369015704,0.0013554899095971074,0.04808870383981516,0.050946162092289166,0.1,117
0.01595482279945929,0.016615395083398266,0.029732898124251176,0.03505380951417894,0.03260931511247289,0.0499529545659429,0.0013803322701137718,0.0003690960162380289,0.0018147291742346243,0.024594865463003157,0.0008495965081795065,0.024597318140397728,0.043669484058245625,0.050917900429108695,0.1,118
0.01339561229064777,0.014292168927407893,0.024027123227039263,0.03169163536904149,0.041218463088191215,0.04593140146242036,0.0005709433797200249,0.0002879529623677489,0.0009957121623072323,0.0017545093496571518,0.0007825948520816112,0.001570625448622076,0.03713701863627661,0.04802183078830368,0.1,117
0.008910751179375245,0.016363625863171118,0.022070365760631195,0.02749673690010257,0.0323760289516305,0.04273538156412754,0.0008502917205030835,0.0006692394052007716,0.0009528285182817556,0.0016791119779524522,0.0015403990160256509,0.00187679167910626,0.03350690259784567,0.04312812131539044,0.1,116
0.015790196784789736,0.008833912528348508,0.0248322010132595,0.030433760905565155,0.02489455938897863,0.04127181850581668,0.00033320767294130264,0.0006863798737898367,0.0008419657248846928,0.0008278225196274303,0.001581658470310554,0.001704921355623057,0.0338508345865339,0.04429559591211767,0.1,118
0.018633700727559217,0.024025183018945483,0.007181987017318182,0.025291902052780812,0.03590263708403918,0.011805863248366508,0.0015423447151434037,0.0003405842959009641,0.001888467017873826,0.005162836050863984,0.000798428617508673,0.005913415138388389,0.03212687465474822,0.043606938713105545,0.1,118
0.009669579403950858,0.0074074051330769615,0.03259436432657257,0.01928783992530214,0.01483886417359967,0.03814731597877685,0.0012589422216078678,0.0005013147031746333,0.0014172482991487013,0.0020909011111560627,0.0010753285278201352,0.002336657252405505,0.03564916588414207,0.03948949079412515,0.1,116
0.016438808737923884,0.015562913744477741,0.0047694966387627595,0.02677486328928763,0.02784842946648458,0.008141750451539906,0.0012016004578850983,0.000313274370201536,0.0015375733010623005,0.008093079209573806,0.0008038008187150059,0.008116110462839554,0.025522406073688234,0.02847139663221005,0.1,118
0.007010155653496513,0.007150409919809147,0.01217917724545422,0.016502051631587647,0.01813336747502825,0.01789011005996749,0.0003780591478538224,0.0005569973221886046,0.0007232861467885959,0.0009636236600604198,0.0009603375660452995,0.001133818881087656,0.016954042661715116,0.027248035214413616,0.1,116
0.01171833913405965,0.017379779389331433,0.008091766947468269,0.023022461978587316,0.037737522146645414,0.026163586842517128,0.0008753108039515046,0.00031343454359457367,0.0012975568346045025,0.006875111314886162,0.0007978761234381793,0.0069062789529964475,0.024756932187064193,0.04690796083886021,0.1,117
0.016359370347274447,0.010100627362636203,0.02163973739533928,0.036383714436122816,0.017876666067913535,0.04394568392132747,0.0013414798559559082,0.0007846556418593131,0.0012981401393452696,0.00860015692738303,0.0019707377522832914,0.008799875649159627,0.03261619064276745,0.044759585615313145,0.1,118
0.007029597764598904,0.010401571219725363,0.01639918280643681,0.019361401171209824,0.03833309919586636,0.043792172364591264,0.002361573128990331,0.0009345091110773516,0.0025835011114754736,0.02070737911704379,0.0016050396276896528,0.020722589559404536,0.023249882309942755,0.04557628334316615,0.1,118
0.027922176121534754,0.008532631247458634,0.02416611020084246,0.03660297608338142,0.014142526146468964,0.05435145600632252,0.0006717020683754417,0.0008315308754434141,0.0013621278683071296,0.0022223208739520217,0.001529502314266462,0.0023241440272423475,0.0415524425451825,0.05644834063910321,0.1,117
0.008972579406222094,0.024254726351352087,0.023799795325543622,0.012294238746061878,0.03792172738696309,0.04138526197275305,0.0009025376776967098,0.0006450052788280282,0.0009014646021309555,0.0014497362776140221,0.000781554718170846,0.0011180536616302028,0.038966276673900534,0.04573852707978484,0.1,117
0.014713087599794113,0.012434379499466705,0.019791560184898024,0.026025712319725502,0.02132880521557362,0.03986782564904162,0.0006753001363744016,0.0005405992133774118,0.0013119321093281074,0.002574180779919999,0.0015720701846004548,0.002618795457810741,0.030615775228397066,0.04069567690448649,0.1,118
0.017010694254395435,0.020430020900175375,0.007276996033230561,0.03166534440858035,0.03666694281396374,0.017194048343903895,0.0014498278974331964,0.0006963866082695845,0.0018571945615708575,0.013681258490703563,0.002191837486185788,0.013445170650548732,0.03034083064287236,0.039442908423998724,0.1,118
0.012530177961282123,0.00829186036078792,0.020879264509822543,0.028260038681796662,0.029561241388672554,0.04662335257289252,0.0022881421710473407,0.0007644034929268892,0.002419909645994078,0.023344498830517146,0.0016685348757751184,0.023120999441606394,0.02910947384724753,0.047085326413933135,0.1,118
0.019382031735445865,0.014953363802721407,0.026699051654877817,0.03855150532834034,0.04014596465367121,0.05900873825379105,0.00144230127276746,0.000919701258806074,0.0020983087396379296,0.013537663029340452,0.0015951995439736355,0.013679064526367801,0.041478005810439415,0.05942490200181679,0.1,118
0.02467768520570921,0.005374694757322318,0.025636263977109296,0.043422115875239364,0.015876425483756285,0.05708576013001321,0.0005342595256476746,0.0008914288070823715,0.001369627338328063,0.0012876529959728877,0.0016204089310952186,0.002750660753833678,0.039822077540553384,0.06037861425198506,0.1,117
0.00776539563980847,0.007963738096147938,0.029434268505221715,0.013328269108230581,0.014988201461306895,0.03522132488352159,0.0009905133094666332,0.0004827665082327269,0.0016712739029170326,0.011333076469733638,0.0011351654477997353,0.011368422229833142,0.032252098202382416,0.03574923803108093,0.1,118
0.014040730827936748,0.012739730275003172,0.028503762355317888,0.029105695984586927,0.030161407863611295,0.04834976091942145,0.0006753386711025125,0.0006513451335522209,0.0009182767711355382,0.003077771022493181,0.0012149829346353724,0.0031231049263125144,0.037842549109330444,0.04930577072936317,0.1,118
0.01397098783071859,0.005847842432136087,0.013353720690629844,0.02201476150201226,0.013518240180888413,0.03995414467555625,0.000978340788967049,0.0006857989730960792,0.001550466031250336,0.00506205253559866,0.0018542711899556252,0.006456962520607457,0.022098935185587823,0.04142759286476724,0.1,117
0.010460792561716883,0.020696836068731184,0.03207077467461238,0.030082769429126355,0.04776890028604841,0.05362780198802242,0.0008506004762935784,0.0005928405262298127,0.001048953852643596,0.0016577082145715072,0.0017388110476692642,0.0030988794933497488,0.04400009121085265,0.05779843738439754,0.1,117
0.012623645304424853,0.012231934195086537,0.022218454381279645,0.029266903535293598,0.02471121921301206,0.058952404379598145,0.0009228585147606824,0.0002097165592336535,0.0011443978328424637,0.0072579234289942285,0.000759119535231001,0.007164698592295404,0.032186038925959275,0.06059574094501533,0.1,118
0.02125580101086989,0.019020876690672775,0.028287622913495306,0.03942137364414061,0.050141480038461694,0.05702357898517052,0.0008477065263404216,0.00022153839072410606,0.0011207341115087811,0.0047055047228220515,0.0007830926534813099,0.004894380655588115,0.04603528206730319,0.06083034715953371,0.1,117
0.01926661645029202,0.013071276776321814,0.028920680880478025,0.04840386052941287,0.030416482915349152,0.05820757086161732,0.0019960228080864863,0.0008739023076107699,0.00218505718499604,0.05196496501322467,0.0018271626267210017,0.053210200382037165,0.0420661441002681,0.05983061068030512,0.1,117
0.021038760322063223,0.01826641025229495,0.032189598342571395,0.04544148635376871,0.04466010137766163,0.061885084435464366,0.0007074502007113258,0.0005830457145265591,0.0005428017467623179,0.0016123657109652356,0.0010594059109190201,0.0014020806545640419,0.04952822718503769,0.06233553003433409,0.1,117
0.01644910114102073,0.011439708820148761,0.023054496401071312,0.036079673393685674,0.03383227972024011,0.05149118426111676,0.001377628335933331,0.0007166723785251333,0.0012229751701201305,0.0037454216273530086,0.00201800357051396,0.004284169077282796,0.03655878434103589,0.05265473879797673,0.1,116
0.02278559727515517,0.011730715097826187,0.016637606217691534,0.03417969977346785,0.035654135608953696,0.028648916637648347,0.0007472873386078579,0.00046170995651950236,0.0015327729358860225,0.0013298953833630334,0.0012776328125255199,0.0025568434485157,0.034182725902300225,0.04896363344366314,0.1,78
0.01545710198200855,0.011043861821165837,0.022395428075117105,0.030962026612202098,0.02003149105015961,0.050024237241576786,0.0007235816467372025,0.0006149282916301259,0.0005727730271732248,0.0018418710262935178,0.0012521455430055672,0.0012311129087452244,0.03250424376960751,0.0505198494927312,0.1,117
0.01655730293542197,0.014792432143516906,0.029824243580915143,0.03390931679633097,0.04240614260868397,0.050811760532065375,0.0016571045344476753,0.00024322188154789242,0.0017025515439013086,0.010062204842758327,0.00099743258024243,0.00851519755435548,0.042460239404632526,0.052266666928201845,0.1,116
0.009294742247581601,0.005539043371224735,0.013516156487145643,0.016988486312870976,0.021643660935192863,0.027950727217526117,0.0016068452742933974,0.0007886864489248761,0.001994547098751513,0.005825470231573727,0.001855392048023985,0.005879262796207652,0.019851954306826437,0.02937974351190708,0.1,117
0.021984520969443554,0.014903900815504547,0.035535254566249674,0.04247446760396245,0.03508700680188559,0.06198727169621565,0.0008491340642651164,0.0002190377318352418,0.0011951310062270693,0.003612554774140353,0.000798374637784649,0.0036562617316420187,0.050573018052613286,0.06246113323285128,0.1,117
0.023783460356587,0.010306058888632627,0.029664496524223684,0.047659969737414654,0.020393061383958418,0.055686429761229284,0.0006928264610923793,0.0003427830263981754,0.0007334824340665494,0.0012659405482597919,0.0009980585546519039,0.0012129320422773482,0.04374297443435136,0.057702759832279474,0.1,118
0.014749059720765104,0.014144095696240531,0.029567352589321902,0.029738429683610956,0.036282017556369894,0.05009780453983015,0.0015456012182116395,0.0005149141749759751,0.001237232343697592,0.005590291719521634,0.0010312875803475396,0.004127191038795663,0.040682300227734,0.05074685035946926,0.1,105
0.017426820030847622,0.010858575237498051,0.033084462952239206,0.03136331511751328,0.02101066661471591,0.05385735695521038,0.001192894814012882,0.00038564039496042567,0.001460727049468624,0.003527270721518372,0.0012557883343822795,0.002685046266927671,0.041870393118680044,0.05441705451070548,0.1,116
0.00607485437459625,0.005424933017074649,0.017136179793300028,0.012125498572033981,0.009426350907623463,0.023525070567634115,0.0012499614097578322,0.00044059278933707233,0.0011899672146700258,0.005670663598613318,0.0008589710146826857,0.0041419006851499685,0.019691406343212994,0.024367816138498227,0.1,118
0.01632101143487889,0.01314595243565131,0.020457846932746198,0.04192308408039089,0.034671377488178445,0.029411998481580937,0.0030062428665011257,0.0005691966964244973,0.0029884594435848075,0.030185238060964403,0.0012579318524572614,0.030186379919111106,0.03327361707104203,0.044039626673441225,0.1,118
0.020603740576410224,0.012864180228548905,0.029831057679295683,0.0362510687435616,0.04194273377463614,0.05492811137568138,0.0011004474880976654,0.0013186833601941067,0.0016520365749312811,0.0029413254619710116,0.0016946674320159616,0.003615620466024261,0.04328427015450918,0.05597626686397712,0.1,117
0.0023020453252758605,0.03706084932972888,0.03777231455637268,0.005228350955316555,0.048473091254417955,0.048441037282756005,0.002556823225611268,0.00045531133862331533,0.0025386342870346223,0.030620337305206524,0.0018243702846370002,0.030636443564294957,0.05427532546380989,0.06200543831416082,0.2,117
0.014433717856732708,0.026605909663587526,0.02793924653854144,0.03691886342389128,0.04303399429957666,0.05264586641592539,0.0028871694149601294,0.0007225304043934198,0.003228301429798638,0.00579662095994804,0.0018214995021614833,0.0058459609182250905,0.046707147959146565,0.05889516643665473,0.2,118
0.02306021382752344,0.01716692527798677,0.042038860160849977,0.03631707273397361,0.03455511934686553,0.057421977875869556,0.0006922753410276636,0.0005342387304982149,0.00042796522759102045,0.00130093251838026,0.0014289233607431284,0.0007963808402489114,0.05422844242827649,0.06438289549541022,0.2,118
0.011502609280034938,0.01548877937935378,0.013652755989781086,0.02212562450487049,0.036386534323168684,0.027287515107662197,0.0006586841793899589,0.00039219490795764224,0.0010856828882022987,0.00338441643562315,0.002077078027502788,0.0034872381250310447,0.02712615292165335,0.04350748175431407,0.2,118
0.010135147873464817,0.007869284848438882,0.016465828111315677,0.0218706674906608,0.018994912921684814,0.02615900496295548,0.0038947017323169553,0.0006443447576348594,0.004703085279068642,0.04442539547426061,0.0022491009837173337,0.04435746053373135,0.02327021293976252,0.026561945802454436,0.2,118
0.018253029024737143,0.031584184230126044,0.005983844659855998,0.026943609725885664,0.04660344408809797,0.011377476293764448,0.0007599716685303762,0.001419597857070361,0.0004201851990112717,0.001189762398137173,0.001840855749479231,0.0005638066952413645,0.03739361395652185,0.05364017949746199,0.2,92
0.03966679880512104,0.021782756870793875,0.0033859534449324474,0.0485149943841548,0.04641954237240692,0.008673481710516531,0.00036142073748560085,0.0011947020527052741,0.0005570022384131004,0.00118906145741704,0.0018862315267161867,0.0010715672913572671,0.04789208541322754,0.05359823699323953,0.2,118
0.0039005876741752313,0.007835018577041102,0.02377175750879816,0.007154048984865671,0.01638465053891749,0.02651510709994187,0.0005591746676763362,0.0005133374742822014,0.0009040864869200859,0.0019391243097908184,0.001175387522387994,0.0020372418028300476,0.025769334327966673,0.028419226234219754,0.2,118
0.014119797923600755,0.012561334811299429,0.01898107868927355,0.025980782289444948,0.02293904064313257,0.027635067992774598,0.0007500763008596732,0.0006088999072594305,0.0008588944976798665,0.0024029731140806643,0.001481280069267732,0.0024959714091643548,0.02893834978105342,0.029993937125302413,0.2,117
0.008610176987612479,0.011670775882248994,0.02470711754566422,0.010126816504234637,0.03310317490551096,0.03252058269312175,0.001167429739062888,0.000581199807397903,0.0009854512951883237,0.0023644936510169856,0.001181878381952911,0.002544935031060902,0.029724142658056715,0.040747933222899914,0.2,119
0.018948716815447093,0.016482036237380197,0.014399346219374172,0.03521598716066737,0.03063624666535869,0.020136004070183094,0.00195493573922496,0.0009366149244354401,0.0024842566106909785,0.011361965847877853,0.0022776783268774192,0.01194279933725273,0.03221849760114852,0.040513483118075524,0.2,117
0.006972564989941455,0.005954543275641056,0.027168436792411373,0.009149262517141932,0.009525350965072496,0.04011964497171794,0.0867432821589344,0.00033776245362660776,0.0038186575969759453,6.278381322456424,0.002173879829749925,0.020482045756488265,0.028888374769914026,0.0417642138853301,0.2,76
0.027860804058414908,0.009957215411497623,0.018615864924509326,0.03669781181329895,0.01634278515144577,0.03841764285957022,0.0006990206888308199,0.0005176150941555084,0.0008016905529572709,0.0013970875528404036,0.0014511123483687202,0.001583393707524916,0.039127957528088654,0.04077705121902007,0.2,117
0.017694890216957367,0.01601148558874585,0.028384289213902344,0.03930218372360583,0.030931282044699415,0.06183329068759891,0.0004920450094113734,0.0004437070123627416,0.001020137903268709,0.00097560834613164,0.0010754350345199004,0.0022834186108788845,0.04340412542551515,0.06268058821381652,0.2,117
0.01628314240450863,0.01731429937396725,0.03587579261975565,0.043020604347759894,0.03641307920446746,0.07252854842822487,0.000636697024250804,0.0002671148950718591,0.0010463457477220546,0.0017128788528522343,0.0008170075819335931,0.0018347585634530539,0.04949551323233388,0.07320547111650315,0.2,117
0.012855541868454348,0.015078025338924687,0.06362680877509863,0.025563065712027946,0.024226365952839612,0.07401163958598023,0.0011296288564809733,0.0004449280506501359,0.001430213640617166,0.008720229815168956,0.0009560984638098402,0.008740096365553507,0.06799703772597374,0.07441145994366734,0.2,117
0.02107812438196453,0.021228434142225843,0.03080350033941387,0.03991221734498723,0.03548021450388553,0.03403242331876044,0.001471566753377532,0.000661797644648947,0.0010989481833136583,0.004738868319796197,0.00194632931048222,0.004957177604306695,0.045497261416946884,0.052728018516608244,0.2,117
0.02456052069834894,0.016041877224367656,0.039217991993383265,0.05734154593466345,0.028845290227084236,0.06077846914438173,0.0011056185057153449,0.0008162753824900584,0.0010371635830639288,0.005278487314227309,0.0017183721997489076,0.005367777041517141,0.05670915246272278,0.06723374791405827,0.2,117
0.015804714511859354,0.01974884815594792,0.012141927475348601,0.02293047734948958,0.033485973667723906,0.028458489768605932,0.0009321403153742361,0.0006420403699653544,0.0010518293248150611,0.010154312044934555,0.0012625906945055165,0.010179776917118133,0.032105520681551196,0.0383592285330103,0.2,117
0.013865573956127912,0.013106490135211495,0.021128243647856763,0.02374449583524213,0.026628502491183648,0.04079144951694136,0.0014181771490671853,0.0005494831787244092,0.0018668433719201843,0.005238704401032468,0.0018875899906873883,0.006445175357070898,0.031882786183950435,0.0428709402617161,0.2,104
0.01155092345598727,0.009089856838742319,0.017105633048203426,0.018613272414218812,0.03110858565697272,0.03093390608362684,0.0010327616856412457,0.0006570920322206002,0.0013220701420002601,0.0029352659918162605,0.0019517533387487518,0.003954275269005603,0.026603122807121172,0.033206510910489546,0.2,111
0.017212531991478014,0.01648148518474455,0.01586046135126371,0.03854859275239253,0.034534318951841336,0.03626198882061393,0.001547766116128114,0.0008940075193747326,0.001700648907694486,0.02315551035664032,0.0022748892263688703,0.022954442728996827,0.03307675863249558,0.048558366072609195,0.2,118
0.005016529935794197,0.011107450362136052,0.01932795162865126,0.01629749976298614,0.021952906959873994,0.04100316985018573,0.0012214339232410464,0.0007549688903358447,0.001079192321295522,0.0029430513737040975,0.001537985494321048,0.0021614267786866925,0.025741955642384903,0.041306099038875346,0.2,117
0.00872850375759202,0.007261552522311229,0.031026120965237304,0.03016384412633863,0.014390023521314271,0.048363459106803064,0.0016308313896776386,0.0004636806197327752,0.0015927653577187777,0.0038277599290503783,0.001227247008457999,0.003296779615870271,0.03422192022899724,0.05506260313903278,0.2,118
0.02981230734617141,0.029018727578135436,0.01579889972572367,0.05610789602495542,0.05664219434262352,0.028914140707643893,0.0009137420112361852,0.0007972942061806269,0.0011235969672247568,0.001770397924189003,0.0015010858281513384,0.0017104817840438713,0.05065600538504252,0.05776120664783732,0.2,118
0.01891664243201823,0.003877727711064668,0.017700372061383647,0.02785525182379542,0.009367361266554075,0.029809789210864468,0.0005987483350601361,0.000857470964735201,0.0012051859226481635,0.0009061070626119605,0.0011945361543433952,0.0020856183320188126,0.027046941854338518,0.03634445756351878,0.2,118
0.028351903072861888,0.02061373409774726,0.03647380128432486,0.05606851145243574,0.03531841163872912,0.06847357564651069,0.0005665123642508202,0.0005926914102560379,0.0008577229924524473,0.0015085845361193506,0.0013662690081179055,0.002224410017854783,0.05762973543648601,0.0709610148312754,0.2,118
0.018617623877341862,0.017145691050470806,0.05857567249715084,0.04756924938026896,0.038898290054770884,0.07253587508641246,0.0008069541817526718,0.0003336038928528671,0.0010256843077423798,0.00711888467832078,0.0011149256198191848,0.0069474624173762045,0.06731155706955838,0.07384400667973619,0.2,118
0.030113132246964127,0.01216259827020137,0.02599781584930469,0.04710973349632841,0.02769049179936478,0.04288368808532972,0.0011377012359254691,0.0007348251664931057,0.0015815961631090835,0.029811242554798945,0.001671254613447637,0.03138556101779194,0.04623454860424568,0.0502551917774045,0.2,115
0.007051154797780032,0.022760640831509405,0.02836987712866065,0.026094547408398505,0.0451843602722346,0.04246930959265566,0.0013248667420193852,0.0005190823838710522,0.0012494522906963091,0.00496665746183611,0.001162725168918799,0.005071947119399622,0.04272293261542479,0.051268752106898484,0.2,116
0.026336612678972724,0.018333888048493927,0.016088548249920617,0.04942583135596068,0.03456470766235309,0.03182810342446951,0.0010118513867939918,0.0004429282989611585,0.001022714806892613,0.007491642321010961,0.0009996195009433495,0.005946894803077196,0.04084941316079361,0.0496127300003344,0.2,118
0.005413143793553514,0.013358615290083083,0.0229704546727074,0.01228281389589031,0.029719000704488824,0.06370797699367259,0.0011908882063225536,0.0004330092737088151,0.0014685974925699884,0.0274311996037524,0.0009443234343170515,0.027442679082525068,0.02926075827233826,0.06381993801733289,0.2,118
0.009485542542474228,0.014916405809158206,0.02672156615261439,0.0171623860512502,0.03161326549616236,0.0344058087894738,0.0013093661725458482,0.0006775251820282683,0.0015283824903030124,0.0033942597094576143,0.002108558628582058,0.004005540684900222,0.03358369578686818,0.04838148595189674,0.2,118
0.02640096459633359,0.014352111614383791,0.03607602834625169,0.049281638748345846,0.030720233590346202,0.068695259526237,0.0006757564528017247,0.000621530589627519,0.0009075876886921625,0.0012023567470720309,0.001449867715148323,0.0015217764856938487,0.052823611932457,0.06886105941628483,0.2,117
0.023591370857587075,0.01720620255734001,0.02632910023262232,0.052941502462246326,0.03507314926473509,0.055526948201819304,0.001592369107066467,0.0001545602681044395,0.001652039834901131,0.025414066320006423,0.0006094302597881018,0.02541153284598474,0.04544020179066716,0.060845899585166965,0.2,118
0.024815863084507683,0.02132897047053836,0.04154590463382064,0.04688275159153882,0.04992748276839554,0.08021894709388466,0.0007891279210635671,0.00028313472596091355,0.0010876597057045013,0.002803413458537518,0.0007903469251957507,0.0029061683728492937,0.05979530674480865,0.08033507865464747,0.2,118
0.01248368387843357,0.016434349241196407,0.06970533905333912,0.03190086681867718,0.0441370591178189,0.0770205051370183,0.0032970365597830152,0.0005795199010357452,0.0033504959363877796,0.046211331732648464,0.001632700604977666,0.04621855895492177,0.07509097735605441,0.0782600170332206,0.2,118
0.022785065278813844,0.017615636190616644,0.04657337611031494,0.03140995054664314,0.021860517658698647,0.055824246487436835,0.0005419659182951683,0.0009177969512425921,0.000666446657577189,0.0012924059955479184,0.001356371970036463,0.001748655705247515,0.05507092649444909,0.06273904849322474,0.2,118
0.03804153562420625,0.0045116511879806824,0.041578538036624334,0.06247483197092163,0.01677247776874402,0.08057940759179671,0.0006547038438883178,0.000738514280471143,0.0013451531521680177,0.0027976036942152227,0.0015793886586452366,0.0029065792679479063,0.06198851623280426,0.08068446868563436,0.2,117
0.014004918298364803,0.01997691108633391,0.03312354314800053,0.029874063560101083,0.044776681873345825,0.06915844126367166,0.001004540861933809,0.0007909065499892636,0.0008695398950717772,0.001637530716930513,0.0014398467213656563,0.0013023866568485643,0.048059758141130844,0.06936044230109178,0.2,118
0.022848963545210457,0.021858004119503886,0.034723533416915475,0.04855121393163203,0.049096836348094364,0.0641664775532016,0.0012926809346365986,0.0007867593671302934,0.001105960501117037,0.006698859244459232,0.0016127869089784808,0.006733833199615846,0.05276574924294909,0.07189496225081882,0.2,118
0.048833188219758177,0.01585141908431608,0.05292806234311518,0.055955882596100126,0.02077467295755822,0.06432567861482208,0.000480827349959894,0.0006734117145005245,0.0006065883160517494,0.0010809427095676005,0.001390336065781539,0.0011930107708248983,0.07431192800072482,0.07568997176032013,0.2,118
0.04449656991082709,0.013256116750395681,0.055353501332872014,0.055567842556366154,0.03550037586973097,0.07107676325179135,0.0004438334262349775,0.0007040466442839441,0.000613200018279075,0.0012995053381457122,0.001088283244832955,0.0014200705493511157,0.07503362613422287,0.07653517204263661,0.2,118
0.02871575311219446,0.021118935589930648,0.02483185265436761,0.05510563871232371,0.04737723607896721,0.045218233350491854,0.0010752252244364856,0.00046660602752472035,0.0009230194533550073,0.014367904991506197,0.0009416751628655851,0.014389525801852265,0.05029741769603675,0.06442936239805999,0.2,118
0.011669384515458356,0.010689648607416984,0.023213023540490322,0.03361846866781337,0.019519739980677048,0.05017407733101359,0.0011393539122353479,0.0003154565872819072,0.0013590448153103112,0.0075074387610114535,0.0008986649480623443,0.006900179074142976,0.03293217430998005,0.05054995385311667,0.2,118
0.019868341524028294,0.02407278941876564,0.030793028737862882,0.03763628268944069,0.06093472944642919,0.06415218755207053,0.0009692110266665175,0.00042996426520144914,0.0002602331318663336,0.0012654004443639622,0.0008600096601414364,0.000702205007527823,0.049795325237813305,0.07615724893657688,0.2,112
0.02596807051688094,0.022893864416814545,0.0410390785721242,0.058508661985936905,0.05821542092006793,0.06997191437390837,0.0008828839512981915,0.0009319718176045677,0.0008006796972106703,0.004569305197873907,0.001745135058649927,0.003403224753280476,0.06266016300857967,0.07627563226088284,0.2,104
0.01499463216348831,0.02278154915604404,0.03830106696442775,0.03336551942071886,0.05393901851236749,0.07094126825988356,0.001191623101247761,0.000278739789675981,0.001545324242881066,0.013154171888349886,0.0008369444740305987,0.013155114203068696,0.054070733965248065,0.0725799834671799,0.2,117
0.015929396149863335,0.022581690091882017,0.011948290417042767,0.02288376191896707,0.036004835572968574,0.01945210331203351,0.0006577565330835491,0.00056411563806463,0.0009567377424616162,0.001858632318702036,0.001317700104388586,0.001929649545257206,0.032469128864962574,0.03937395205172275,0.2,119
0.009321176877955565,0.008547130224311477,0.02475644400191014,0.024267673058670614,0.02304332796086428,0.04734159353669498,0.0011965892820868461,0.0006799685221301651,0.0015724823629475536,0.010115508626959313,0.002196153845257953,0.00985627950387169,0.030405805879637253,0.047541091144668035,0.2,118
0.012928066776259036,0.021623472864816,0.0484189538952991,0.025398476843799866,0.038770676307391866,0.08152303840614772,0.0009131383465054098,0.0003564931365040007,0.0009028272572330992,0.0022880923804478037,0.0007781474219318296,0.0013711495279181696,0.05905362275977002,0.0816336323317824,0.2,118
0.01609088254985395,0.018714920264280517,0.03415805651103769,0.040025861024760245,0.034642618003835474,0.06373933259380415,0.00084848894258899,0.0005992160270967324,0.001407241260447967,0.003126761217242535,0.0015946531156721677,0.003208989730622447,0.046305721271436714,0.06601288836205846,0.2,84
0.02318297422565531,0.02438577384214947,0.014477285200874815,0.05356727627838015,0.04924843776057658,0.02127248199389592,0.0010692145772817243,0.0009322226302731565,0.0012616209636256517,0.006472804808733468,0.0017122958230493257,0.00652855931395846,0.04040022303664055,0.057089082575857576,0.2,118
0.019112602044633678,0.01500285507661193,0.04299054935810141,0.04084968397187111,0.03416849586293097,0.0626740704648196,0.0007971444184953439,0.00028211461010013066,0.0007852089018115743,0.0018384301051723728,0.0007484233521366512,0.0019709414064261743,0.05508121165532448,0.06338555666079544,0.2,118
0.02005282704705892,0.02154271402921376,0.01844864946860669,0.053205771880449504,0.05624164860188313,0.028348060970568467,0.0008100080844911354,0.00040221151559162514,0.0010746549138502968,0.0012275986785792448,0.000865070816586766,0.0014328778932970465,0.041777281844293614,0.057407910774639206,0.2,118
0.020973552425648582,0.023491142404392592,0.038489319477021666,0.04920636805607537,0.044793951421319755,0.08550287945633916,0.0012653884417894096,0.0005244704656072122,0.001032460001929298,0.002470123763617771,0.0014031652411151951,0.0025752408168595586,0.056315082408964594,0.08581776673067186,0.2,118
0.01835504999213269,0.024871461384098275,0.04379553645283992,0.05077220544776878,0.050545984908767494,0.08615954888011035,0.0008944732047670164,0.0007440735676065289,0.000913435688280778,0.0030571537820762718,0.0017015852789180608,0.0023950756397486117,0.061422328826716464,0.08663038044856203,0.2,108
0.008729892287484046,0.010325798437626491,0.02287983607825579,0.019749976389608993,0.02174940295853406,0.02900989965266787,0.0007794646108482457,7.58009696278765e-05,0.001152210868904053,0.0013376176334524148,0.0002324343180459265,0.0016210394006320739,0.0278610276315913,0.03816163557019586,0.2,118
0.021437544788752996,0.016124338531728104,0.03210645563094396,0.048282941242387245,0.037210791384623465,0.06284815298531188,0.0010315448379458437,0.0005377433513915547,0.0011952966152735018,0.007297809093227414,0.0016879810606845735,0.007318595766914182,0.04877674523340133,0.0632700312304119,0.2,118
0.018791710075106462,0.020129573146821483,0.033888947478784154,0.051899384868681175,0.052660071039774214,0.07563868582049982,0.0022548301031885512,0.0009030700945399426,0.002361712020916048,0.016581418838701623,0.002271507037210796,0.016225124529095747,0.05052286425897003,0.07577515624954402,0.2,118
0.010702367812482941,0.00906332480261883,0.06501767419694826,0.02785917303362548,0.017992672968724033,0.08108826825255422,0.0006818711288973275,0.0005033722092824682,0.0007636992110210236,0.0012065945626313912,0.0011586156953992122,0.0013573750609054969,0.06722780564797477,0.08330582236521038,0.2,118
0.020538881033710273,0.026792130135282245,0.04543287262784064,0.05994181310533131,0.03757643057717275,0.06339021775993503,0.0009838777190106843,0.0006620321476828688,0.054226468368902846,0.0034141879205069614,0.0010272333476947226,6.282680966177004,0.059724588900563105,0.07362827354399963,0.2,117
0.01420507049690746,0.01347751960989017,0.028602713738724327,0.028014627983742713,0.04426132787791254,0.05720079973878117,0.0007371884134508327,0.0005307633173800909,0.0010749195985758494,0.0016763755846439937,0.0016059774688146622,0.002347537475952066,0.03985166006002664,0.05884769844401241,0.2,118
0.018927833811581033,0.01727723676045663,0.026092496743295,0.03240325435166763,0.03933453765902081,0.038714801090071,0.0012082449885322498,0.0005064485646911384,0.0011632418902025072,0.003034164687636398,0.0012726845709168932,0.0019886384832144,0.04059449804078322,0.04947313870657912,0.2,118
0.029396666724348895,0.005538967784277335,0.029973332982017056,0.0690484918397164,0.018805016160981576,0.08524447595980456,0.0006595200863102097,0.0010124790019729146,0.0010056892703574512,0.011861290864459084,0.0015886729516967624,0.010348741692075336,0.047203496812061776,0.08696918334839733,0.2,117
0.020881629567651806,0.01711760457660286,0.036177129978566765,0.04832227503477715,0.04236929243182053,0.07873047039583625,0.0006903655495952476,0.00029297403680991145,0.0010778328369743795,0.0030124652696672527,0.0008073401683097448,0.003069645820164002,0.05263503394626105,0.07877678081912072,0.2,118
0.023432317803913066,0.014200101178179882,0.04219032670411208,0.053171812414736175,0.026911097385813487,0.08156824260382267,0.0032752439470891026,0.000399722258927383,0.0034122882643744575,0.0212181973946155,0.0007780077355357129,0.021218197676061756,0.05777837462153877,0.08170968389788992,0.2,82
0.02127062921116426,0.0219868320268558,0.061137461706818885,0.056939849580684154,0.053526081667575665,0.08069052999504434,0.0023739774655195433,0.0006195153032035966,0.0025899882908357466,0.028026865488731456,0.0014848272854340872,0.028033300860718646,0.07394956872953352,0.08112093774289983,0.2,117
0.0038881602839023737,0.009530338009369463,0.03885217471127972,0.010186659429207181,0.017107621609273094,0.049209653441115886,0.001744559289989111,0.00021686374679504724,0.002080089735366458,0.019036617987525428,0.0007681953780374062,0.019051688102765585,0.04084262408807529,0.04948728423938756,0.2,118
0.0025326238202645554,0.009818376367932615,0.015135496332902027,0.005727488917339318,0.017098596563669292,0.030683681594042417,0.0011078372098076161,0.0005340080662844101,0.0010029003237097126,0.0017376125088162109,0.0008070003841078588,0.0018504172032112881,0.018435067623239917,0.03498176154572664,0.2,118
0.013997321736304956,0.017081278767534607,0.02554984549400263,0.024531814367616117,0.023624950648940102,0.03938596681821016,0.000815370994442492,0.0004788313505109313,0.0009352662035305564,0.002801193056719775,0.0010202532125376251,0.002866531772268033,0.03572851934560771,0.04874388386458295,0.2,118
0.017184980870076996,0.034084546691104035,0.03599315213857069,0.030753697388285567,0.0534358564893036,0.08942049982944456,0.0539144054857636,0.00034366271639474773,0.0011158445429656457,6.281148858467311,0.0012820505996939957,0.002277950892659586,0.05816395779456896,0.09158204705680703,0.2,118
0.026306970400194387,0.01335037896909378,0.03600232223344168,0.04439983596898861,0.023397219704086335,0.06970930899145666,0.0004672352158195533,0.0006630217800029498,0.0007859234828333995,0.0012135827332608873,0.001591977431270264,0.00142464812409826,0.05119199480509537,0.06984390257432595,0.2,118
0.01819830850054564,0.017156076999755826,0.02497093610170304,0.03259990413148049,0.03023719737084532,0.06295758063707602,0.0004884674223840878,0.00023419800469886036,0.0012073994628500231,0.0042945160757206224,0.0005652676243654842,0.004858544137622989,0.03914228078151079,0.06386660624556277,0.2,117
0.025554066150748744,0.02676558389882743,0.03772194214274855,0.04586746074895259,0.058175217660114686,0.07448641844486886,0.0008500008873390709,0.0007422026619084517,0.0011645867872780665,0.0023571205123706918,0.0012643745682814345,0.0025099867930504782,0.06140887181709815,0.0805117628553519,0.2,118
0.040998805397824,0.024591243586469927,0.012878975472063646,0.05005132495371817,0.056216332075935405,0.023407068444007667,0.0006340811741111447,0.0009917969196677563,0.0012542444020389515,0.001764498396125913,0.0015678512461263713,0.0030617562407260213,0.05250712155762865,0.06693855472882948,0.2,118
0.02434337126670641,0.03236466050697633,0.014672189677093437,0.047818849024999,0.04559074966462778,0.016411208401635374,0.002493327341276406,0.0004427189836066443,0.0023144825037495174,0.019451680216533096,0.002054496899901226,0.019813020315603946,0.0476584223556774,0.05008904464246119,0.2,115
0.02119106777446843,0.023713367335448033,0.040599404497405206,0.06711067094495193,0.04705309103675551,0.08909366566625954,0.0007036236138111707,0.00033361498554073673,0.0005196230740498158,0.0014646567325914406,0.0008919544424387249,0.0009875540087720402,0.058946102033676805,0.09024748931634186,0.2,98
0.0260914842692331,0.02605118248750901,0.025510951755901606,0.049147174450511644,0.04978020873029515,0.035686103398821944,0.000678555953193949,0.0006155276961872114,0.0010258995597011676,0.00344430997411882,0.001536996518428424,0.0034508581344677575,0.04851316485343232,0.060224404814785255,0.2,118
0.011925819004953707,0.01454643309271227,0.04522917887045624,0.025807388921563312,0.03215041802901397,0.05209304879767718,0.0017397926993923736,0.000553038988955638,0.0019972716692176363,0.009896761576531521,0.002248193198193915,0.009516386329900595,0.051268645886984064,0.05328748298771408,0.2,118
0.008216531701438571,0.012253643701922482,0.047834464935393055,0.012821759371483103,0.020597393707325856,0.052807719835409606,0.0009796343695059606,0.00023963122712289397,0.001353113573115988,0.0018405460168584575,0.0006001628570868611,0.0024504648609031676,0.05068311725617736,0.05416900399828076,0.2,64
0.0073362828054107845,0.035470591201507536,0.04924460578916702,0.021868913957314967,0.0692502290514041,0.08099411217770147,0.00143088405691494,0.00042961137576208057,0.001355756170688064,0.005017705232601477,0.0006831950892793315,0.005407608487355997,0.06733740908028668,0.08242262418458829,0.2,118
0.026037732522102248,0.02834778194054804,0.024102168193530775,0.05216410358909529,0.046466659010144296,0.03590040875592612,0.0008055687797769858,0.0007518480377786601,0.0008032432504396416,0.003932462624473665,0.0013452975290846325,0.004008873333777974,0.05020772689349923,0.0558289657542962,0.2,118
0.002864995737233403,0.012222386559951207,0.01907067088647027,0.004759112988691472,0.03657963839349132,0.03362142920402186,0.0023047560993656193,0.0006098736322060018,0.001989595683601579,0.010988574453038247,0.002262689569815013,0.011415972368808536,0.024685331743805165,0.03818472620411722,0.2,117
0.021987827793986222,0.028044399858018387,0.03822408141457411,0.03861744429887759,0.051273218495111794,0.08214973983451895,0.0021039610277494864,0.0001784015532820815,0.002419017192638356,0.021335148827542616,0.0007632579421501529,0.021343003064600685,0.05759798117186548,0.09229021587039594,0.2,118
0.01835810569462589,0.012424777353063502,0.03097117868019171,0.05322703916808308,0.04139599539209993,0.07863832595008124,0.0007548337331454134,0.0012061039719387249,0.0007382042030729128,0.0019528472006898057,0.001766792612996504,0.0016304839635821189,0.043900816365725195,0.07896048152649153,0.2,118
0.015547098182047565,0.023570063730612274,0.037699458692647674,0.02917763284264624,0.05343671904879066,0.06771550388410835,0.0011193043216824602,0.0007829605421452587,0.00116209222335656,0.005020513577421504,0.0017193571932234697,0.0036495821194586497,0.05288587586913994,0.0684374551909678,0.2,118
0.007604871405057845,0.005462569411344114,0.02565615370587217,0.013467501279332123,0.009329420355449064,0.03232979231090061,0.0009663411806771849,0.0007316189228775372,0.0012004458001195668,0.011708257485665952,0.0017390904425466092,0.011734548847779802,0.02846743686101053,0.032484528998343684,0.2,118
0.011185686423855522,0.015660169996082062,0.0269859036749631,0.026600975975043156,0.04892440057440284,0.04549237136216905,0.0019524824027593556,0.00024649339304890383,0.0017335265881496037,0.017825482578690932,0.0008688246250829756,0.016254115979876804,0.03744838355304374,0.0529806023884521,0.2,107
0.012148368035134128,0.018015601791420924,0.02640546538771011,0.03613877446296307,0.048976003974773114,0.035443046786054755,0.00103453463910927,0.0002880691090689272,0.001081496844921406,0.0012893617126326085,0.0007443513892848586,0.0016406628296528059,0.04029264787789959,0.05086213333148185,0.2,118
0.0173803828625168,0.021141055214312577,0.055406600618045525,0.03947225958336614,0.049156869381664414,0.07557259143550105,0.0024579567167829653,0.0009933383378601885,0.0032038472805991495,0.006783591125161359,0.0021572000798579793,0.006301841845951284,0.0665330727318583,0.07571232388396613,0.2,103
0.015214273613890559,0.009694619219284047,0.028873841561459734,0.039532753771262724,0.026920680642761513,0.06778098898669899,0.0013140728916425418,0.0010473624590438147,0.0018801109485511367,0.013566457393034526,0.0018655293562780395,0.013581760136218257,0.036824798928129995,0.06789878116287512,0.2,118
0.009300473068331344,0.004719933348595467,0.054569058077380134,0.0226087936691049,0.010303940445481942,0.0641193732202523,0.0005572524118122337,0.0009006518371467154,0.0007426438588351727,0.0012296569650344091,0.0013358284440424528,0.0019155895970019987,0.05598499337528619,0.06429256524781694,0.2,118
0.029233743883351922,0.030259082155283144,0.06581514214359359,0.0531914867715782,0.04567562513012974,0.0925515219111479,0.0009933832876190282,0.00014991592873594284,0.0012665094256748839,0.0014208359301410844,0.00039464201150696265,0.0016276430271551234,0.07962097501260888,0.09916721334889543,0.2,119
0.041876866083095994,0.0019898458743186397,0.043421526519116044,0.05944252167724284,0.0036866076684099677,0.09031958270929585,0.0008323190313617244,0.000815416592462156,0.0011526769608552537,0.005585246639238761,0.0015926735331542805,0.004412860274463748,0.06666098615180757,0.09063725763223997,0.2,117
0.02932339463056931,0.030091746914010963,0.013254262209490582,0.05542220157344016,0.04775282562859434,0.033455821143307335,0.0010365715309693943,0.00038404448500314973,0.0009089164397492762,0.0014475203697696948,0.0007869093509003111,0.0016461319165599342,0.04881162856330856,0.06716656083290819,0.2,118
0.020563434158944766,0.02487110106224903,0.028470426516451975,0.03115154102287032,0.0736567468455307,0.050334680488179684,0.0006090061382641265,0.00029715253366817114,0.0005418904389123463,0.0010838124165909457,0.0008677619260917813,0.0008654517433184239,0.05189523612121249,0.07417295847492977,0.2,119
0.020548044154039727,0.026209800692220772,0.027947715970958912,0.04847060669425718,0.07009170519944041,0.04314311154951231,0.0007849604993949741,0.000418509451699505,0.0011831114982420634,0.002143101966538108,0.001215146549573165,0.0027124734136572126,0.05090667517436374,0.07337143827425668,0.2,117
0.0022053725214948,0.02197159567879781,0.027709280667010637,0.005918048826232605,0.052603951401626325,0.04474427866333247,0.0017059142148156115,0.000602740525417408,0.0016820056009289497,0.00879043787226741,0.0016983210808307891,0.008814253702470187,0.03982391242584044,0.0560916070557595,0.2,117
0.008270546977727613,0.013802818073478761,0.0233609586692237,0.023222917892094186,0.03283850614967607,0.032447965741697754,0.001616711939315259,0.000545671508747922,0.001543018358992816,0.0036597213838900355,0.0015870045613565198,0.004357606274046022,0.02990598953327677,0.04596656729115495,0.2,118
0.030254888139506577,0.06572932745845578,0.013029144916915028,0.05671942430678023,0.07930311386164696,0.028762586196827172,0.0018107034594616188,0.00028961749950241994,0.002103069226985006,0.01403949784175973,0.0017330884249853185,0.014076107900861334,0.07660170539208747,0.07997963567259582,0.2,117
0.016954085851523183,0.00822654823841548,0.026718991857966744,0.04235717286302748,0.018355942669023684,0.05801570279119944,0.0010044685806111834,0.0009173967987640141,0.0017495243554656074,0.0032433156089115567,0.0017438615894398435,0.0033380759942495675,0.036349359038012986,0.05876792181919861,0.2,118
0.0032153807628164176,0.009275299678873581,0.023509962477368956,0.006414423991688498,0.01972254636048809,0.04928794696919603,0.001045696577185971,0.000311975196841858,0.0013263740875775084,0.0035328139063364183,0.0008043517301461467,0.0035683587630064295,0.026325387483984882,0.04931664571958126,0.2,118
0.01843639454004267,0.026840946219565814,0.034958735207311784,0.031341722625025326,0.05731689376069515,0.07221371795396964,0.001469822772001278,0.0006738188544837627,0.001655788155167965,0.007183474441713078,0.0018075469815198586,0.00723132326036513,0.05552918302617063,0.07240409120809155,0.2,118
0.018259360468192667,0.02060971769601231,0.028139167450999626,0.031445973389084336,0.035909379841964253,0.0369800118718516,0.0009508949656610811,0.0004736348245929899,0.00082899256070352,0.0010632858787040789,0.0009488083937322089,0.001483731406147104,0.042057367279981946,0.05062197034827015,0.2,62
0.01756328295353644,0.027645372892484574,0.011426770479459378,0.029684794088638194,0.05670816763638781,0.020964814201301446,0.0009005329813386375,0.0007528767489021605,0.0011304270175760286,0.0028014361933978993,0.0015797107222020879,0.0028711807837367154,0.03792859684698393,0.06013464573671786,0.2,117
0.04074857414425008,0.022194794777535286,0.04222855885956286,0.050345758070371116,0.04031251275438619,0.049456154591691115,0.0006071702949990695,0.00041208349955391824,0.0009943336455620908,0.002261910693543756,0.0011548942444372656,0.0023554800747247473,0.06421077498820052,0.07100422386096518,0.2,118
0.027051175801209526,0.024239097728534966,0.0416077795459224,0.06637978361130048,0.05277918579491164,0.1001923963650101,0.0008534612464715033,0.0003864798290572619,0.0006641931474548573,0.0016406387137313239,0.0009506815130446711,0.0018180623297274767,0.06347862582336122,0.10191803371760093,0.2,118
0.027558959278831348,0.02236757465754743,0.039396746198089506,0.049369829847081215,0.03421086799661627,0.06077982589931824,0.0007048366374788496,0.00016306371846170164,0.0009709941958754599,0.001473461723520364,0.000549869322398755,0.0016344946404416305,0.05849479142613591,0.07219307515297392,0.2,118
0.018471813721216146,0.019560731961089577,0.06083855225947146,0.04251563244188061,0.056248760032444056,0.07348948766942792,0.0005739007394361703,0.0005223436381519233,0.0009258373206608483,0.003438254134666252,0.0010121097111794874,0.0034721248661542248,0.07123341466601177,0.0777724032350596,0.2,118
0.01501812242213537,0.06625657910836379,0.039909671308195116,0.01865718357379833,0.0798470764475247,0.059222720331656264,0.0029673147290338103,0.00037701415680945513,0.0030538884299251595,0.00626146494953117,0.0012815659140259505,0.006314633105212852,0.07984427537626149,0.09272964288074377,0.2,118
0.030787756031201863,0.016828914680514884,0.06723790667937943,0.04605631683854913,0.04494622923242381,0.08810168403044105,0.0007860298622122319,0.0004769856454521204,0.001601737333575162,0.0014469806479655567,0.0009801017634535891,0.0027471323223511313,0.07956522062613236,0.08955318552827159,0.2,118
0.01480764346411639,0.021532297572263298,0.035679586709493546,0.042415342639492565,0.05120296971676036,0.06087900624990866,0.0009802072705073846,0.0004976822308172951,0.0012153973464722803,0.0027360908777396276,0.0015769624534032745,0.0028669888121422016,0.050236446062085376,0.06441113508115882,0.2,117
0.03558643607041135,0.014457404691086974,0.027903041378839165,0.06668560541068114,0.042414651251487495,0.054296421437085296,0.0008123254707007648,0.0001732015185707837,0.0010822525516182757,0.0038343147961823476,0.000295503458694224,0.0023433861987984805,0.052912327855515764,0.09299740110925482,0.2,118
0.028686151220264817,0.025314920435499006,0.01574013922851224,0.056870025057361606,0.04218041317405219,0.02626678124978754,0.0006557742025873324,0.00030203516161677696,0.0008165231153359142,0.000951770916468142,0.0007165076784258206,0.0009670199210670138,0.04795167759273244,0.060664266935278564,0.2,87
0.03352277285095815,0.01955354769769288,0.04601997161868444,0.058507620463024324,0.03868293607663814,0.08937950779740689,0.0007365100781201534,0.00011292060714805451,0.0009743738282611152,0.0010188804022027709,0.00019641771248424256,0.0012916439813597247,0.06775651353702536,0.08957914671259194,0.2,118
0.022227914552678307,0.022995444802875346,0.044993252848896714,0.06128757423375325,0.05579467569837415,0.09041471668421341,0.0010603622309183025,0.0005097556260670018,0.0012410170121242364,0.011287176754743111,0.0013879500951130552,0.011698718284381293,0.06430052588659875,0.09283545363349967,0.2,118
0.028295443795896134,0.02809697742746711,0.054585126757571316,0.07035809901296103,0.07811372344594941,0.08374456859258711,0.002270980340240745,0.0007208210590883926,0.0019979057212176935,0.04361799071258021,0.0011869492687501815,0.04362485360155294,0.07897828046100536,0.09025805020570393,0.2,118
0.03581155836633804,0.034154792934675375,0.06229113734621857,0.057548540332840736,0.05780458049087561,0.09456935583519488,0.0013166970120724864,0.0002210133239586053,0.0016263138348299908,0.00595321530814763,0.0007969708037915968,0.00599844279459949,0.08599302583311737,0.10585290182440005,0.2,118
0.023707018228077158,0.01690490179025239,0.029902327000577964,0.06013653290068144,0.043274689791528737,0.07518768807758575,0.000728539612795641,0.0007838321855536522,0.0008898282702598884,0.0015258616316791151,0.0016397073943764662,0.0019974849739985423,0.04998790564521897,0.07587978262900745,0.2,119
0.01899710267966327,0.024817389775751854,0.04936170735699941,0.034126206343141174,0.05690350999611432,0.0926451005628437,0.006787643279338756,0.0011047452877914529,0.07845212878217293,0.1651902670063694,0.0017541720226026403,6.280956748911816,0.06370048849047424,0.09496943811289167,0.2,88
0.03880098097709561,0.04158849233291397,0.03615836952344508,0.06076652634558516,0.06741170680640324,0.06679786502354657,0.001483080437151576,0.0006341098066027215,0.001561101378372144,0.0029490608638442772,0.0014726607009521442,0.0026472951387170873,0.07552269364045483,0.09302015328222674,0.2,118
0.02145868220088805,0.016970093693232744,0.03494098823929299,0.04365322494084131,0.03019386524934592,0.048534532975528344,0.0007995330625459899,0.00036046299840558957,0.0007685930041745148,0.003006680974214415,0.0011190938409930684,0.0017335658728323544,0.04936635686753482,0.050417562331994285,0.2,118
0.029465541536380188,0.0276034925889734,0.028076291497704103,0.08292456248690971,0.07948527862781968,0.04519679604776328,0.0008618718372645071,0.000764847680957995,0.0010059756232346305,0.004253880558276579,0.001900575195965093,0.0037698762602285107,0.058933022872434786,0.09240578506410793,0.2,118
0.02968583675726709,0.023328581751960106,0.0515233190360769,0.06751980812101027,0.0542176264181467,0.09785187020309272,0.0003270509020853733,8.169520936363569e-05,0.0008728613877795029,0.0023215143420798334,0.00017104740154882947,0.001057351827156161,0.07172059803086292,0.10464650220561846,0.2,118
0.019083897131550457,0.016645615678280733,0.03502315568459173,0.03300241629365522,0.03236153759374491,0.06279605041518926,0.0010569408564600482,0.0005834553260480281,0.001411959299360576,0.007594153062162601,0.0016044206999987765,0.007298902187458989,0.04651289241638959,0.06327209018318496,0.2,119
0.024001302687089523,0.03670367836700852,0.05800159426231595,0.037992065686113935,0.059048503733591884,0.09553572052568998,0.0008438131828112408,0.0005908594726921958,0.0009545282867939189,0.002528142671792799,0.0016086882875893105,0.0025833624697652324,0.08013415527902762,0.09616952184550323,0.2,118
0.010738633325993311,0.021037060677545447,0.04164721157850788,0.02232259484687707,0.041113244295946816,0.06930667215788255,0.001179577703786187,0.0005377963478249435,0.0011530646810734965,0.006548283801103061,0.0013355468470642728,0.006574495323993901,0.05215107427936342,0.06966088386250265,0.2,118
0.0060134120415376606,0.01005244231745505,0.021945079123844826,0.011580984298043356,0.012935151137113715,0.029470940981348143,0.0026446942694419943,0.0005834829410573996,0.002664079487950793,0.018024841888405252,0.0012651779178385336,0.0180368725091411,0.02601637030328014,0.030547933078229783,0.2,118
0.005678271411495336,0.005937121788134307,0.026699223018019358,0.01730723214729174,0.015593206257990724,0.03979348245257605,0.0021878754034897483,0.0005285081609066356,0.002411138686895958,0.018105881778094496,0.0021426088606584237,0.01730002994151869,0.02909736696874439,0.0404620557527482,0.2,117
0.022715543797178637,0.03187788871849181,0.02219353636750069,0.040137232031239034,0.06264581381774387,0.03540802665413903,0.0006944691929342997,0.0001681155734206463,0.0008388831416048495,0.0015919898673139032,0.0006002439588965736,0.0013236044665676516,0.05022561691203027,0.06702961518353501,0.2,118
0.0152035867717572,0.03093095790672083,0.04245597215797336,0.03886581088951746,0.05088028374899617,0.08402638771623289,0.0006129768471340338,0.0005618640963997864,0.0005210321393769113,0.0015624131696378996,0.0012246647205756134,0.0009801416964359544,0.060358798632638384,0.08440967215398261,0.2,118
0.036386637925016285,0.05497603829876099,0.02367439153434724,0.06758051895767597,0.08924559646588515,0.02726614029943039,0.0014379171009591186,0.0005862924843389425,0.0017471279588895086,0.005431149378886141,0.002033492555146177,0.006403039096003926,0.0749767764762207,0.09373439790589551,0.2,102
0.03342565330480876,0.017333080502503685,0.06570250169304444,0.07450490886162464,0.04469060800402458,0.09338201885392966,0.0016420057721576935,0.0006741452096686785,0.0017449413998575556,0.00872003353002837,0.002170515469314571,0.008497642010258488,0.0834694437353793,0.09517140521514587,0.2,118
0.03271533570371254,0.02968572811952053,0.05189998572278823,0.0631226379160929,0.05738319612935955,0.1075458183087783,0.001155701258989182,0.0005694001564247937,0.0010703145722146539,0.006712634724233002,0.0021488278405616956,0.006221278384849427,0.07771750744235717,0.10758269222845718,0.2,118
0.024397454620756924,0.02522971645569775,0.03970387023424671,0.050520488622260884,0.0730257886763706,0.06512080109845941,0.0022844325662554877,0.0010285780012032038,0.002510609474528582,0.014667920923231714,0.0017502195731549097,0.013523606822873901,0.06072565321204464,0.0737423068310543,0.2,117
0.012034115022061047,0.04100838129499598,0.04342994270894096,0.02213492961993016,0.08718065555497806,0.11080635114787374,0.001704962011105941,0.0008511918086918524,0.0016308359071953553,0.005366717353889272,0.001565701054932589,0.00477517787417181,0.0670780856314517,0.11138813457827325,0.2,118
0.023756849789644957,0.025718175613999424,0.0414766689599733,0.057742397976814186,0.06963176205280186,0.06931897821325173,0.0017583601915769917,0.00044513777922636596,0.0016057066055320968,0.009368460331273365,0.0013556641303603678,0.009390925297742325,0.06350682895011642,0.08466160763052338,0.2,118
0.030226161248293595,0.014685787837634152,0.012887720442232435,0.06179108586182164,0.04897072143169576,0.02688597029556372,0.0005275374569955885,0.00048088030764826926,0.0009351146426788026,0.0016713049591831064,0.0011701675395969224,0.0018499666192410835,0.03800443331586331,0.07836993569172111,0.2,118
0.019915988240555113,0.028793836869421923,0.06756217302901424,0.04770620081532939,0.05672677917324426,0.093726149992987,0.0009556783289196186,0.00045105259066339386,0.0010564211888879416,0.004329405983057866,0.0011782437911595223,0.004229806864661789,0.08066368139738989,0.09448606994174048,0.2,118
0.012102764619708063,0.01068098484637224,0.042695823216552575,0.023469741691002327,0.031154934619080393,0.05284310892381805,0.0008782274399885011,0.0010479907846310563,0.0009353216754366812,0.006782813717586933,0.0018303078806530815,0.0068101487044393005,0.0474788890645631,0.052984756580968455,0.2,118
0.01354455244379111,0.01800032280152991,0.023560850416875494,0.029068224338066856,0.026432733101056982,0.048410516058247755,0.0012067211563967148,0.0008577935122201249,0.0011730576688804973,0.003993234808949503,0.0017847165308627622,0.0040584330794295465,0.03610623760498175,0.05383915451654535,0.2,118
0.008088632114894544,0.0292878766041336,0.03424440446422638,0.01898278363613775,0.06002218841756102,0.05507125839656951,0.0016844263449746488,0.0006558652498142823,0.001807138970248214,0.019478484611061053,0.0017085554863238706,0.019483244524310495,0.05147763177660028,0.06562554730405562,0.2,119
0.003427259078976742,0.006993125454182884,0.02313934739428353,0.006272488426155798,0.016193248292300455,0.03141810636252418,0.0009070419698771629,0.00042269037970292994,0.0005798830664388267,0.001917588586500596,0.000818753182278309,0.000987933592632828,0.02491893489485702,0.0320352810410689,0.2,118
0.012551726992298413,0.005101504198834966,0.020689948080032626,0.017199749526431107,0.016926895715624668,0.02506726886255073,0.0007865655589522323,0.0008809764406167321,0.0008203520213426631,0.0018060790526707449,0.0016148941663470806,0.0015874619412594715,0.025670569820712197,0.028457219410749635,0.2,117
0.02438983770719014,0.01800760735143954,0.045894976027937136,0.06047506275782427,0.04953197014720845,0.09702619005529711,0.001632687310056454,0.001043011242623089,0.002060806531165553,0.01555474953114988,0.002229866561739513,0.015422015764940511,0.062102300199231825,0.09753990334705788,0.2,118
0.024732706489472775,0.015701779660366646,0.039956800781757694,0.06418018341186099,0.0574889321814627,0.051639930250597876,0.0009757168725304617,0.0008164878254357858,0.0015438459356217744,0.0028793505642350503,0.0017147658238452212,0.002973252076309274,0.053680752052745605,0.08161115554640155,0.2,117
0.021367253189305938,0.026447544807494425,0.04156579585818237,0.05742915997847098,0.06828265590021643,0.0795414539747577,0.0011071230225457303,0.0007506976340499143,0.0010335230338670025,0.0014623921088415814,0.0012501148671639206,0.0013988481311266732,0.06343437140480546,0.08098672577978641,0.2,117
0.014190883135961573,0.020395024703470384,0.03446376911967147,0.030679248778224866,0.045427297194268385,0.08262701500384845,0.0009497399622294328,0.00046993103278796975,0.0006358091615544287,0.0013859697229688661,0.0010282977012887606,0.0014622046114602938,0.04958136243334523,0.08356603747906266,0.2,97
0.024771269392134317,0.025140397156575536,0.04822511696099532,0.05651160324340182,0.05584952970203558,0.08413277586482398,0.001203116446892845,0.0003028565782915639,0.0013676772343519958,0.010588010457889707,0.0008142848011608583,0.01070365056478595,0.06790586186579271,0.0851048421500788,0.2,117
0.03078101869347772,0.02654324795258449,0.03986195122870907,0.07460624662270732,0.06502638746479605,0.08230978836481168,0.0006874337436247268,0.0003214541769616441,0.000713589510414789,0.0015023601591382385,0.0010868562871620968,0.0009553523338162173,0.0669457230553543,0.09820436385198468,0.2,118
0.03340666012932111,0.03873884952610262,0.021901589291479326,0.060396635115642694,0.07704165061647933,0.04665625990497296,0.0019188828252577916,0.0009459067003070088,0.05547237742851317,0.023132427941994216,0.0019951120781429577,6.274433279456218,0.061163176573052494,0.08269145175106371,0.2,118
0.022294408738709214,0.027027178179286546,0.05333103425077082,0.04979265515902398,0.06610173440688422,0.08699788858517721,0.002762886381586512,0.000528601705338238,0.05606561631507761,0.014667731675201523,0.002093590174701454,6.282237586275555,0.07281494471324947,0.08725624710262829,0.2,118
0.01983222577381442,0.014143091152771108,0.03310710326255948,0.04478086086059918,0.032948369408491635,0.05049855025568001,0.0022306455074397615,0.0010473670039488276,0.003185261121604005,0.009289115368978695,0.0022343111611384803,0.00903143545036622,0.047454780847103015,0.05233701919544799,0.2,118
0.013470558142025354,0.017222706364248427,0.030478641755660105,0.038688909227056034,0.0408630432372013,0.07172006836294287,0.003552622552577645,0.0005461594032563399,0.0034334296289751367,0.056282622736501864,0.0011244166208344009,0.055514310981352066,0.04208805180788197,0.072422809600366,0.2,118
0.019323668743357125,0.033257234395262174,0.03953127381501007,0.048795693056914974,0.08039467525379879,0.09392813646385312,0.0018124170814139229,0.00018884100241365297,0.0020585016220378348,0.022529863949397377,0.0007622878144208922,0.022555147090879135,0.06280744516122591,0.11199053082534681,0.2,118
0.016101774787929218,0.010894563416233806,0.035282293885999606,0.05288512693724823,0.04354076522321479,0.06602389307333234,0.001131486022574398,0.0006496949144845359,0.0009292804998557254,0.0032824849198442863,0.0013371720541283105,0.003376653088080772,0.04486573765990679,0.06834240927410126,0.2,118
0.02715558104740536,0.0315100217635319,0.04401246645947563,0.061600364830309035,0.0697779192252806,0.0931491553052139,0.0016051330190803269,0.000561987857460501,0.001335101098064329,0.025072467877382376,0.0008995503408366634,0.025082109035230893,0.0701269197692646,0.09479699057888243,0.2,119
0.032028120511961695,0.027631430008765032,0.026733577317565014,0.061159789577878376,0.06585718835931043,0.04256631084516091,0.0008280818531684401,0.0005422315967697152,0.0009167558414182206,0.003214583998737197,0.0009612856871256126,0.004245205042275657,0.05856025756013739,0.07063942491875913,0.2,118
0.013666944034733355,0.025388083751092822,0.06656335169261697,0.031163955913312752,0.053796968852658444,0.11333802357642564,0.0022736566635187016,0.0005681107032929621,0.002499500419363965,0.031257494961997256,0.0019193527096348362,0.03200453315987051,0.07406767894726105,0.11991027884119457,0.2,117
0.010112688247124569,0.0022915281166143433,0.1002625943566668,0.01347213790147092,0.007819904571094074,0.11441083038370858,0.0010003190873276143,0.0003910610449245553,0.0010798958963591733,0.0017942633125104246,0.0012522076796112475,0.0019469316316129692,0.1008630457011481,0.11487160346230789,0.2,103
0.03907802051205144,0.028842803190944764,0.06177561291308299,0.08111690673287641,0.06588047437858197,0.0920946908944299,0.0013841187308983572,0.0005729058088121453,0.001229343776011561,0.00661397619175963,0.002022324467218839,0.006765863497288249,0.09067684702961289,0.0990098007296356,0.2,118
0.038788034693708506,0.015321481071422784,0.05834811651765975,0.060097886297517444,0.02693861522294308,0.11268585230195682,0.0005672069481381482,0.0008357120215939247,0.0005901034367930653,0.0010519602888812152,0.0016147928503607023,0.0011557228928074093,0.08081886034330937,0.11375588384371597,0.2,118
0.039029455900429146,0.0320327184316994,0.051586245494248395,0.0685924644739791,0.07819945479910773,0.10891583779804437,0.0007666999984771394,0.0006542517402507657,0.0007244320074640556,0.0019789456887022716,0.0013809442823124463,0.001958582409610665,0.08252047784499866,0.11262980346730651,0.2,118
0.04602150966054552,0.0405266518142101,0.06375890280734405,0.09823931940064462,0.07869474843401586,0.1098914612044356,0.0009901483478207693,0.0007881322409624119,0.0010509652535437067,0.013311909184407389,0.0013895689715166526,0.01333169397591627,0.10551556611024417,0.11383794945296846,0.2,118
0.04055368785004364,0.05317822165229733,0.017429419587786012,0.060243349748317354,0.061996256270629546,0.043234588899824206,0.000589457083478077,0.00026886784512493916,0.0009947976949085783,0.0008839432385774337,0.0005789800526827538,0.0015036201316982467,0.0707603985711322,0.08657026730128585,0.2,116
0.006675404613810717,0.028674847026236894,0.03132771425343704,0.01258302936326458,0.04675335513676493,0.07311422340259233,0.002427265297459929,0.0003927363936687158,0.0020940094098397537,0.022549641686203215,0.0020495224176324545,0.022573810868735,0.048390514280558496,0.07325169400329025,0.2,119
0.0247998488064868,0.02284669775313324,0.042164093175292156,0.06419049865087167,0.056362713599046044,0.08880235160223199,0.0009073477685119944,0.0006372470484733521,0.0008786178294463784,0.0015225536521210614,0.0013957977779394115,0.0018502066698329322,0.06288262453173736,0.08903467223202771,0.2,118
0.03078436317031064,0.012471879544819651,0.03206662839227608,0.06596693421506117,0.014413374207719404,0.0817146474000186,9.361479566923017e-05,4.674017854495297e-06,0.0007994327441883288,0.00019347603113262224,1.927277952129547e-05,0.0008157831316422115,0.05179554113085051,0.08532094240862036,0.2,118
0.029359763025231515,0.04027615001360692,0.02902375152340176,0.04751409927083036,0.06572260136704794,0.05097337406051625,0.0010157385071298385,0.0004957028194513882,0.0007937655426766876,0.00615557307394618,0.0013634705463255181,0.006199440107699905,0.06401126036448107,0.07557339302712471,0.2,118
0.026699757859187125,0.03240687934989149,0.06419257873073587,0.06408769068917025,0.0723117827063921,0.1112666919568921,0.001120413350516228,0.0004416614258776207,0.0005358946241685318,0.001502370707312961,0.0011221878013207565,0.001286123402088002,0.08751549113032729,0.1113345505843722,0.2,118
0.022615447285437622,0.0223481649471759,0.036092800287972814,0.06936587022233537,0.04505293678607364,0.11708992466915402,0.0014132559175782963,0.000946073415157435,0.001625493652442619,0.017603774690730045,0.001838843607412155,0.017621351934879126,0.056521841438090234,0.11782205685096463,0.2,118
0.027993002770442685,0.029969696330541692,0.04880789599789482,0.06646046812804274,0.06944307486126133,0.08836146829748781,0.0010518929027407112,0.0002070841738414181,0.0013575490557863703,0.017338682637494385,0.0008142697664978993,0.01705967288334853,0.0733946093148856,0.09283198810404943,0.2,118
0.013583809613125561,0.014360755730765614,0.08291341699581485,0.033239808059565265,0.034834014139197844,0.0987973910746473,0.0014000359637224371,0.0002857192632164754,0.0017253708232431281,0.023661513682711632,0.0008733675735304036,0.02367216951495199,0.08717390265158677,0.09893656886527089,0.2,118
0.04637874054034304,0.043453918008375274,0.0640397286141716,0.07881446274411119,0.08564181540945681,0.07973150673520324,0.000899949585975536,0.0006529242279743301,0.0014597682654115959,0.005297366664686498,0.0011894364810081104,0.006114532235129255,0.09548429931141798,0.11605496596198872,0.2,118
0.01603907918935392,0.015201132694810866,0.10554277363876946,0.03205727905016169,0.03746421315856607,0.11771046304717991,0.0008749231849049724,0.0005596234281833173,0.0009563103091264307,0.006455077802589582,0.0015780470876188661,0.007273298762789704,0.10902344426110423,0.12473222677532601,0.2,119
0.01072148277936511,0.004446410249474828,0.02328321649731692,0.023857574222880484,0.010489752144405617,0.0395937036202095,0.001063964639232884,0.0007691180893539095,0.0009050124573556027,0.0055469754439623625,0.0019957486272379477,0.004658792764607678,0.027579442570198145,0.039711479571704955,0.2,118
0.01747528387858567,0.011446421064235985,0.021088175203216784,0.0625467627613952,0.029929088106082802,0.0333904378333402,0.0008881193938279386,0.00026527194233222454,0.0011214632760048378,0.0025368461525387964,0.0007981746524596822,0.002711185399871141,0.032743727167029904,0.06592084632381802,0.2,117
0.050823864883736906,0.014191021413965436,0.054235111097750095,0.07603931433481964,0.03522319224167825,0.12164835084677428,0.0006095954326296388,0.0001942862518906401,0.0009133931836721876,0.000798898040539231,0.00048639154435103915,0.0009890992380188202,0.08338594148552603,0.12221858382844257,0.2,119
0.02379684558381558,0.03443234633267858,0.06595783109417155,0.05505203453819574,0.06816720934766501,0.11630234495671565,0.0014471193478789305,0.000737995523194686,0.0018713170790097045,0.002372789363542349,0.0011735104876274827,0.0029250743273370183,0.08522204410707351,0.12221684122906795,0.2,118
0.02000039690736303,0.014160665050435985,0.019680103025683283,0.028612170610374354,0.03248764062542506,0.03625587088149618,0.0009179012913246116,0.0005127253425423573,0.0022322006173212563,0.003229183329196861,0.0009169877174598495,0.003149276891649899,0.035147559992355616,0.04399396579128345,0.2,99
0.05219648120545078,0.02733308656398511,0.03695630222305958,0.07262872554263117,0.07641957350202488,0.04643289052276858,0.0005987114024170558,0.0007995352189456547,0.0009439412705711518,0.0012416149712958235,0.0012287992716483453,0.0019477632566593517,0.07392013660082394,0.09232064861039507,0.2,117
0.017100700869880685,0.018637848311544553,0.019513401549429998,0.02592477461389088,0.046842071568067356,0.02618571707371664,0.0005905968363011305,0.0005995669715935326,0.0007528707650668696,0.000852362128712203,0.001116569752062091,0.0010409062592517948,0.03314794740298064,0.05622770237117599,0.2,119
0.013601500360377265,0.020087872793544567,0.01411488327900181,0.039713042171532376,0.03907939026452065,0.03185959117797915,0.0008071905764493845,0.00035757521703026985,0.001140665111320006,0.002510270923655522,0.0013500680610160076,0.0025801788030752615,0.03022998875568046,0.0558945701003509,0.2,118
0.03840684112125073,0.027445869605463687,0.05417327430668189,0.06952527463187536,0.045166600825365,0.10157065762546352,0.0008137135576153393,0.0006787290316357925,0.0012470321205050238,0.0036391553309303992,0.0015949369163902327,0.00373336730777285,0.0802461041749439,0.1055490744643643,0.2,118
0.024233735342871585,0.02411488269457176,0.03973428033413277,0.07036974936227197,0.056962629699304906,0.07040585315032205,0.000886404620799697,0.0006869834267476043,0.0015065291245002187,0.0022421586225914725,0.0011709957390056147,0.0026562017977445063,0.06064405465948832,0.08141745645201602,0.2,118
0.02387904118183215,0.019112543356635866,0.04475185553112263,0.07440102483482164,0.08859809312639633,0.1208703433889895,0.0010785363417440488,0.0006359006248741654,0.0013755357468256684,0.0039039795768907037,0.0015612452745055183,0.003974141740053616,0.06084881042567373,0.12133298429158602,0.2,118
0.042461386645597364,0.04280249799548023,0.038257482788377394,0.07454758067072131,0.07060620902312897,0.09107548282978628,0.0012219625185776555,0.0005590023830738161,0.0011718986875213259,0.00224199218594906,0.0015508502988077488,0.002415645573051517,0.08006582026670202,0.10271304949008413,0.2,118
0.004801060285464005,0.0057441515781535045,0.11068030155765839,0.008280052682026584,0.01659467731798496,0.13587773417282,0.0014349264988140359,0.0008435286051884055,0.0020314041452849305,0.01823241015047583,0.0017646455993096666,0.018257433210585372,0.11103289421485008,0.13634707364249432,0.2,117
0.015125682918499668,0.013421935203754922,0.030225891937095295,0.036796658346306466,0.030821958143175288,0.05859115204717927,0.0005128049467891433,0.0005426862996435694,0.05437406417511524,0.0017848332708943274,0.001530651812185646,6.282331331919652,0.0403523820987933,0.06164941336955624,0.2,118
0.04612155003675231,0.025331073715558518,0.03021808862834484,0.0884083229205162,0.04534042315097303,0.04835180229567962,0.001807925662308572,0.0007751919126457919,0.0019184684559897332,0.006619056953472757,0.0016586963287176237,0.006653032760210564,0.06778082836208557,0.0896514503053339,0.2,104
0.03973875613821367,0.03314463793385925,0.04322291154287618,0.09021973151297441,0.06564308833315002,0.08650556760313033,0.0011117446294354508,0.00032568120716674413,0.0012857716984765505,0.005433928257193965,0.0021587472072290836,0.004910900507629545,0.07749999463901777,0.10707594378852581,0.2,118
0.014553458668359455,0.02792572058732725,0.03345509088230819,0.03570034669636024,0.06741897780988454,0.07261030804199098,0.0015561603989191265,0.0006887586496752516,0.0019034353558298165,0.012727120393397406,0.0017181291733771031,0.012751606805966542,0.053431375169797304,0.08603060124792049,0.2,118
0.041696901835707824,0.042493723591846014,0.039042833889927776,0.07018128890619713,0.06405542132558045,0.07027309928694647,0.0009397507323078573,0.0006142762701819118,0.0011580179939768424,0.004832335612462213,0.0014575488858923624,0.004861325071228606,0.08077747804818144,0.09344670751910593,0.2,119
0.013854637694026516,0.014125928902207653,0.03071899503463374,0.03748357857989651,0.03394383613073254,0.05488608043796794,0.0011937400329121426,0.0008218208702344157,0.0012227980575998541,0.01576202255989889,0.00149060528973477,0.0157772999985486,0.041884632530779474,0.05631773973700226,0.2,100
0.013825083174649993,0.03899839837755453,0.05487333407699644,0.038341413279611325,0.09906918023306344,0.12985368898263117,0.0011310978994836637,0.0007131000243152956,0.0012074539182326083,0.004100853169894947,0.0017176202010972252,0.004158118004284672,0.07851499154056728,0.13075781508260267,0.2,118
0.03974623765454129,0.020290774605741798,0.048079009263043475,0.0658884069678769,0.04079786735183975,0.07209737775555458,0.0011810173264228839,0.0005292386087008151,0.0015069575471991137,0.002771978304685341,0.001892042958558271,0.00369415462868683,0.07287936811683768,0.07882486792272617,0.2,118
0.02280078192684159,0.022937464875458245,0.04911963481965346,0.04978083762968333,0.058589393720002464,0.09379631767778857,0.0011317747203769418,0.0006254073551122406,0.0012647515166154834,0.0024962997969486533,0.0016002040405163065,0.0030312657066551285,0.06571468834564162,0.09607363660198405,0.2,118
0.01716704966114728,0.02093420782330562,0.0304254146112483,0.04308009413703173,0.039093656507542346,0.09245509926942891,0.0006359859878940685,0.0005241392358242282,0.000985612610188341,0.0015998371960246338,0.0016016616588872545,0.00228428638187661,0.0456506037836309,0.09376930285754201,0.2,118
0.014222763176410268,0.02196310537471717,0.030349667721604974,0.042481009259419944,0.05008763239888378,0.09730591606733852,0.001287446193421279,0.0007242872977534094,0.000995429548752774,0.007615001851890124,0.0016896039244683747,0.00764381265822589,0.04686082448860489,0.09731312014577859,0.2,118
0.013691762879480115,0.03601795946299818,0.03974956265865616,0.028803763336377297,0.06894592717260789,0.10306904766208463,0.0006710744209982024,0.0004176227417551119,0.00090721800844218,0.0030589738057136273,0.0008460304623105763,0.0031597351092214065,0.061801496687624156,0.10404554641728159,0.3,118
0.057348527788440296,0.030589614356464782,0.01540547280041246,0.1081504934182475,0.045135644221783816,0.04027317778575587,0.0022892826088159422,0.0007987157344072814,0.002403005731684293,0.027619107110028684,0.0016268916666092315,0.026155029479049574,0.07216258022247504,0.11538197224736893,0.3,83
0.025103854476994567,0.03990200515124352,0.05048721107411393,0.06235135955253601,0.10242883834639521,0.118340899791616,0.0017730939070096788,0.00032000387875428653,0.0019458435184230417,0.03641664127594657,0.0006681154345649087,0.03657895985703952,0.07847055394199176,0.12239606465096563,0.3,118
0.03925853515774542,0.028286462047430874,0.08141880825607498,0.0710815480816745,0.07343952632796216,0.1182089472364225,0.001107790550153018,0.0003590918040593761,0.000708110845367153,0.0024954351820355436,0.0007023274269214452,0.0011438112068316575,0.10145057632001188,0.1210500512414856,0.3,118
0.02639463813151691,0.03777666078015857,0.08275861323430252,0.0516635017483415,0.09137527554055785,0.1124775907371639,0.0008657744094071122,0.0002961219375911553,0.0011355408147569307,0.003731915110282591,0.0008261517216905934,0.003745515657602727,0.10194850581335366,0.12143057241917246,0.3,118
0.020294817329186223,0.012943264359343473,0.05004821644516947,0.06427546435887493,0.03277481521182207,0.10309920870720896,0.001095410873735216,0.0006025988720349645,0.0007190845644673089,0.001528296264383222,0.00109553182091493,0.0012537973478730091,0.059928616076578484,0.11489667191798128,0.3,118
0.02539803925323774,0.04489285621563725,0.06187523917519556,0.0590632600987408,0.10533163073100105,0.12603337889115618,0.0007556398573200596,0.0003418122764597942,0.0009217351186440766,0.002389565827490281,0.0008122307129685424,0.0025036172864012496,0.09092174581875782,0.12820734273800177,0.3,118
0.023227125821629606,0.02489112007605189,0.026124186324503147,0.04862693796104672,0.049023167733671186,0.04910804848472752,0.0017055108785826963,0.0005648772750410102,0.0019077514169912302,0.0026083770702545195,0.000956097751826035,0.002717015526175537,0.04677098137654336,0.07104663220540992,0.3,106
0.02146484551695637,0.014212936390032672,0.04598384872955809,0.07173954080544181,0.03777658905316121,0.08095666143181424,0.0008810197016354225,0.0005887152998384774,0.0010548694991369715,0.0016961428156712088,0.0015315144079506848,0.0018053562463957729,0.05940670939994478,0.08601215085882526,0.3,117
0.037114147490488705,0.014897141710142371,0.043867513640540666,0.06415542820071679,0.0325203515186101,0.08492019180905208,0.0005752712410552891,0.0005281403012442518,0.0009975928773639485,0.0009746135768597952,0.0013146887196501256,0.0023789148058024345,0.06627585037708786,0.08565112169868205,0.3,119
0.05015369676119153,0.029706560066810665,0.05329274306144369,0.08910118896021924,0.04940448685267246,0.1351256919671543,0.0007454312380102242,0.0005507419003369606,0.0009340625673045676,0.0014174365394409305,0.001640493549805777,0.0022905719644872313,0.08902436032947225,0.13523318871019344,0.3,118
0.038590347297356054,0.016298874301470964,0.05040989209652237,0.06875376689116719,0.028567076945622827,0.10308866754167617,0.0005038494347250575,0.0011951863551146241,0.0010303500479549488,0.0023586179288431763,0.0016501148993563475,0.00388052054607968,0.0730209954852377,0.1054664278049926,0.3,118
0.04325291801505807,0.010896743407947244,0.06151309621768462,0.10150348514812335,0.026366048927885466,0.12167411538848727,0.0007679172338747944,0.0008774884143371048,0.0010618733543057367,0.004154695842756517,0.0011737134670077587,0.0042260652970309565,0.08463083351340889,0.12628926849127173,0.3,88
0.03892721171173113,0.01644211046054954,0.06701934581918152,0.06092651962402587,0.026424003096934295,0.11012029813908192,0.001210682616949239,0.0004603021305601257,0.0015846917609107162,0.018865366696848795,0.0008106393434859083,0.01888127713868193,0.08396876626473004,0.11045145155372035,0.3,119
0.02898291315667888,0.017480352270557248,0.053210453271015624,0.04247168427129866,0.024884274754080365,0.06610477669975517,0.00021996163126580156,2.9360726838917985e-05,0.0008059340160437084,0.0004686257329445942,7.469032750983401e-05,0.0008921471316605256,0.06388921402143351,0.07368857797730646,0.3,118
0.01802006160510282,0.02938203883133622,0.04679523436389841,0.06506672582985557,0.05034324457181863,0.0730886432414698,0.0016978612058976047,0.0008181267019357499,0.0017102918213488078,0.003428072715105035,0.0020757107081612602,0.0028883023130317764,0.06436285003708107,0.08865658590722496,0.3,119
0.015536510837433758,0.018928175938152866,0.03325022243752001,0.0354660424482917,0.03494724636624605,0.07211280808578785,0.0020581990927788884,0.001097254925234923,0.0019927698802453186,0.017587716896364958,0.001632195151879956,0.016274400708664594,0.0462679553488454,0.07214121505337281,0.3,118
0.008115532419547496,0.012260256569335933,0.03511521931735916,0.01400123033102671,0.02024554206653803,0.05238477557444357,0.001679694609160738,0.00022939904200492791,0.0019836073248379552,0.006129319025578006,0.0013515528082834738,0.006149280137221602,0.0386918700534139,0.05563954342652552,0.3,118
0.04154414821234954,0.009477295129923053,0.02911910007092282,0.10097650725445312,0.02171408607811906,0.05967700870976972,0.0005990076843459308,0.0004075263164277425,0.0007403938894752353,0.0013410714717636552,0.0014814690408021525,0.001580935186698551,0.05899519371417429,0.10138671255307596,0.3,118
0.0165923899857313,0.020379338446363127,0.10074053078090248,0.03909760243757171,0.04098016866006843,0.12128277793735026,0.0006850909224778562,0.00015007665670373308,0.0011020188049373559,0.002191581614960879,0.0008010364546482407,0.0022437637965462276,0.10584783302173607,0.12317310550821041,0.3,115
0.027148336381476314,0.012787178444392196,0.04151743821390482,0.07187033885532185,0.029191214204716223,0.12237832794205145,0.0006127505458377509,0.0005522206815258148,0.0009457502357803902,0.005153434978986349,0.0011395393076949756,0.006731138120388835,0.05936675425996174,0.12335400173982634,0.3,104
0.022460308925953958,0.021939220233746934,0.060086374617131996,0.06585762760909347,0.057182763603307485,0.10708018240093103,0.0008699454897512856,0.0008228009096793726,0.0006977342651222102,0.0015653987222014054,0.0014127915117554402,0.0014584852259000441,0.07182472159462223,0.11537170446225772,0.3,94
0.028854102760057482,0.0325101317204417,0.12311002772400864,0.06763711241897563,0.06391216034202879,0.14274910164170596,0.0012475254693828704,0.0005705427667016641,0.001370878724629438,0.010359560178408778,0.0012008391267013252,0.010384971662522169,0.13556057462735632,0.1429049518455781,0.3,118
0.02926652600141125,0.039861067473667404,0.05337130830118219,0.05251435892030176,0.06206183228749035,0.08676506407342721,0.001026596270734869,0.0004691383448863638,0.001313702343277118,0.0024829353499910556,0.0014796012469354691,0.00258039713278313,0.07646501975779195,0.10153307249859353,0.3,118
0.029453743592697534,0.026385674279832055,0.0554415037962332,0.08406917778104267,0.054487888526917716,0.09196248971469745,0.0009197197855503786,0.0007189363904268315,0.0011315999038172635,0.005562290917319412,0.0016516174764568126,0.005610447930080031,0.08106123716014435,0.09995949520158354,0.3,118
0.020432264688368142,0.057521650084299575,0.042792119269627914,0.03374103086069768,0.0968168955983123,0.062075163413865486,0.0008541878451771306,0.00016037151175314108,0.0012350127947047024,0.0018821398579379478,0.00038115131250372747,0.002116236266037408,0.08235988537361819,0.111174235269965,0.3,65
0.028585219749835907,0.061986066363673854,0.06747622119854317,0.04497982011140278,0.09380771218044937,0.09389241860788955,0.0010604478727118162,0.000677035632753931,0.001137896352171195,0.0031077440010125745,0.0017819621647016115,0.0031554730030443068,0.1010682827014998,0.11135862745525403,0.3,118
0.03883324786850062,0.04940218660724865,0.07484896332471647,0.06451251005921133,0.08944568989637369,0.1116836955224888,0.0013840905995487758,0.0003520454985092727,0.0017185490603447851,0.03385466320018149,0.000942533260494649,0.033863872815730556,0.10603856791283774,0.12781493909999053,0.3,118
0.03764994699641087,0.031609418760222524,0.058414238259662625,0.09465242998461243,0.09547965713261874,0.14232173273924054,0.0008050866991205609,0.00046753825730602705,0.00117249607123743,0.0022522594502487614,0.0013036434699091881,0.0034953521474525573,0.08801489412485908,0.14514218752160873,0.3,118
0.010897487560419658,0.014255164226663015,0.016352898973187167,0.025828108226741434,0.03390254849741614,0.04265625105128534,0.0012981692726465896,0.0005412485116534639,0.001704258731808466,0.003080381866174431,0.0013284178182930706,0.003176684209491798,0.027057555993592327,0.04795602770424111,0.3,119
0.028879597402445528,0.022246294394072937,0.025407754030940692,0.06182091888982666,0.05681012464834792,0.051698297609300226,0.0017308738763104172,0.0008675668366402247,0.00196096682751256,0.0084517376150548,0.0017235745581867246,0.009917455004343934,0.05121227307379655,0.07251593383902087,0.3,118
0.03384057178042116,0.023487103712775292,0.04955593439866938,0.07335863025808315,0.05458440179401031,0.08640240278935896,0.001558408069150716,0.00036331062825766935,0.0016100507500400234,0.013190716851104733,0.0007956380949076802,0.013204565491204523,0.07422818737246381,0.09262885225886403,0.3,118
0.04160554596347203,0.04109167252423227,0.015716212234629923,0.06909414093650201,0.06397698421465581,0.027083812415367392,0.0006057519173589404,0.0007875610705848816,0.0007166396615851098,0.0020897387422371683,0.0012795620736498758,0.0022294034354435333,0.06713734544249254,0.07305100676136253,0.3,118
0.029004947891717453,0.033473479393404684,0.03642919710234609,0.051619453725590736,0.06781410622812578,0.048479833182583004,0.00040552801781740906,0.00025308200887666537,0.00083561728449974,0.0007103666231023098,0.0009816671484214057,0.0010118199370827696,0.06213528642991933,0.08167689097741608,0.3,118
0.025799255186934735,0.02484847803197345,0.035163839736090205,0.0520904113629915,0.08139476595883793,0.05574967768550351,0.0008893304007763188,0.00035779698200209527,0.0012244987836817678,0.004139362910415834,0.0012629347376555966,0.004198633867110724,0.05606663434591024,0.09345406941194184,0.3,118
0.03520999525694752,0.03033194909697368,0.03745177952472296,0.07475342906580701,0.0606280082137724,0.06476396608957088,0.0007066014549232927,0.0006228580646179927,0.0009511792730506199,0.003964398676594261,0.001735027277293355,0.002842507782361725,0.06753757150139902,0.08815532559396934,0.3,117
0.07169953648372976,0.009302680052000583,0.035726397549913164,0.11055169542221827,0.02449643959384476,0.056440071890541926,0.0006312583010236858,0.00018553800118065704,0.0009913666025934713,0.0028462324772262626,0.0006723921263287469,0.0029527589532352128,0.08384566843400869,0.11238818162821165,0.3,118
0.04287680406350481,0.033880685553936696,0.03870650061422681,0.07291559293102134,0.05945363533755135,0.10484043773976076,0.0007612935773951088,0.0004828017019004712,0.001083794264375795,0.0040969319418537875,0.0014338013279217021,0.00417121072847082,0.07140609911466418,0.12797412253036655,0.3,117
0.022162310765457792,0.032879213676291555,0.054678018424613783,0.04663912037993592,0.07741562356788051,0.10996982399824595,0.0013833697897412734,0.0007446490177137767,0.0017475891776217352,0.02008881180355848,0.001588697427451824,0.02010421884193936,0.07472080246394235,0.11032838302940681,0.3,118
0.040171894653982416,0.03601847743970478,0.042078929021949,0.08973249735425859,0.09978267315336992,0.06804195407287078,0.0006536868444251121,0.0005278157153700639,0.0007853891012644494,0.0017017388520446791,0.0011446585062440395,0.0019465504098279407,0.08065190645259986,0.10213312966352225,0.3,118
0.035088952908290796,0.03958058048051475,0.04178631922701588,0.06937890868984786,0.08798263744280166,0.06562163901308721,0.0008563986535841409,0.0005764432882196618,0.0010476120655251513,0.006505743278303111,0.0012303612003149306,0.004936841244440604,0.07668984858126913,0.0930475159926841,0.3,118
0.028788877884826165,0.03322319220984401,0.049763985560653555,0.05495096584838788,0.040481020917145116,0.07581053457136977,0.0005567967690564768,0.0005944842041130825,0.0009780197114769315,0.0031876232635201784,0.0015495572511345923,0.0017554417993816962,0.06983750110239575,0.09062097396568575,0.3,118
0.035772480420129184,0.037327705590340696,0.05689190959548972,0.08798901351080118,0.07255678354869688,0.13181533497044023,0.0011567340242954762,0.0005372509632741702,0.001305368950599796,0.0019615689489571597,0.0010918210101698023,0.0020830244496672923,0.08807672452365713,0.1357344188837636,0.3,107
0.03164475446659345,0.028308300250786424,0.07128689857654932,0.08022474002136087,0.061942367521005764,0.13410990870239614,0.0012433221577420183,0.0008458805480187107,0.0017424080029236396,0.0026239745265352887,0.0020261168979540667,0.003671722196484817,0.09457182402251889,0.13588176204331712,0.3,97
0.0321598117891962,0.041256497781480106,0.05497621660902909,0.05201939561387073,0.08306099354778318,0.11039996463902563,0.0008572821265931741,0.0005850920385491032,0.0009197785605288324,0.001609997789026707,0.0011801248256562702,0.001472324085824539,0.08506026580871934,0.12648602262501837,0.3,74
0.039420599986664286,0.04343548918262664,0.04053609215553283,0.08499473110405698,0.07893373790567823,0.11054033382215372,0.0016705469852675296,0.0006202065328178244,0.002076956954671658,0.016787535598381753,0.0020805844129030415,0.017759885922163043,0.08141407698046108,0.12665205381628528,0.3,119
0.013681765967316822,0.011698512382729238,0.03583410828393347,0.0306807849288466,0.020457639735689315,0.04696068522833552,0.001630122492618503,0.0004195341353725212,0.0015278345053356625,0.013618129962144288,0.0012345097128763083,0.013649355839213229,0.0435642689317041,0.05088536019686512,0.3,118
0.03845974700636545,0.041568397675610505,0.037858456320997984,0.09555679150673796,0.07392712517852634,0.057900447457082616,0.002197056712668336,0.000926649932861536,0.0026930324218318803,0.011863813377577248,0.0022412126255408893,0.011734517692593927,0.07786355587593852,0.09581121034264109,0.3,117
0.03498363390079881,0.030464504898893432,0.0974827506903561,0.06873808448266977,0.09869139225557894,0.1539054241957284,0.001339074840257236,0.00023115889888548796,0.0016065958234395788,0.0036294391656701563,0.000804874521078025,0.00367427959851907,0.11354049010544433,0.15478392586764012,0.3,117
0.02768810941442179,0.04568197327825634,0.05573126623342376,0.06109814018798718,0.07881150314163493,0.10404728945315334,0.0009640645951315621,0.0006532253569370915,0.0011743264385320655,0.0034992110190392722,0.0016445602991531638,0.0035571406405425776,0.08604908481751426,0.11266292127205604,0.3,107
0.03906300827100943,0.04344953374587276,0.05171230598819554,0.10760495189864916,0.09217263464538156,0.08294401187844763,0.001790325564330001,0.0007408289047441418,0.0020427027494696152,0.012525112006156358,0.0016870175560215195,0.011290311073375747,0.09191219791718007,0.1116558424318255,0.3,117
0.020938099300968974,0.01813357892865946,0.11294159694521613,0.030986110114928384,0.03531861642023232,0.1411723215364747,0.0008494880282297678,0.0004532624504020794,0.0005471462760643673,0.0013882913396816576,0.001166014192348408,0.001296918340446318,0.11709366307231688,0.1432599241432219,0.3,118
0.03243005739119429,0.05400559145444566,0.06953616950605464,0.0730271840312322,0.12045798878433978,0.15215340451635972,0.0548629065456464,0.00022330093154474597,0.0017083885975406254,6.281527404110166,0.0007952689631749443,0.015863554378775735,0.10857692651529803,0.15410866577107124,0.3,118
0.014938611386419757,0.018849862723227948,0.12052602300166318,0.030194371786503804,0.03239459369394275,0.14682053703640852,0.0011332075316568665,0.0002536834395683592,0.0010158868757469408,0.0031761624923957177,0.0009145037943598666,0.003215741204580347,0.12349964695145678,0.14949340684829412,0.3,118
0.04778379583001996,0.04272384852183869,0.08125505342082308,0.10584845453582542,0.11195952920552055,0.1290376031333968,0.0009385750289520903,0.0007482005581217586,0.0011087440030952637,0.005021172532103879,0.001425415348526582,0.00506730195768762,0.12330417260674041,0.1343081155747538,0.3,118
0.043595283610522326,0.028850186783141527,0.04391480911916695,0.08298647551137023,0.052951522385718264,0.07482848898910338,0.00117440455413022,0.0006462239740816905,0.001328061505612411,0.002589639492903917,0.0014789199284592769,0.0028265378646905592,0.0758665277901292,0.09890209494993747,0.3,117
0.018542426422663735,0.01689464662871797,0.047559232470168335,0.03307982705866297,0.03354530739047859,0.05331195779256845,0.000706230367709716,0.0004282009220362735,0.0010330034324487994,0.004580296476755841,0.0009512765953370028,0.004614360463236711,0.05633200096208763,0.06464810825206145,0.3,112
0.02525649550278819,0.020977116730227403,0.05908824168495791,0.03680837550880681,0.03107332529213286,0.07347915354797202,0.0014001784804241338,0.0007562169558508777,0.000911728396370734,0.006163255501631326,0.001124545229096885,0.00467790594410622,0.06871241402706718,0.085593866616911,0.3,117
0.04251909603796524,0.03611790848337414,0.08407884210214625,0.07507156260174958,0.08897414007356075,0.14556704839969298,0.0009217295140053457,0.0003646858036922211,0.0012582993082276936,0.007894807136119786,0.0009773072938008553,0.007923895412975224,0.11230623408975697,0.14589296259001613,0.3,119
0.04230704738371379,0.04143014635218084,0.10217273014753923,0.09561100240641324,0.09461522755681334,0.14599874171343807,0.0009027080841714756,0.0005681437839051073,0.0009097908606623822,0.0029287793179455512,0.0014918217315134097,0.003060313941084969,0.1308753090020066,0.14681357395076383,0.3,118
0.02169722318810851,0.013907932718213256,0.047247287873234234,0.056140958037562305,0.035025994482511744,0.08762246793790046,0.0010203196571061436,0.0008183455933213641,0.0017474106444418259,0.003113603649239849,0.0016009268373635144,0.0031994071705914173,0.06051054712141119,0.09090379173487093,0.3,119
0.022675194165317113,0.027641656443906117,0.057492871924972405,0.047082908852448285,0.04031856521723773,0.06505783749178692,0.0012366281514623683,0.0005489597792934509,0.0011116832495771545,0.005206676938097843,0.0014850295328474594,0.005379444349218776,0.06925473485794736,0.08446055703370525,0.3,118
0.009670365062145324,0.011106693168764599,0.03784187540568065,0.016665144772389368,0.022506757922053672,0.04758078039898486,0.0010716688093952182,0.0001959325711503965,0.0013970319719511812,0.0031707667255982397,0.0007997911720565298,0.0032185084184606083,0.04184964712007952,0.05341019689042885,0.3,118
0.024081039663946608,0.010251971314005673,0.03947289258452108,0.043624103186902685,0.022435108200875076,0.0789780801718763,0.00045052039430516436,0.0005029054004401613,0.0009796171935467523,0.004662349543971933,0.0014116226730816472,0.006306500292402095,0.049718124130916294,0.08168818359698063,0.3,118
0.03282997962374702,0.019963596006067175,0.06405607132035421,0.04828616132895583,0.06507673647616793,0.09574534646559446,0.0008099735972360038,0.0008600544789727206,0.0008233639392538972,0.0021720575794597075,0.0016317707534317938,0.002304654841042808,0.08139538802809282,0.097063206156463,0.3,119
0.027547146211518287,0.024943962675460528,0.025915575874659782,0.05518121765538528,0.08291948600416904,0.037957199256052954,0.0015628132902914369,0.0008445902933846579,0.0015590066801718567,0.0052968009100486935,0.0021729414071802733,0.004774451365970989,0.053319671938100055,0.08638383571680967,0.3,118
0.032432963378975645,0.0297274554252143,0.051698683989160124,0.05567624786627426,0.05647352172443981,0.08642703302486471,0.0014700743060696872,8.929363668320083e-05,0.0012918627910413919,0.022124967192256317,0.0003322403606035862,0.022128459249796784,0.07377760317245284,0.08972925110318059,0.3,118
0.01800362311093502,0.017806933698566712,0.10722723062133428,0.05790921772136892,0.0349644407630626,0.11395747585569155,0.00213239564809423,0.0004334048033419663,0.002031931456705517,0.008672126414659753,0.0016620920446992482,0.010216956886391015,0.11219557662980881,0.11527642156603306,0.3,118
0.037677413095602234,0.03131293201593878,0.0884611832391165,0.08847864832546026,0.07708138480406151,0.11757218943490738,0.0012693525111335097,0.0006155366015769946,0.0014258674840544594,0.003670688965265567,0.002027988218351373,0.003503334697872562,0.11118449449806446,0.11780907023420203,0.3,118
0.03889396094773077,0.03795565614004784,0.016608460942272498,0.05766183546270376,0.08382953715888786,0.03205216462965785,0.00124651450973945,0.0005917540613414861,0.001498150301882302,0.012606887793272237,0.000987408776177312,0.01262550216615721,0.06377214729770693,0.09416474086001476,0.3,118
0.05252878498351057,0.024879470350950852,0.07399604770084557,0.09393135081043003,0.041891525891060044,0.10008268255985042,0.001110716642686583,0.001000218420347797,0.0006929183453086357,0.008894549723699074,0.001634233864909851,0.00896981673213526,0.10041540179731466,0.11576080531636795,0.3,118
0.062046940707270674,0.040780806867592535,0.08208973073554872,0.12127785138579394,0.0950703849030094,0.15770046636568502,0.000970858946432561,0.0006914165410623906,0.0014537818962901796,0.0020217712530774534,0.001710940157969465,0.003593227462586057,0.1282547935512161,0.15808433862812274,0.3,118
0.02548306268854672,0.04576148623100396,0.039387283523275335,0.03641115853398841,0.07422790166547955,0.08838523328315895,0.0013673125411420909,0.0005189260890935403,0.0011964615766144136,0.0027825039377189498,0.0010302386757338744,0.003034278629533871,0.07409156437118344,0.09920314372240772,0.3,118
0.026591720549604514,0.0475230162735642,0.04225966017308799,0.061486424916419424,0.08264574832697413,0.08376172075201266,0.001295902006892539,0.0005336635966807647,0.001564365857044349,0.003182289358088175,0.0016171757559270694,0.0032916586563547234,0.07790361694543382,0.11683818871944397,0.3,102
0.027741143985044365,0.05323407312018215,0.06427982390318114,0.07279202122189987,0.08603693800071827,0.14511348307645894,0.0015393193671135996,0.0006456093194107867,0.001694131797747851,0.003101844887442362,0.0017475104907460626,0.0036902736607766773,0.09976548318567069,0.1452689766041057,0.3,118
0.053808815808377236,0.03602975589117499,0.072379267732514,0.11686088153054641,0.08581468794799635,0.14405182937029914,0.0036508016143111896,0.0008505237662141266,0.0037855466251375605,0.039050273116350454,0.0021234622280892346,0.03908477323792825,0.11082187931095283,0.14734872309952313,0.3,119
0.05022254128391473,0.05459221381269437,0.05663619872835642,0.08812687911973754,0.09579316213515182,0.12312145383417966,0.0008179467200438459,0.0006200293005255938,0.0006299159371742669,0.0016122294762381806,0.001386998181304805,0.0017629545692812165,0.10555731941294524,0.13295288447982676,0.3,117
0.04426166664661995,0.018813141905242397,0.07558700000779836,0.08643004112115832,0.048951065146643574,0.15210055488669905,0.0003530178610225468,0.0004088934043956092,0.0013595884765178216,0.0008261976130850002,0.0011367333522334377,0.002411548785858475,0.10098666137696469,0.1532143761056759,0.3,118
0.02139950286837883,0.017563283230141124,0.07534969364355754,0.049166261086828505,0.06736310078456473,0.09178473446671559,0.0013873759432262128,0.0007963883433727064,0.0016077641354824818,0.004178757471001049,0.0015366587914031893,0.005770265730107305,0.08319022288752617,0.0947919829569172,0.3,118
0.047157856639961346,0.0415671623438515,0.03777765010674703,0.08135079855031174,0.0875864821436847,0.09307039363196173,0.0007096764378715706,0.0007595861510375547,0.0010429195631100896,0.001591938032835527,0.0017291679391792103,0.0017774250919764256,0.08221202732681096,0.11508578645797342,0.3,118
0.018453597299742056,0.014560444144865495,0.1233429323947551,0.03928020074215194,0.033809524423938586,0.1366212922653432,0.0010532649946485822,0.0005379979397980368,0.0015768176107079832,0.002218548547579413,0.001577248172338619,0.003045473138484578,0.12622033946846875,0.14185619784377584,0.3,117
0.028420218104449457,0.02330769588992684,0.10193566143930895,0.052396648057854156,0.062232076430490973,0.16434950602261733,0.0008837137276285187,0.0010697823187263591,0.0008662506914578675,0.006547522378800075,0.0016260355502733526,0.006579952739119266,0.11375697951568117,0.16528644894258596,0.3,118
0.01822291187718158,0.020369349517372157,0.0299222649798464,0.04681029306962137,0.03424319997644043,0.06012857819606007,0.006362365286877687,0.000646789909614679,0.0058355790596438676,0.06496223883157093,0.0022993182036570303,0.06514146033432366,0.046563109662779045,0.06359843841387756,0.3,118
0.05276252713784686,0.025210398332982886,0.058254562841462694,0.09920327776617044,0.0416555095290818,0.13519264061509922,0.0011324196863875759,0.0005126064480407666,0.0006295766186840031,0.005741811137663019,0.0009330983551126271,0.005794111854346307,0.09157028714786594,0.1369025424388847,0.3,117
0.04667348930640492,0.030954753164647835,0.05470134158737782,0.08106902527053614,0.05726306161408104,0.10906479220282522,0.0003871560326248059,0.0005609768274668142,0.000749120187251903,0.000857573180742699,0.0014068162529132788,0.0010285525793327643,0.08737679374092693,0.13003746717957856,0.3,118
0.029944403955436318,0.046335098847916076,0.05932226892081605,0.07869615836048005,0.09877699669213574,0.130885682889536,0.0010687089761118468,0.0005781853495845927,0.0010260043956527203,0.007880601697192624,0.0013005361052390169,0.007903200088999363,0.09426970365010962,0.1324505796554874,0.3,119
0.011717662668591955,0.011445942401530369,0.12407690297134918,0.04005942530868342,0.01817073263921303,0.14280059948246404,0.0014941140936722296,0.0007160718293425186,0.0014757082580690692,0.003128247540070239,0.0013759053118103104,0.003162771188904845,0.12567689908153074,0.1462663689721783,0.3,118
0.03680707929429718,0.055047552244304666,0.06071233254107737,0.08847573300348299,0.12084211243413834,0.13146411930847113,0.0005916013096154562,0.0008431734029967292,0.001019028875934251,0.001297911745022251,0.0018086690722847187,0.002940351890829973,0.10104525024545939,0.1450697565985692,0.3,117
0.029826198180844324,0.019459079470319676,0.04592959656390318,0.042160244582498174,0.038227923428490074,0.09447256999261261,0.05596789550211588,0.0003316504076768035,0.0031134788870964174,6.282693001363089,0.0007933519098686226,0.01045720397393013,0.06366366629938586,0.09737100287203226,0.3,118
0.04836145992659221,0.03923990286269067,0.06441079624248823,0.08710070037734297,0.0847609863624316,0.12157829606390191,0.00027406239980614635,8.464929027172e-05,0.0008612883430473688,0.0003204401458147821,0.0002478136861339131,0.0009747163896081101,0.10003064175017627,0.12814169865344613,0.3,118
0.04686358255825263,0.02349697485206376,0.07656182384103317,0.08317838458289684,0.0404873453003059,0.119345633064385,0.0018022796753210065,0.0003628410448402793,0.0016390019893041054,0.008138509100323876,0.0010982501547589507,0.006895168070598201,0.1020342245316217,0.12589884406818758,0.3,118
0.04061533719967696,0.02808510815211684,0.05889135880734117,0.0875518306318514,0.05380054074652288,0.08534589300517403,0.0012408540739325762,0.0006279993931493776,0.001435406789709503,0.003191685409260181,0.0013799058921840635,0.0029094736527832676,0.08553894777227342,0.10383205974751976,0.3,102
0.04765685795680193,0.02383611806085792,0.06262757096103272,0.07615834270102143,0.05501035094183712,0.09755474646020962,0.000974768868488274,0.00043120961852617597,0.001214315311547396,0.0031475788759363077,0.0012729142992849996,0.0032131333507054993,0.0882092983959821,0.10394757914564981,0.3,118
0.06275426468102899,0.052756218221345776,0.07251600091360992,0.09322600650976937,0.08477522888270478,0.12933930782230296,0.002379634423718074,0.00015354017199495067,0.0010546841171441155,0.003961343196292821,0.00023408506878358493,0.0026349356549375536,0.12206940493746711,0.13509770751358005,0.3,94
0.047227690384812684,0.020775023400750225,0.033873316602113394,0.0930439880113379,0.07459695342901007,0.054101002909064916,0.002009440301257956,0.000761559099021034,0.002098586503692593,0.012390350162854613,0.0017892023971353144,0.010989394270276787,0.06462215491570103,0.11826800174569395,0.3,93
0.03680818691429239,0.043659807357635756,0.05838937843198711,0.09360483954835555,0.10354849457680515,0.15755435352676406,0.05500456321186459,0.0007398000893376526,0.001709152446169913,6.277417066042926,0.001660697431160596,0.006761040073683278,0.09268038360598702,0.16070239133536812,0.3,118
0.01563342494966952,0.00857615391000617,0.07126542040576778,0.06926238619605568,0.054752612723755006,0.09991581173254738,0.0015442028621294043,0.0007982185515998941,0.0019203301909386107,0.007034179706456922,0.001671350796124127,0.006958096856868323,0.07570502288868544,0.12239488087953401,0.3,118
0.018955570853232212,0.06696771359184776,0.08129116838801147,0.03656659894137798,0.11922007690385039,0.13882279241307427,0.002031495165776319,0.0007430648521705006,0.0021167321432810754,0.010943793366440024,0.0017495370735078897,0.01065369030569352,0.11972232611171323,0.1456844345658146,0.3,118
0.056131511221742134,0.06432509197971054,0.037097039472269305,0.1182974328073681,0.1226688568518593,0.11079060487380193,0.0006927863020826484,0.0006681712660270923,0.0008369283898094951,0.002190430077221528,0.0017765898552036807,0.001698787817049796,0.10534996560594495,0.14691625574645087,0.3,118
0.015494178644881682,0.012319565892786639,0.059831851289633475,0.025871102580865196,0.029158951669872868,0.08003392959607247,0.0012763322780144182,0.0006467760491906391,0.0007445769591048407,0.00442300987148414,0.0014840515829049328,0.004680280033271811,0.06453247540212748,0.08024890946189749,0.3,118
0.023253461657497164,0.01648230681265477,0.04731604909540429,0.03988271264368143,0.027472701150861395,0.08193208268298152,0.00040408724055472883,0.0004686852017160325,0.0007896434579128984,0.0013088038756094988,0.0008844401921677125,0.0014173855267831659,0.058837097886202616,0.08281670052697714,0.3,118
0.04206566626605185,0.030342871762954228,0.06370187102509466,0.07781670942344468,0.06286244974831862,0.14535434098659816,0.0008217980313413736,0.0009612109698608606,0.0012858709106887344,0.001360682509897515,0.0015341478468968717,0.0025955321253106067,0.09012458867480475,0.14558427416126402,0.3,119
0.03514879915667198,0.025083795928521127,0.03877442472096417,0.07043135441257284,0.05097546531442118,0.054276314205430526,0.001232615577932638,0.00042131217492524456,0.0015166889072219,0.00398427164117332,0.0008031768510801118,0.004057745325909634,0.06642642770359715,0.0798854181010431,0.3,85
0.03375183844900509,0.04229164955300674,0.06910061551215996,0.07958826308982697,0.08258437069133456,0.13133905354779107,0.0007033635714338722,0.0005325542324887037,0.0006661012455585099,0.0015847680166749534,0.0010426055223025782,0.0014863690809030494,0.09964690525165906,0.1342232970199964,0.3,118
0.04065008271468659,0.04172959439329716,0.031430939982666356,0.08700824225079579,0.08848503153061954,0.07873319105664406,0.0009775329496984856,0.0006015354378666642,0.0011721463842954765,0.004985535610592118,0.0014939839675158773,0.0050426381485682015,0.0752461938051041,0.1165177353932676,0.3,118
0.03554290487469538,0.05834837415919865,0.06766815035050301,0.09050345066958704,0.12484453166375192,0.13255855964261276,0.0012458171806282556,0.00026304965055818036,0.0012367744968427665,0.008467290945055939,0.0007601095668381408,0.008068337127185465,0.11059745318636947,0.14108495576115293,0.3,118
0.03756538508150115,0.05103155789619379,0.06961183679395586,0.07332891727588559,0.09996835410647181,0.14880971338587756,0.0018227184511143192,0.0007282989359582594,0.001929320873686805,0.012100278847209878,0.0020465940502556457,0.011290500861697694,0.10805522057756788,0.1495799685532039,0.3,118
0.03223942418831534,0.06122106862400756,0.07925226727465519,0.06305518238420668,0.08000800100008956,0.1356243206676233,0.0568143928952997,0.0010270231732838367,0.0038038069067634597,6.268844323366377,0.0018356442315297095,0.014681347164361425,0.11616112640191122,0.13714363167620375,0.3,118
0.03924013845397146,0.01852186817530505,0.06436030940360384,0.08060842645696897,0.028630222849603107,0.0749693269411304,0.0010746094085342908,0.0007358327665542647,0.0012103659920744418,0.002420514159786391,0.0017896110686949074,0.002841569471895067,0.08100892818601674,0.0895768842896605,0.3,118
0.035881769613136966,0.029667597455356926,0.05040687187734078,0.07249068409568923,0.07335265772935473,0.09567035239859795,0.0007351608725244473,0.000605985872527028,0.0008187728495002355,0.0029123437740690705,0.0014107437744396156,0.0029963172703002527,0.07764863912680656,0.10350267557633554,0.3,118
0.013235068014376877,0.029931126638808588,0.043950433928697304,0.027166913836360523,0.04777651782701811,0.08321947765688892,0.0014757738835894586,0.0005118207997898098,0.0015119107278942455,0.007158513248787468,0.0017718315684518426,0.006590075562448394,0.06067717473050954,0.0841116393432667,0.3,118
0.0460112906646924,0.050402247687309464,0.12194950045812258,0.09602298140558219,0.09552609184126037,0.16216501729405397,0.0022542654761756923,0.0006706939114166801,0.002627708251807872,0.0387549833787153,0.0018425796567382857,0.03871227273549982,0.1476577243441479,0.1726341319847614,0.3,118
0.016074988942667436,0.031878320064786296,0.13743331771664757,0.03134308221991078,0.0842760228948255,0.16845565663938933,0.0009696732753775647,0.0005155355229761434,0.001267178381497693,0.002407729384171997,0.0013660217311810552,0.004077357321222275,0.14450461994588285,0.17623036693672922,0.3,118
0.03194697849228456,0.025901229448313672,0.057598337307212026,0.05184303939706186,0.05122381127190176,0.09963523084156689,0.0012826573301299635,0.0001706334825932806,0.001559277058380407,0.0035140229646088983,0.00079712960157452,0.0035776354528151977,0.07420607996528894,0.11105847654544636,0.3,118
0.031890776369986974,0.02967556965412317,0.10389555174637592,0.08603238022656179,0.054007358025416924,0.1764611708905216,0.0008631480604599601,0.0006068222128213216,0.0010674672382677657,0.007030606424349717,0.0011221214365638443,0.007059515763248814,0.11855980240832648,0.1767560971187289,0.3,118
0.039544615285789966,0.0383678735329603,0.05297525458178227,0.08673881737893935,0.0760308272587526,0.09723049421559482,0.0013626596906237919,0.00022286712444477655,0.0009914493276150186,0.003992055307469933,0.0007807938082946553,0.0038909914543595603,0.09006825221343351,0.10060516041338757,0.3,117
0.039781893000525856,0.0338314824742779,0.05721204552259417,0.09046349565760425,0.08493917989977068,0.13283750637696934,0.0016264846558223418,0.000884686238858024,0.0014158228964689234,0.019683739839314374,0.002020198948189611,0.018783657853907787,0.08970653868731183,0.13395233610468152,0.3,119
0.046939298744757496,0.04132646906361599,0.06703950543329776,0.08231948078070961,0.11832198053971704,0.13944156095141963,0.0016760891112185838,0.00011021964937853464,0.0019361529654540965,0.029261146068811472,0.0007127436678646681,0.02923397324354937,0.10676774213162786,0.1513762717748524,0.3,118
0.038598710136313115,0.02583958521378532,0.07732382342242246,0.09624730615793159,0.035541586815134085,0.13564899913416428,0.0009124143107911142,0.00031208664979049495,0.000957491378500648,0.004175368465224594,0.0012678699080850286,0.0027825535431624804,0.09804034367937327,0.14241302420734814,0.3,118
0.0280523306219382,0.022815192066420232,0.08464184256140432,0.061278985875109715,0.057484877689606056,0.098835758432406,0.0018309083198066259,0.000423263740344218,0.001834298520299612,0.019161157073078083,0.0021489839164372526,0.01965578388902678,0.09686301194531147,0.10264261050362862,0.3,118
0.029324696678390907,0.02129258288379081,0.024070982362632557,0.04735042451970546,0.04711867598546901,0.07538733460120628,0.0006517952892044492,0.0005075354787924044,0.001106723366072814,0.0018449720208354448,0.0014239153948882866,0.003523932068510538,0.04946348815236453,0.07960065894241107,0.3,118
0.03739876911129864,0.02214311775541445,0.0479544006080318,0.08595659345810513,0.07162111807699265,0.07929372378852548,0.0012328604369487223,0.0007367075089273421,0.0011956206808111996,0.003726532031369967,0.0015782004008620953,0.0029095711905737787,0.07269844608693264,0.09249132491708535,0.3,117
0.018424694853190322,0.057873027426529576,0.02445541112689942,0.03269846406980867,0.08661881406661565,0.06904069520915956,0.05391803429633162,0.0004219917363357153,0.0007243320731892612,6.281996103538695,0.0007927059850459939,0.001056465474678303,0.06719493827837358,0.11261842896610101,0.3,118
0.016115796286054303,0.030604360158987726,0.03113682650673177,0.0320977999608287,0.0644834014272394,0.05911511586728069,0.0007205120122377613,0.0005885265638782548,0.0009678467933337235,0.0035126409961366845,0.0011408934966210538,0.0035675275144750884,0.05610938448108033,0.07157538120269641,0.3,118
0.052375225214975465,0.028337610117404263,0.10305313008978115,0.07713767629259177,0.065702870562005,0.17494634134338727,0.0010372524427010327,0.0004494453929209947,0.0008759146689103206,0.002958580460832083,0.0008321362931515974,0.0026147654935047004,0.1249327981171809,0.17828572393504022,0.3,118
0.050417196578150365,0.026414174671568782,0.06138769209031832,0.1080680419200572,0.06581357965777665,0.1424444572745317,0.0006222434593219721,0.0005639845817738512,0.0007406487115366647,0.001866451791413315,0.0012421510597072638,0.002217755368195018,0.09438548130402716,0.14610988325570812,0.3,118
0.07474011601362976,0.07566045122924808,0.05753007151523563,0.13823925005734639,0.1228371774759589,0.10489056592729706,0.0023059571227679178,0.0004530744601342271,0.0026984319255458334,0.027537436473363597,0.0019708444582682283,0.027490813516541035,0.13593291280753966,0.15923896482132596,0.3,118
0.04781748221076993,0.043378449071906855,0.07698233944698571,0.1244284533021473,0.09442674544484037,0.14649325084334935,0.0016323373307236368,0.0007403583379475487,0.0019110462843153096,0.0034639466737964586,0.002085746137472144,0.003202207895151854,0.11650969927925225,0.16280407956948834,0.3,118
0.037417398617130365,0.05199044149636436,0.061720898649276434,0.0959927635786062,0.09567081237694858,0.1307376228812453,0.001455245863872191,0.00019587787479361448,0.0018020850718135216,0.014094943517764191,0.0008019391563547362,0.014116117936315398,0.10070907156915462,0.13443784144793772,0.3,118
0.05071139491242374,0.03978533813940164,0.08193934890604283,0.1119005586161882,0.08782947115900255,0.13524153775118214,0.0018266622981630862,0.000544519621177135,0.002096881941184306,0.004541149219540408,0.001209663737158917,0.004531519175429821,0.12261378081004339,0.1374960029306859,0.3,119
0.09015849004027275,0.088211263002321,0.011088279103831913,0.12128358498957625,0.09426804545321496,0.01960219330999384,0.0009803526320435701,6.400463543231905e-05,0.0008678968486809246,0.001168922774700043,0.0001678395721160797,0.0012055025842109268,0.12744530716177768,0.14791392074132603,0.3,117
0.08513751919336364,0.07043965805973638,0.03386096931787483,0.13310565426861592,0.12263418497360074,0.05522211409397568,0.0012668171767709355,0.0006108078900378821,0.0014991486481758859,0.035956734526066736,0.0014736817444345185,0.03596177656723443,0.13129805947876805,0.1459413880849909,0.3,118
0.05827004477755774,0.048803109937825336,0.08063595675813927,0.12368703640009493,0.08859246903163648,0.1551843759259544,0.001228536551884762,0.0006924577566714738,0.0016883231458698462,0.002633159612668884,0.0015295323966050267,0.002833641000888676,0.12656300654589467,0.16012570267824733,0.3,118
0.047899411554371586,0.05347921956991363,0.06247505220158706,0.08622164765116777,0.11397866260988893,0.10837678283052254,0.0006185853312527485,0.00046270618553934545,0.0010076963952312995,0.0016555063295722316,0.0010387516958479948,0.003287986544593391,0.10890667588962638,0.12882358035346628,0.3,118
0.04302147899775755,0.02690783388029675,0.06409996367129564,0.06334937179842179,0.06170077958282491,0.11864073185280233,0.0004590501926902434,0.00037602658208117087,0.0014914422299492581,0.0010905288686551273,0.0009522202061536811,0.002363074854081715,0.08860296349673541,0.1310171788409069,0.3,119
0.026641722898356212,0.04359225160915299,0.06023703561583507,0.05536273684384735,0.1039267439598407,0.13149275440093255,0.001137481273683146,0.00047835930303295515,0.0011959459975549073,0.007317221302958199,0.001256774010428563,0.00734709039438286,0.08701551903808938,0.1356803965185703,0.3,118
0.06443599527867133,0.062022262672432216,0.04622018663498893,0.11123103632214704,0.10070571389667393,0.09563807097672039,0.0023584078778363803,0.0008469405592969447,0.002616051881609514,0.01810801366445336,0.0010371388727492548,0.01812588437634499,0.11199564996486888,0.14057842074130142,0.3,118
0.034983867485720466,0.06273630489588328,0.05270182978975827,0.06398081051856572,0.14051494641449602,0.09784995737835561,0.0020794150417954493,0.001134414898093026,0.002307551635300405,0.008086049352363345,0.002182163098080725,0.008754546096478188,0.10079361417600306,0.14821185038531537,0.3,86
0.04581410105823281,0.056879754901596864,0.03412056249304479,0.09587203027524349,0.1405659477992705,0.05788089539030927,0.0007915010839594352,0.0006143660922611145,0.0009855988955157079,0.0015547353066289737,0.0013332301860696782,0.0017005879543057212,0.09271447020184724,0.14836029016672003,0.3,118
0.05351232405226328,0.03707319387254647,0.07243711530905496,0.13014874715191715,0.09745479867239693,0.14996276298607297,0.0005490458025159317,0.0009702567592058907,0.0006143360471783719,0.0010825333252268976,0.0016280150942200589,0.0012582677021835131,0.11670005295672052,0.15296497822340516,0.3,118
0.014293841135181205,0.011385823097494063,0.03681539164999369,0.043373060808189826,0.027072172503160824,0.08118880097926612,0.0014171325476740105,0.0006990788288704776,0.0021078038316695484,0.006207848652435066,0.001351497695152415,0.0062604229194809236,0.04436694929155279,0.09252779565272812,0.3,117
0.02778440312410679,0.02831470977034397,0.10506100943426876,0.09496941256799557,0.036807147009619845,0.12337316542232735,0.0013596864425447987,0.0006869626754851707,0.0010610654123144254,0.012142863861959619,0.0012890281067230447,0.012162425807046073,0.11579822372143492,0.12833185990762516,0.3,119
0.054786903016459935,0.05251928542942473,0.05730143762903409,0.10872784445060207,0.09741249430230606,0.10118558792249543,0.0006886003206387525,0.0004005296780539412,0.0011052717403162071,0.0037363756915459456,0.0010784458547384856,0.0041584572505972695,0.11068856471725783,0.11934551574880728,0.3,119
0.07509066888700677,0.06944425019279649,0.05246288482107179,0.14505414798345084,0.1408370008059578,0.09002523413722946,0.0015743591507739567,0.0010382723667769964,0.0018381113668206868,0.007669551772357008,0.0019573380886941383,0.007613128250482326,0.13152486648857414,0.16322533108898465,0.3,118
0.04629135099028681,0.06641654361083509,0.08016683011495171,0.11464345661463143,0.12663715615482374,0.1453470781865579,0.0015289639247779614,0.0004400433642730046,0.0014353613396986887,0.012637164969051567,0.0010126118479937274,0.012651020065991309,0.13150594528745976,0.17417096676897262,0.3,118
0.0385249470101655,0.038568739777287524,0.042707666435586066,0.09079297968819197,0.10300523900619701,0.06846962319958422,0.002144868553944233,0.0005261238485976966,0.00252487227668759,0.026079890353486318,0.002169193272824721,0.025376432943339022,0.07602401639848064,0.11217071708278455,0.3,118
0.054635922536503595,0.0474714460203781,0.11409501528854137,0.09176118416356216,0.07347668853336503,0.13489243975016335,0.0028547370142337413,0.00010573083789723637,0.003217414841585248,0.034572569489861316,0.0006902267693289499,0.03470592247533366,0.13951422994451596,0.15998542286414374,0.3,118
0.017369218462423012,0.039294165081157156,0.09137292287342721,0.04411911383249015,0.07678791712891056,0.11468430615821917,0.0012966339526569188,0.0005699442385442568,0.001338805616546072,0.022466846646823302,0.0012572139410672034,0.022479169095224183,0.1050777770685492,0.13680783922131987,0.3,118
0.03600924595258202,0.030235865771561635,0.10619768612630347,0.09217685957783772,0.12970261456032212,0.12122195064089669,0.0008371334850992066,0.0006006160203025507,0.0009093733709876664,0.0021755645635039844,0.0013601423840451377,0.0023063902701174754,0.12288742186814047,0.15071920810605577,0.3,119
0.08432715554581283,0.06993634057728876,0.08374531147985391,0.11571412552189858,0.09267959650765006,0.13428869882610772,0.00030738392794646174,6.669639386825667e-05,0.0008541163998147441,0.0006407520211513251,0.00028422013136197855,0.0011355467458186996,0.1501807115754466,0.15821848259417268,0.3,118
0.0325854262223837,0.03519027357184188,0.157127054286447,0.0614824183013791,0.09670893490896187,0.17879065524203952,0.000816958605085022,0.0007816539810350524,0.0009522170202509882,0.00275508856960327,0.0015669993988878805,0.0028635118055237996,0.16957645686226336,0.18523112877675948,0.3,119
0.049107545414701574,0.05899124040629301,0.11244002940637705,0.12846099867355182,0.11816935140319923,0.1549705309795299,0.0015537820749512887,0.0009351815107635816,0.0014279334200525675,0.0333481637946802,0.001951642151393207,0.03336863564137382,0.1504963211984918,0.15666486932263923,0.3,118
0.054417690312772736,0.0450262770510277,0.049342951886108405,0.10687102472168503,0.11181445051348388,0.09485925151709951,0.0007623302296627223,0.00014785648872446324,0.0010469374855603874,0.003648970674229479,0.0007668464210550674,0.0038811528987244825,0.10011599009155879,0.12023792485779482,0.3,118
0.01637141665359376,0.03548813580080215,0.028261739437070926,0.028769672821608028,0.04523742377258791,0.046376878029459834,0.0009656412618391836,0.0007831024093218207,0.0009310770067063042,0.004206941811456338,0.0016801874679714945,0.004261757450994885,0.04907865703914338,0.07004357453576146,0.3,118
0.06754041341714971,0.013343269146718231,0.07830529619017731,0.11571486097090339,0.03208954712170678,0.16726705599629738,0.0005940417887588559,0.0005643969622043221,0.0011097635891317641,0.002560044919638571,0.001391657984367356,0.0026677949887810026,0.1145354052611941,0.17161833507643162,0.3,118
0.05709420943734691,0.018379188917646793,0.07268979598084224,0.09191522440038385,0.036576474596213104,0.1490889650781428,0.00041846796092434585,0.0005972386473098362,0.000595161240056375,0.0010462711764642196,0.0014957910770447835,0.0008834601601044323,0.10495895077522087,0.15265879508333655,0.3,119
0.06273082229997509,0.025989289286273386,0.08411432865143834,0.13460789037962573,0.06160071441150636,0.1530029848064851,0.0006973630841165295,0.0004479719472460427,0.001443006533289089,0.0012287344726871208,0.0013400454279277607,0.002692898320293624,0.12260447716682682,0.15808286761653584,0.3,118
0.033296473792740006,0.027436460397313255,0.033089910932203745,0.05639497666427354,0.06446287643678827,0.05719468165348998,0.0004748107902696162,0.00034236548826654923,0.0013914613165474101,0.0010712958882796997,0.000861446397906418,0.002349664415943753,0.06315369598468533,0.07753184591005444,0.3,117
0.030376486263408133,0.05459134553503162,0.10932526314824323,0.06850394937071658,0.09429880807117477,0.14413694917683384,0.001389722974931266,0.00017350492563219768,0.0017361005471092626,0.011257382990441545,0.0008309468073577353,0.011272375927403155,0.13531047520268663,0.15103667122003328,0.3,118
0.04988301444684685,0.034328722529778255,0.0652568028984193,0.10894719059436858,0.0625466379695589,0.11826492787351117,0.0006228429772930702,0.00021901698961272225,0.0008361823597041088,0.0015461143780008957,0.000788777446717015,0.0012298695899808365,0.10018550317697138,0.12682834640446067,0.3,118
0.05557100617473375,0.05833529863246841,0.06245662336238142,0.10543339397416723,0.12646886678706382,0.153462472382765,0.0006285291068532248,0.00026633248038997805,0.0007687124516951419,0.0018525700164441217,0.0008932338651707061,0.0010843016916703974,0.11541630915646717,0.16250634641117548,0.3,118
0.033815425825062286,0.022945017893400775,0.04163319500830968,0.08015795370126122,0.040280043442884675,0.05859840195736052,0.001293301825292162,0.000736097378903738,0.0016212572064931764,0.004135068462453428,0.0013802411978289797,0.004212868521500213,0.06551867166991471,0.08273073941117455,0.3,72
0.06869490121372404,0.03527765265394922,0.038266885939791204,0.12275127129820074,0.1163284305651997,0.08192729949954028,0.00034203821306594674,0.0006004545497514345,0.0006533669028490397,0.0005426256568947796,0.0013802405747894153,0.0009492721835560047,0.09523363817379865,0.14745421708132175,0.3,118
0.023227061210754334,0.017643945789825793,0.11523399630192795,0.03610423480267866,0.061224199634998755,0.13956988817802746,0.0007568161590271201,0.0004648791438294176,0.001071105026160372,0.0018197850199087595,0.0010017795928938256,0.001968956761141616,0.12231703643652528,0.13988907385791446,0.3,118
0.06943922960239239,0.04997371831162117,0.09280977495847459,0.13428219216785614,0.12768719787816346,0.1840609260021776,0.0009548090941855479,0.0011834667647225218,0.0012699617684721156,0.004984323670796931,0.0019211422153992963,0.005590279957639943,0.14593179760835867,0.18426483527710472,0.3,118
0.04761864908769339,0.07219696527514809,0.039477826937358844,0.09337050965021143,0.1536483361448161,0.08092351374192072,0.0009415947841018156,0.00036895490545448895,0.0009767081802101614,0.01192451929368743,0.0009831126940176883,0.011943037051400318,0.1062014102511115,0.17359032547296027,0.3,118
0.050903130693960796,0.05827333469325222,0.0968555174812866,0.11761883130194217,0.14858176913558058,0.19731652890013907,0.0006693871975205582,0.0004953240517222452,0.0007702984662442553,0.001650370608513363,0.0011593962298255822,0.0017727306449781821,0.14653353959577553,0.19883759901337994,0.3,114
0.06910744106266156,0.04610487836292138,0.1082715047250972,0.14223382608641383,0.11490697456659515,0.19596171225696712,0.0009204075709855476,0.000805121760767998,0.0011858560817724535,0.004856443384477771,0.0015121333860457775,0.004901686317216214,0.15593273206858926,0.1960357960717398,0.3,118
0.052712997923053236,0.053761638338710796,0.09121345508713528,0.10788337776596885,0.12532424777472362,0.15086423339075694,0.0014237759194098928,0.0007662098791831709,0.0014200750364175845,0.014453262458671734,0.0013697237606172807,0.014462682043178021,0.1402587004202976,0.15245344185209544,0.3,118
0.08355472255787653,0.03141742540831702,0.09105240711260301,0.1510298970356398,0.1042246180843146,0.17044145532015859,0.0007541058500817754,0.0006768036200047928,0.000649786404004133,0.0017036843177291594,0.001376197992081467,0.0018752450341408267,0.14401222426208868,0.17483469561604092,0.3,118
0.0546974608007319,0.02081732160141297,0.06771084687617387,0.13226313837894194,0.04201109840075726,0.10726472637703421,0.0003845917081670249,0.0005319348824810718,0.0011387862161534143,0.0009204077680035061,0.0015873849988546074,0.0024584911898104522,0.09957419246685541,0.13263435398512038,0.3,118
0.05029645735237941,0.058084546765554974,0.08482112834780024,0.1351957990135596,0.13546917341731218,0.1892787643529253,0.0015974078898523421,0.0007146587488252986,0.0015682656234721518,0.009389958542649013,0.0019989143302898693,0.008850154167296509,0.13284854107584942,0.19137573458545548,0.3,119
0.05858705757636073,0.055912379980610154,0.06402760908606138,0.09900539239347939,0.10019938569540981,0.09565071552291779,0.0014186862240663021,0.0010418861454256011,0.001841982246604908,0.0037925648582119442,0.0019815891652639195,0.004032518678721786,0.11060118845717334,0.1303845941881487,0.3,118
0.09133021692702287,0.03486112948289398,0.059344032099225494,0.11333275746738358,0.06555868020550376,0.09772945965659002,0.0011660725367767658,0.00026039029508408704,0.0013642486526781923,0.00176737307124597,0.0004843144070938443,0.0019383862963107124,0.12136862747679474,0.12522744326243582,0.3,118
0.04809819453483021,0.04128081965017384,0.06901433354572332,0.10292346127698393,0.10033461323692539,0.15020564236991235,0.0012044854633976808,0.0005373913819620297,0.0009626828045153015,0.006287558774386165,0.0009269270008343683,0.006333105547573936,0.10911955501080148,0.1533338278074908,0.3,118
0.03883692025295449,0.049875024303909304,0.10140011306707368,0.07548631504065528,0.10822537590698805,0.16795280839313192,0.0008942610361213383,0.000599691773591401,0.0008479757479761321,0.001658620243972897,0.001192856299939704,0.0018157573649855152,0.1323197406042612,0.1700292236179455,0.3,118
0.028447452396525186,0.0446839235747704,0.05826978659854476,0.042520647258336375,0.09514978647121536,0.14706156817139543,0.0012601568198902216,0.0002733028247542235,0.0011673289412649618,0.003277903127731907,0.00048369646058388227,0.003382908075769908,0.09014308520081529,0.1497354496986866,0.3,118
0.018340241534647854,0.020939375521125073,0.08259162520563149,0.038421971071195535,0.038382903375761834,0.10633226911437371,0.055381836615321194,0.0010310575536887122,0.002500618027322009,6.281859001083236,0.0021611024241487975,0.0174943371984142,0.08837727568791875,0.11084072159698938,0.3,118
0.019500974285467137,0.01989781596128829,0.10542507653206054,0.036900859020596644,0.04822393889456891,0.11375003469401623,0.0024088785751518716,0.000427688929964606,0.002455799311597335,0.031208695709040946,0.001485735852305714,0.031217244600808325,0.11064400103116491,0.11647698985305184,0.3,118
0.022361148014969443,0.019995746439611925,0.006554051350891417,0.0354569452718167,0.03154686651961053,0.012541106902450472,0.0008848836895672105,0.00044243475110075756,0.0008487190162445878,0.0015957595007050074,0.0008098894992631944,0.001759071958999936,0.034243128489254274,0.03939565115738056,0.3,118
0.05836355495920113,0.026374958050098138,0.032863943013657596,0.10095407010753182,0.0752460417373309,0.08900280944994018,0.0005500121881968899,0.0004354373490133351,0.0008252421228621178,0.001395763052431498,0.0010862544995398071,0.0015269779372490966,0.07698311244456081,0.12394139999112812,0.3,118
0.03183853439291984,0.0345260515401409,0.06615526560189035,0.06982474929536261,0.08303915351208377,0.12593875981507585,0.001071553374758234,0.0006415239972114322,0.001227908960056553,0.0031075388060025216,0.0015958929903278907,0.0031896106778499522,0.09174779705963118,0.1298626590423069,0.3,118
0.04744164178525807,0.06366796723173476,0.055425985833844574,0.1012198512260904,0.12829149910346221,0.12323989715681083,0.0007826569402912909,0.0003877098535344979,0.0005460496528438503,0.0016351522215329872,0.0007931874894948621,0.001083999147816428,0.10921646941415972,0.14585296171434584,0.3,119
0.0233781754812569,0.029098268332452954,0.10080817227390593,0.06281224129962387,0.05779328409834886,0.13779584203175604,0.0012926473799509018,0.00033815124798626756,0.0009258599386511733,0.001771890012105981,0.0005342307273386027,0.0017389041457325227,0.10913260272939405,0.15125682981074914,0.3,85
0.04052785227817227,0.04505423498426069,0.07417552201025167,0.12959625800980235,0.10714594179321507,0.18358784928418032,0.0013398075728015392,0.0007906373963116494,0.001747522153587004,0.006346041335338892,0.0016488701101486924,0.006351077130192784,0.10854412050397405,0.18728504453895967,0.3,118
0.05986237952327942,0.04968486360669832,0.016847673264158154,0.1198889594180379,0.11448160195798962,0.04027812512021274,0.0009558856266008173,0.0006692873853305541,0.0010643866892319164,0.005105509541446285,0.0015621043888270902,0.005148789340976068,0.08833922882773279,0.14549658045492744,0.3,118
0.06893874888464792,0.05476117419023967,0.12753128117762583,0.143745193337819,0.09930343999354763,0.15201890925485706,0.0009044078440509139,0.00024345380106639657,0.00118978106337042,0.002993709536126765,0.0007309720605885861,0.002629443503687323,0.16611226517834538,0.18046281577059764,0.3,117
0.027274826756532807,0.054041399423379814,0.03469322476729298,0.04660546984791006,0.08499604410124434,0.06085271492548491,0.0016725998884668288,0.0001793693303170608,0.0020164493266013827,0.017405981356650058,0.0006324460393978271,0.017413357952805963,0.07771965625748956,0.0947340606023775,0.3,101
0.03651289259002391,0.04337316777912642,0.08139102139167438,0.07430340806502692,0.08531905958867833,0.15209407414656068,0.000738986716985044,0.00042562827994454774,0.0009655020673958418,0.0024673102531380664,0.0012486489800341838,0.003621124144572052,0.10493037686643887,0.15549906196965654,0.3,118
0.052839092399683776,0.037740965123472824,0.11165458293806993,0.09528004619021754,0.07358719226744312,0.18890574523577314,0.00043206829789746133,0.0010483666116509393,0.00103596901893924,0.0006844124864080481,0.00169232502102179,0.002168816278155461,0.14464654369876642,0.19072199618589525,0.3,118
0.04624246759955145,0.045584937190978524,0.05282340408005511,0.09615676109130891,0.09970551304819034,0.14964798415236408,0.0008512363545712466,0.0006735657679752939,0.0008980136448099506,0.0019484037626709139,0.0013743883008683344,0.0018057246895080148,0.09721779982741714,0.15614290163260894,0.3,118
0.02851188649050504,0.043586149291701945,0.07546375699381758,0.07671155833552457,0.07763024400378937,0.13902989129643178,0.0008485826075722028,0.0004022682250139843,0.0011420546088086799,0.0018757049894957134,0.0008252678800819702,0.0020093284096884823,0.09932600156510817,0.14423986790075632,0.3,118
0.011158760155739465,0.020374584789732305,0.021320684347665923,0.023788688441790343,0.03414900923190298,0.04722924924026628,0.0018644759814754716,0.0008309642041531461,0.0022045406041219556,0.006999859141381126,0.002167990200805159,0.00768538918062367,0.03410688262818064,0.06292133571583716,0.3,118
0.037376479649430625,0.03401054681748084,0.07350195635580568,0.08078778191693298,0.06052685996210269,0.1543875363130532,0.0010323747629322083,0.0006139813346096067,0.001199547174437167,0.002388365458048325,0.001777336041533406,0.0022494645314217188,0.09961006202480581,0.15636331535300865,0.3,119
0.041113673765556843,0.06460440259145507,0.09081146514356038,0.09809764323782866,0.1083519015248573,0.16215533651754716,0.001188402410240248,0.00047459110360155334,0.0013835785672415629,0.007933908231098075,0.001127681887303833,0.007971812226258201,0.13194033783278952,0.16278747912643207,0.3,118
0.0838685859159275,0.036436487502278236,0.13416465464431787,0.11077008809327427,0.06680949400887667,0.1544280926857171,0.0009537378148180679,0.0008120886233544396,0.0011496180530367432,0.0023121703614088496,0.001069103043778219,0.0024453485479765114,0.16492018440449918,0.18573555926186702,0.3,118
0.044812658885821824,0.029425427521421656,0.024874294745239275,0.05473666047904405,0.03583157297621162,0.044392066358342905,0.0011321862688664518,0.0008584316648206056,0.000567536450841977,0.003273466164032013,0.0013670825819858123,0.003451921181929496,0.06171754746388138,0.06355149747139947,0.3,118
0.03743292147696042,0.03911565916363874,0.06521953940592366,0.12757081086665578,0.12040804193168048,0.19036254998159508,0.0015442122204022335,0.000936566041197658,0.0017595689038739442,0.012910951431477802,0.00216103584069427,0.012603057128471873,0.09910394959208617,0.19051624415699214,0.3,118
0.0301387349768476,0.026802880988374852,0.019403535075320145,0.09611011410253156,0.043232400110537944,0.05727186570497919,0.0013766917443631004,0.0007942417961274905,0.0018058074794631064,0.020918521864099482,0.0017661134234314702,0.020925286210137006,0.05344845787944986,0.09732455834760516,0.3,118
0.07703805904904609,0.03357429944910944,0.08283615246795743,0.13230230251714475,0.062486937308905754,0.167449956478402,0.000628031736181507,0.0007449897230991661,0.0008506503844013299,0.003259856328563293,0.0017399047470297857,0.0033266130181730524,0.13061747831134743,0.1717327157047085,0.3,118
0.011588021287372161,0.0028474537875884517,0.03086766000443819,0.013191925778625255,0.0063803188204517615,0.05450231618449178,0.001930422723438379,0.0006636308337943166,0.0016023455483433857,0.003453047611861937,0.0018337001492270133,0.0026975803382081054,0.0339727779480078,0.05643699948657287,0.4,45
0.04601626667084829,0.05196231954559702,0.06791154387948109,0.09106757950007188,0.10477627399983255,0.1742790201792322,0.0017202775025985093,0.0007254190910904292,0.05997793250710037,0.009067234846016237,0.0019367344732676983,6.2808644648575775,0.10749629432933777,0.17698479301385256,0.4,108
0.07239322690651222,0.06375485212659499,0.07318197475182114,0.12984665418770291,0.11430541022086199,0.14805090195944587,0.056370485287293576,0.0004979452358092104,0.002128604357280589,6.281971382742386,0.0013470193400535457,0.018432065483078963,0.13447003355763756,0.16535928158608731,0.4,116
0.06775767266129719,0.011668754139509676,0.09002784944797178,0.12374517747805935,0.040551176339801515,0.1603803760536534,0.0006011267549171127,0.0007224386359710567,0.0008998621746817403,0.0013034084257748102,0.0015299784861665389,0.0016804821237184075,0.1250537892811293,0.17574186235960476,0.4,117
0.0752183520060871,0.032532007929495156,0.1055356890966527,0.15591238476048813,0.05646213860111238,0.18198112863357602,0.0005185775750680882,0.0011027430326982159,0.0006475891186591458,0.0008780955578251426,0.001534491767424151,0.0009791057720809349,0.15136256574209614,0.1896741045609202,0.4,80
0.05082337807636847,0.03950678090450632,0.15717781125894745,0.08302706322107573,0.06251325023824933,0.1832870796914018,0.00081810512876769,0.00044528115483183985,0.001082015798157003,0.0035629771215144324,0.0013328057004678984,0.0036475047731576726,0.1715382710960019,0.19163830764530151,0.4,118
0.067964942087219,0.056988951057345326,0.07176907397434545,0.1282986073061354,0.123837018602805,0.16930699921543813,0.0008956837422945352,0.0004783962373094186,0.0009315729962820703,0.0032724724533790273,0.001432142567985295,0.0024362442199299394,0.13107718438734625,0.1844766504415633,0.4,119
0.01309253361851699,0.03588358602541974,0.029380099972863873,0.0457903732749524,0.07624638075856574,0.05745151775088064,0.0014189873857261177,0.00036760917451579805,0.0016370814971883943,0.006547946960045348,0.0019127933703377842,0.006692080762260577,0.05264803905375905,0.09099421869636345,0.4,117
0.08294322242755692,0.013027375928195787,0.0885650625801924,0.14730969721228993,0.027664679142841986,0.1741156031279184,0.00047743244962010923,0.000610911613054395,0.0005783693755299381,0.0011860225146582692,0.0013469306041224982,0.0011569207219783717,0.13713213744699498,0.1841865148284255,0.4,118
0.023928286377214884,0.06417767143356622,0.06828822188389362,0.0468310214853577,0.0709233404107148,0.13321906929898747,0.002290116280344809,0.0006567645371200562,0.001955096151837535,0.01305643031852588,0.001742849348094877,0.013093434072090293,0.10140660651726102,0.14478965236373192,0.4,119
0.025563366943769737,0.03476602213809126,0.14481187128707335,0.042064195811654215,0.08952172846259854,0.16165369441270422,0.0011418499255153234,0.00047073713848539523,0.0013581548721460573,0.0032490772351234654,0.0010119904437397853,0.0033753102371285593,0.15511807658085913,0.16426179180022332,0.4,118
0.0489349838040195,0.04611654560168874,0.057521592327859826,0.07604037893904872,0.09388734417726691,0.14916764790107423,0.0007487197445947625,0.000381496187064088,0.0014573210609343853,0.00329358205949413,0.0010494196076727969,0.0032860932915328434,0.09779701710317311,0.15714195821664959,0.4,118
0.04528121730462741,0.058737664543846144,0.080564120457185,0.10410678827520797,0.11254769245094542,0.15555665100527227,0.0019078974775060397,0.0007112965747198441,0.0022140362938527043,0.015974766857463907,0.001977668920198683,0.015935565368369903,0.1270022508115296,0.15620969973898813,0.4,118
0.029160635690095582,0.06093370799001034,0.0906748247593172,0.05460158690571121,0.10834158656426213,0.14328422165593968,0.0008358244009660746,0.0005010580828333774,0.0011624877919882205,0.0036353711635925823,0.0019471000816200235,0.0033743405125329085,0.12264941796533807,0.1485879628533161,0.4,107
0.026487363488644416,0.04120412746428633,0.06558228840224958,0.04705153134590935,0.0699111816694429,0.12603861929869659,0.0014575340393509961,0.00019758899642924587,0.0016989100985514653,0.02664585488233806,0.0005706629207606895,0.02667467899363274,0.09039229894081693,0.13046153456463494,0.4,118
0.05380940038947546,0.03860620074353877,0.06006444311212088,0.13591632490528993,0.11044154550730467,0.19050343492196092,0.0011153044943947208,0.00018969506821505457,0.00138264726621307,0.01874806709196042,0.0007042674285466788,0.018801928934586876,0.10166368042879495,0.19393933065720775,0.4,118
0.08814603787638575,0.021498873401435907,0.11090075716185742,0.12986341708703936,0.05418080467071071,0.21426641969197363,0.0008472119754965142,0.0003855536882381722,0.0013275552142414408,0.013822592372809472,0.000976990653797763,0.013845506212002423,0.15427032524752388,0.21642372655713188,0.4,118
0.033416498203606836,0.03489604689644902,0.06712171548554312,0.06189312184627706,0.05461158565414087,0.13874367420949535,0.0010356183026575675,0.000517893079620689,0.0015168349089861042,0.0026582160993378068,0.0019151444675424845,0.003690859443563399,0.0912464380137421,0.13961719644720955,0.4,107
0.0589146295970763,0.04395564402711012,0.08422326424951672,0.1495898639292727,0.0917473851535284,0.1392324146493683,0.0011940403261221266,0.0006997906907226171,0.0012593448867687157,0.0068247610360583355,0.0014225832577785535,0.005437506755581412,0.12857607607739488,0.16995601808296992,0.4,118
0.052859307455013965,0.055891865978196925,0.07597954860848914,0.1438949252378362,0.11813463508549521,0.18655943687761117,0.0012209482802281269,0.0007066826435396111,0.054412701217467455,0.013243127435580426,0.001277811919672911,6.281574681333602,0.1280712074688598,0.19147315071044932,0.4,118
0.03901366555557872,0.07345270689429567,0.10315634101519212,0.08616295285218123,0.140539825204334,0.18717225139663457,0.0011296291459097618,0.0004541731074382647,0.001357645826487197,0.0035110898653731293,0.0015015822024899705,0.0036503369663520857,0.1488780397636703,0.18805502330775628,0.4,118
0.05925077591052825,0.03663593608474088,0.10979873502447676,0.12165120198879581,0.07741899688325221,0.1964729648480904,0.002197387391794127,0.0008165728184203752,0.0018104652610944037,0.05073468715222895,0.0014267038410434585,0.050746196952961675,0.14058590636582896,0.2009646608403141,0.4,118
0.05779395245115444,0.04958642527243661,0.11811637999400969,0.1334759513124636,0.10625332246418923,0.16849598611341082,0.0006131634446827103,0.000587231554263094,0.0008724216543861772,0.0026241378578018004,0.0016237610100887645,0.0028474293646767457,0.15922784156526795,0.17625772961752564,0.4,118
0.06435187860196005,0.04749265629044907,0.05960355985019866,0.12489309564641454,0.07803475447051636,0.0659665134237008,0.0006588597436500549,0.00034267747585315115,0.0008401717785632882,0.0010015313336015907,0.0006408439018306678,0.0015647383076355936,0.10899791231322269,0.14503285436513927,0.4,78
0.02446499245221079,0.05786820218687136,0.08306188534202312,0.03971303402103892,0.13103154852343663,0.1493627026909518,0.0009513664141752424,0.0006414731621660427,0.0005173247810758151,0.002032896790963745,0.0011482866745630566,0.0008975737779435278,0.1138839099317423,0.1596517191963939,0.4,118
0.09401673806965151,0.08565713262488474,0.06650903426244627,0.13384025459709364,0.17125839734214082,0.13746870937957045,0.0006934160783177638,0.0006852720818727076,0.000980619741209527,0.0014992042874801825,0.0014724842942933775,0.0015459218102720218,0.16291237419996188,0.1870202188143779,0.4,118
0.04729224201999426,0.040335601854759026,0.09141058001137839,0.1206045106060038,0.10568344054648737,0.16411499198735469,0.0016412620948244802,0.0007810876092781015,0.0021534884107794294,0.0077054174816133525,0.0021942729820816353,0.008560738943826918,0.1269700868063785,0.16558979500176596,0.4,118
0.07202908925820853,0.05964700390715938,0.024634635611084015,0.1279617643309936,0.08161200043698452,0.05154730095411657,0.0017741823365463529,0.0009903385890654183,0.0021292536873649365,0.009768363020314474,0.002246929885897808,0.010367249693228331,0.10771073755032219,0.12891626408303986,0.4,119
0.053982090474620555,0.05662493769461553,0.08504555149117353,0.10546259058265009,0.10366904178564221,0.1665015061894456,0.0026507608442016923,0.0007620846267091283,0.0028395717896579284,0.1592936724803442,0.0013416410386488664,0.16072892788292714,0.13499860359480134,0.16732236155746583,0.4,118
0.05145314802404328,0.04876138350141691,0.05082617402672732,0.0933048347099937,0.11339969483643608,0.13421383833532646,0.0012398907012382144,0.0004349421324800471,0.0015133242877027825,0.012419595983637954,0.001527832696581688,0.012421323168486875,0.09985574986791906,0.15872642762222056,0.4,118
0.04880302809087599,0.03379212138097291,0.11860729367212317,0.11286693891596727,0.07052411137569292,0.18683125421840463,0.002625081929586342,0.00017925890234866775,0.003006168157770659,0.043138308134930026,0.0021027810390876756,0.0431155325303485,0.14911124753418528,0.18823175761642916,0.4,118
0.04938001989234081,0.057661757216346095,0.02863984867223198,0.1018854935238275,0.08931389788807081,0.047114681010418255,0.0010429083889677432,0.0008781242014861549,0.001157189403382682,0.011692616907272912,0.0015795381165946698,0.011716215735072755,0.09141268667436252,0.10831499207718102,0.4,118
0.01805393665879061,0.05148084415423794,0.10213132058551236,0.037820411132603315,0.06903185106969437,0.17044330858875106,0.006921268662166375,0.00037183232567723724,0.006814105575377594,0.08997518304486585,0.0007800242350366471,0.09014379812413909,0.12071300310465656,0.17243769333345096,0.4,108
0.0694449993596626,0.062039680743936496,0.13302826306553736,0.15777512693639634,0.12662661705877626,0.2069992227474186,0.0006837168049376628,0.00030515854198359264,0.0010788366809441957,0.0015531527008723067,0.0012041273344984837,0.0016815412508497385,0.18784271494327953,0.2176223300410188,0.4,118
0.0550822530499067,0.061674507518943086,0.0251952701266691,0.10551435881820406,0.1104643260487563,0.06895540033048711,0.07076479734915012,0.0009581947323914986,0.001254224610707407,6.278451287994402,0.0014819922899659277,0.004905636291109516,0.09700039320794411,0.11874453997200397,0.4,90
0.05226788849202275,0.08410211084595748,0.08906900618151144,0.07818638058938321,0.12323672631908034,0.11450691068469393,0.0007106921755282164,0.0008850635226081429,0.0009302115490211722,0.012889262030525539,0.0016631855205944124,0.01291548141245924,0.13770446329648459,0.16738733634807698,0.4,118
0.044290819141776044,0.07624921826634501,0.06516247522254395,0.07422327266478193,0.13950784163830543,0.08748389405256404,0.0009077644244750118,0.0006457715316939588,0.0011649993860884296,0.0024032196818062346,0.0015245836185298553,0.0026623776595964266,0.12290384352641705,0.15592679513148539,0.4,118
0.043865526371880945,0.04559210352009286,0.051322601556050874,0.1271527265741535,0.08574863362924381,0.08210375095772787,0.0020480550306138327,0.000368539686322349,0.0022056194500069716,0.014392664583467774,0.0019933567047758505,0.01433363767772916,0.09500745844916533,0.1343705204522903,0.4,118
0.044860728978244904,0.04070160068739028,0.07090384450573996,0.09594855615768769,0.12021084009380856,0.1741544929609221,0.0006750231853883408,0.0004726855573126254,0.001478783522466243,0.001368911458719757,0.0010358827479266808,0.002398128722567394,0.10724439342404922,0.1754588573461191,0.4,118
0.020805011171238313,0.04042067838324351,0.04642486586166336,0.044656231860187134,0.07705392189653718,0.1036186148519638,0.0012326662291813717,0.0008170019862809959,0.0012014760612405952,0.00377825614020999,0.0018040781625876523,0.00392514264626409,0.0738863197611765,0.11284070762353203,0.4,118
0.058765871569308716,0.06715671690602192,0.06994038080697848,0.11617469263625166,0.11388365680206455,0.12139654281555606,0.001373567340984025,0.0005152121421339608,0.0015515290395048972,0.0038741307947154358,0.001811633941110169,0.0040696632251726594,0.12942088627176473,0.13955678022424528,0.4,118
0.06285457628316157,0.010375594039094214,0.08989748970333725,0.13170466705692502,0.023147699515454048,0.14618837780818228,0.00022762550055495856,0.000941680253673599,0.0012895103026044662,0.00037641965633050667,0.0015793401074425117,0.0023895194469545356,0.12026503041746436,0.1534664543636304,0.4,118
0.05235861021408576,0.05557204873282944,0.07074848201582927,0.10298343096671278,0.13595235294600744,0.15761553869985817,0.0008586214717707721,0.0006560137075960496,0.0011774779873885187,0.0017071324730108528,0.0015306665580678003,0.002358205665389468,0.12259044411989836,0.166361663980781,0.4,118
0.030928335566539084,0.06087943198460561,0.0580799470025407,0.07665240526664946,0.1183653677817042,0.10227329230135807,0.0008816222865998126,0.0001796317218603676,0.0011840614227455852,0.002477400119805351,0.00034967202614455406,0.0025574126402023722,0.1027242363171245,0.1252775266513446,0.4,113
0.0470275530059927,0.05846590286603944,0.07973146467946789,0.1453295948850904,0.16459450082962473,0.21990484919932185,0.0014001410837292023,0.0008373278420879845,0.0018461644011064115,0.006705346004585611,0.0019936317684683402,0.0067425941537155865,0.13002183489093913,0.22051668704968688,0.4,119
0.08398860898862487,0.100245472492112,0.09216971344129096,0.16930278904051316,0.1480332520382695,0.19277694334027046,0.0007904258135160608,0.0007707156967069504,0.0009689883907455283,0.0030702807769454887,0.0020717237902687646,0.002642213311522479,0.18276052661000353,0.21764810317722247,0.4,118
0.04230119764181351,0.08397156207404806,0.10693400783747244,0.07220866361245318,0.13556162009316747,0.18772723286750492,0.0007955156502653927,0.0004072828705585612,0.0011960814499810603,0.0029138398690897738,0.0012086283781271856,0.0029627292391931626,0.15973179714906077,0.1987043800678219,0.4,118
0.010266347582345764,0.035006005910815916,0.053549549595640136,0.02058162843912213,0.061641845692069736,0.07497003766778565,0.00098824933849981,0.00033763920587948754,0.001346367425285306,0.006343938632728641,0.0008584360258362955,0.006380991916493883,0.07082252948870257,0.0778384484479696,0.4,118
0.05571964559307056,0.05566375690769751,0.016625695808688428,0.12769792602447705,0.15606105931076886,0.04144973435162247,0.0002951396150992756,0.0004184127254327965,0.0007591750992108261,0.0014343227475204223,0.0010449800956976452,0.0010649576088983537,0.09117556916345791,0.15981068458652511,0.4,119
0.07938800679062931,0.050001249727267355,0.10973300457830554,0.11376880141721823,0.12364848502100428,0.18875030879921068,0.0010423237193100566,0.0003423084452585069,0.000987113032266136,0.0047805580375201995,0.0009813858755697291,0.0035911386152089886,0.16250021478924,0.20019926987751363,0.4,118
0.035601080724225645,0.04357083157888101,0.08713167189374668,0.09941127979012174,0.1197450678772681,0.15012587256945759,0.000751100597584015,0.0006038555691376934,0.0011551977468325103,0.0017584879759353633,0.0015006005933510536,0.0020258123709582243,0.11722263731622129,0.15760340309214205,0.4,118
0.053172945947138096,0.04642104658629609,0.045095882078911464,0.14757100145468105,0.07684419176654941,0.07526906382256804,0.0007991444902118438,0.0004822839089604516,0.0011680268217471841,0.006314090109691861,0.0010979596687067383,0.006354811497644386,0.09450521238489536,0.15731779606917684,0.4,118
0.060290012269298046,0.07178831148638555,0.11839026136324839,0.10960741029221382,0.1673481577663869,0.2207828868206002,0.0009610463280859074,0.0005561658304339596,0.001090380137094465,0.003008726047086796,0.001225025988936368,0.003074442277823941,0.16902856322450016,0.22081829568579356,0.4,119
0.053502533416199025,0.057620102113650845,0.05493751438738193,0.09408466501325943,0.10666692455208449,0.10127166264567716,0.001320243563404209,0.00020075194203381179,0.0013485238839249104,0.01720046390822849,0.0005906201055416727,0.017207788772314547,0.10757367381022362,0.11594740714040089,0.4,118
0.059575634427234285,0.0745266160576374,0.09906047235507143,0.12598609837232588,0.17053551425935604,0.20325523762609116,0.0039231985290095785,0.0008354051864620413,0.00393576894374168,0.03525699913029867,0.0021055536503278294,0.03457390023476847,0.1609009356074515,0.20900314508513462,0.4,117
0.08395544376700946,0.05823484636619061,0.05202619641065846,0.14889857273657947,0.11656808006658526,0.0872064949590794,0.0008627846164243736,0.0004771239235304503,0.0007252815385486665,0.0012088291248626426,0.0010001766221101605,0.0013732714095295862,0.12992321430416445,0.15367090934031413,0.4,118
0.022766300348449717,0.039727820129997184,0.04873409088504,0.040297228804419015,0.06946935057575551,0.10411921538254762,0.000764869566048441,0.0007479576138928123,0.0014815123767541003,0.003579694156694735,0.0017168542806730303,0.0036659885295393657,0.07354202390297891,0.1298797585682077,0.4,103
0.023987013479773726,0.06415794713571683,0.07931323290271544,0.07131767548234932,0.11275926800925296,0.17612917022802754,0.001723678325616852,0.0006770905879856148,0.0017511680201900358,0.0034015554061804787,0.001423691825441331,0.0035719381914045556,0.11654894271908176,0.176860819039048,0.4,119
0.052308345040606566,0.06888878439202416,0.05496907967521597,0.15184254195065516,0.18506563158045192,0.10060600624830188,0.0012255833781365639,0.0007109604735205434,0.0014945834055346003,0.0057303880532344476,0.001805468111556241,0.004680717566711845,0.1213873298763585,0.20307557488575417,0.4,117
0.07155442028547325,0.06838312344995952,0.0818781187568735,0.13866711302783796,0.14144185236705015,0.1290944197558765,0.0011934657003775885,0.00016610360339833387,0.0013931696859533257,0.003645445599528896,0.0007453098195147057,0.00354402166798673,0.14558925696550273,0.15353923813554737,0.4,119
0.052027225850626545,0.07161968813218184,0.08731751471664036,0.10187505318941953,0.14362371839594362,0.18771750185740532,0.0009908819984164065,0.00012670225033536381,0.0011944939870350995,0.004843685846430024,0.0007925993746400462,0.004856527403980682,0.14334204029107633,0.19250775827938965,0.4,117
0.021353120742403506,0.015727089678821082,0.019771090499483373,0.05655269048763295,0.03517252069047604,0.032370636123844054,0.001547031701188315,0.0006379328086454693,0.0015953065053292475,0.003912575578333133,0.0017109890314883636,0.003889613565088157,0.035395070965061275,0.0714364865745338,0.4,118
0.024895651891795965,0.024406868958052413,0.05126449854455001,0.04706956610052038,0.04971248883059426,0.08980121318243661,0.0010244475027590505,0.00038525069170771326,0.0012746821677405641,0.003570766399664249,0.0011897454974878485,0.003475625701881112,0.06469473423650961,0.10034720541183625,0.4,118
0.04247033808438656,0.0699737242778504,0.06481383209676256,0.06903917038068688,0.11578558854620674,0.1999884356723327,0.05486131132336936,0.000822608227234785,0.0014073538750436008,6.273557801669023,0.0016857072116414074,0.013228795156150275,0.11542637810498318,0.20547687622104582,0.4,118
0.05996550372029086,0.02566313855211744,0.10388432261584289,0.10135161619221494,0.050404717183998415,0.12817427732374687,0.002692429774981159,6.006978407009551e-05,0.0030353597760253257,0.053245936115057235,0.0010399360071762231,0.05330838217333467,0.1292144142946024,0.14117765040277874,0.4,118
0.03171445694629374,0.0396397762837048,0.025573213586256093,0.07358833766736353,0.0867736940618731,0.036367684105660575,0.002001176583500932,0.001084861469655057,0.0021019026773484778,0.025836512460850697,0.0016597860791289776,0.025855123355542187,0.06260504392523135,0.0940869594831047,0.4,116
0.05375236635619677,0.05196959020394159,0.017531787873133215,0.11863443753378522,0.08013891043376511,0.05596369139785334,0.0009226098838805608,0.0008785968719914896,0.0008354012138850183,0.002280072048400028,0.0017001074789319004,0.0024178311398257435,0.07978088412458355,0.1475442506711805,0.4,117
0.020683750795643895,0.044904641867978545,0.17688402251120042,0.04918922669908779,0.08790114152410822,0.22223429915670728,0.0024225273077049313,0.001020180073743766,0.0027402727485363767,0.011213912961848038,0.0018804683187476634,0.011241613844113818,0.18641668348412413,0.22927289956664867,0.4,118
0.02119873131216667,0.05339120400317918,0.12191211941393938,0.050227299046044616,0.10067389587170622,0.17116800411268157,0.0013550666487975262,0.0004922948954509786,0.0017193149118431034,0.0294353079510139,0.0011441929524660388,0.02944210459901897,0.144939773854646,0.17332691276477388,0.4,118
0.052478600067190975,0.055921688759731365,0.06133385152570308,0.11164271244726662,0.09430641943997589,0.12751291137558785,0.0024206752885630248,0.0002250823311096588,0.002640065487334685,0.011457723693664601,0.0011254443754291632,0.011477229717540727,0.11108875899344955,0.16522741633137977,0.4,118
0.04700419095803399,0.050658321204332536,0.09419711228219342,0.08370664806605838,0.07291739918251919,0.15626422492832576,0.0013890329100373282,0.000449941237585826,0.001171016742936105,0.002900986974358588,0.0009173089746979946,0.003292780556503505,0.12453584506532173,0.16898667590886157,0.4,84
0.02584443138407071,0.04334243037349201,0.058863968971495005,0.03962418501321818,0.06782243551853728,0.12074293196132985,0.0017786347173811383,0.0004558153004249911,0.0020099709545377633,0.014989986500690389,0.0008436052127231974,0.015011182620101149,0.08341476125461575,0.12701085133714776,0.4,118
0.0749090192282172,0.04070315224081629,0.07373554004016111,0.16627462862031817,0.07593760643223813,0.12158030430621636,0.0011328862694346927,0.0005512596382863897,0.001302080204068401,0.00747840652635301,0.0016080347386004945,0.007517722047413189,0.12869424941807553,0.1713013713500205,0.4,118
0.049511889326113424,0.08519920674854356,0.12882986400931434,0.0789004679494704,0.1287096547870343,0.14174291251801524,0.0028458219915162546,0.0007768454461882553,0.0030967157492808655,0.007230054520244278,0.00185962299519149,0.00753458492159198,0.16540143104768645,0.2011138964512704,0.4,89
0.058491734129841974,0.03623959341084342,0.04915794789305512,0.07480988863212176,0.05506538453473976,0.09112406938629233,0.0008006712976679782,0.0006424422760145903,0.001002448470742733,0.0015553242556037676,0.0011106395184858342,0.0017147755882886973,0.09029340269500942,0.10520903344575046,0.4,118
0.08588796212623512,0.049888712939106857,0.1032203829156569,0.16362493715342752,0.0866709377758452,0.20503260705912485,0.0005024288984184745,0.0006865940856577968,0.0006837122290374623,0.001047469461619599,0.0013899867124227416,0.001185647202227802,0.15971718789054176,0.2155057083693308,0.4,118
0.0920777943415107,0.041454631996283464,0.04732801814027441,0.14209655769320423,0.10826615281853988,0.12662814427334027,0.0002522310570810387,0.0009661146467579212,0.0004346706518621316,0.0008537139435880192,0.001491153766599751,0.0008166178420023762,0.11930430331963654,0.1882985954907146,0.4,118
0.06795280005445693,0.03817946790328973,0.07891227373975841,0.1170531910199897,0.08501770518791374,0.1692600489205952,0.001003470984176778,0.0005273290449320196,0.0010240020049315103,0.008419250350052865,0.0012496075776970428,0.008451033152064413,0.1262889998047287,0.17141072142397562,0.4,118
0.08795910057670564,0.0764553844296321,0.10234007509751453,0.16835707711262365,0.18103779456136437,0.17353442076531528,0.0011247826658924926,0.0005383819542399753,0.0008947591031097134,0.0051595281559151385,0.0013636182660093366,0.005208723963804118,0.17960262490162993,0.20276986772807876,0.4,118
0.050345687625396436,0.041281456618368156,0.03926805207222702,0.1576228513617967,0.0936370447890355,0.060502253280335594,0.00230046198615401,0.00038552553357486274,0.0028617673339100098,0.015941343510004202,0.0007621031158198122,0.01608173215823938,0.09161634343874599,0.15857144886623814,0.4,118
0.03728352754583756,0.037508158538121734,0.0232587628558599,0.08603467720696645,0.13333660667941813,0.06566806317566722,0.000979497771517848,0.0007897135780189476,0.0011917827123778357,0.0026056359186084066,0.0018320299369875004,0.0027048090787333834,0.06709768313528958,0.1486364778974517,0.4,118
0.04557383204359936,0.07627604848581668,0.06559885533434212,0.08234413559030201,0.1278134221945364,0.09198412342220319,0.06886774653437758,0.00044234048889695655,0.005425670222152865,6.2438920203107475,0.0019805643175907495,0.06713751851624483,0.11842639728370306,0.1510049300808089,0.4,97
0.03575816086709268,0.05086584823901911,0.05212460615646179,0.07790621494395472,0.0879814489058181,0.08628631881468124,0.0005787513336614016,0.0003878391100221179,0.0009981008562451785,0.002106847803193257,0.0009065541705413072,0.002112925256978926,0.09228355578971684,0.10246247235465819,0.4,117
0.050464159748274964,0.04993880581141914,0.07641797636405705,0.09691040540291951,0.1142554523712605,0.16886042788372557,0.0008620083163066264,0.0005957481784895836,0.0013410302410439053,0.003455392614863495,0.0018817903162242633,0.003607763331566538,0.12000661375819184,0.1699256697558678,0.4,118
0.04085596823309776,0.04212487963046547,0.0679879099573853,0.10787919335924478,0.09519550786584374,0.16176142001016047,0.0009693257546050075,0.0003171143976427825,0.0010747926196508044,0.0018234885841244691,0.0013117122099084444,0.0019777381730505805,0.10066725973541764,0.17141406655164165,0.4,118
0.04459590659450863,0.04448234767918475,0.0680729023325372,0.12483998643842836,0.11466628278572072,0.18176650145423612,0.001518153277099773,0.0008578417392188471,0.0019276904782998623,0.007379265085512454,0.0018118105329369971,0.0073391359330434724,0.10894036808426068,0.18221511886881903,0.4,115
0.05680795669637417,0.05277073425525779,0.09638072426916397,0.1537842223805701,0.10520038594429715,0.17563507449212368,0.0011128872693370571,0.0005828037354126863,0.001921135625388983,0.0026886756608615614,0.0009962945837968529,0.0028207847586996238,0.14540909297725454,0.17972640657105457,0.4,118
0.04092828630192668,0.06541611734339568,0.09706691353890397,0.07557878641909087,0.1374945432956211,0.20956793710859734,0.0011285977616127339,0.0008487081739434984,0.0012241609859505408,0.01923015637111769,0.0016015388794201058,0.019241859174911724,0.14125507939662718,0.21274428594700737,0.4,118
0.04185595599195261,0.08931896890572338,0.06068093921155737,0.09824388066099904,0.17311525128265243,0.1264363012928881,0.0007041915078345644,0.00023438952495487603,0.0008009689545613868,0.0013144472107491367,0.0007341864847906221,0.0013415615382519341,0.1250377372736541,0.18572195448779796,0.4,118
0.057815605353558605,0.06191490290177251,0.0739185706838096,0.10148249648036581,0.10910781818110066,0.17808496230534399,0.0008533947933752419,0.0004977344385608786,0.0010345998903875352,0.0037921467381900366,0.0008552808062708417,0.0035657772863049164,0.12615124899909275,0.18113343908837015,0.4,117
0.022866566999130044,0.06768046271696229,0.06161658784490648,0.04977935131521746,0.1227896564961029,0.13498947255485672,0.0017050330278989907,0.0006092426877505606,0.0018457239875072776,0.007130770968091227,0.0020382957940925372,0.00735666157194137,0.10220967239769241,0.17556007910138807,0.4,118
0.03957508026159314,0.05647396674221104,0.06544244278323064,0.10695006395450157,0.11868226003060267,0.15029241811330746,0.0011293775807991358,0.0006150146298796568,0.000996770034184799,0.004400860140162499,0.001639471967420869,0.003721192794236605,0.10626848049117617,0.17144802521383698,0.4,118
0.08329435964394426,0.06771146345935669,0.09309961425259294,0.1346772189338708,0.0883234015710182,0.13139821479610514,0.0007917070497958866,0.0008422028975231876,0.000874295670400363,0.0018752483459332225,0.001707310907253512,0.0026987567370770904,0.14391514714275394,0.19694519461122828,0.4,118
0.06462397406783506,0.05228161955824838,0.06779972589600233,0.10161340577600503,0.08996111457667216,0.10892014378843204,0.0008516760104843733,0.00033450456010104736,0.001294296777820835,0.0024259035806002416,0.001013996268111994,0.0035468976487191828,0.11590519664860532,0.12688506912728897,0.4,118
0.044990211280254655,0.03710722146674776,0.19863458225935585,0.08561493857923883,0.07297672941710504,0.2339234197004995,0.0010770093607061183,0.0005642498492478137,0.001533440862097498,0.009704597867278064,0.001638751067463473,0.009698236791475523,0.21020040721707747,0.23514945704822254,0.4,118
0.032455376997852094,0.03910988570222816,0.15752347328161195,0.05998740209773924,0.10055270535327188,0.20022204765608387,0.0015560677894433594,0.0008784378483723094,0.0021536282519545617,0.01015250755067676,0.002002882323190791,0.01012623986864769,0.1680532465580778,0.22560886112827025,0.4,119
0.03138915706863369,0.025981984937377595,0.06055689053453127,0.04649874197902992,0.05173667214571623,0.10613034161001664,0.000562225397013681,0.0008017075522458236,0.0009549297506099957,0.0010810171095640975,0.0015156792314518497,0.0014048666061126092,0.07929102603966218,0.11569530466763372,0.4,117
0.02754999982012273,0.04375104270003761,0.06825823652361748,0.05871927809508788,0.08767038946213751,0.1339823064065991,0.0009686161393831623,0.000778055456940684,0.0009367800949880874,0.002197987600400353,0.001645046764347402,0.002317543790233856,0.09688049937469968,0.13539798149997528,0.4,118
0.05255872237246118,0.04702220267195321,0.074396016134262,0.0926537374024835,0.12201082630626386,0.16145552141078207,0.0015068591380631305,0.0008260199201624476,0.0014582502181399153,0.011450063289615953,0.001774909423490456,0.01149171101718549,0.11677443340673732,0.16355707227030775,0.4,118
0.09787171315731204,0.031237163285100417,0.11969861661354629,0.17689160233337997,0.0828610593141978,0.19555681505442674,0.0008091873487294631,0.0008983107675947809,0.0013462588043249664,0.0018048974770121795,0.001540086396223772,0.00271348318538589,0.17702511747556465,0.21007512721542146,0.4,110
0.07662281790597295,0.04058393949663815,0.11174731792163416,0.10281117229647355,0.09041285498009918,0.17742695799906127,0.0015031382604022807,0.0007261181261778531,0.0012820616020289032,0.0052158029128279715,0.0011392425757357216,0.003755888646797878,0.1501115700015709,0.18314483021935707,0.4,118
0.04364350705858977,0.03535117654735825,0.07359995574258656,0.06902471694724857,0.0931410516770313,0.1103215185592637,0.0015342231719880342,0.0004315014220386307,0.0018820498557125503,0.019040255060568168,0.0011168395843264567,0.019050405255352176,0.10012884394629963,0.1279244100831887,0.4,118
0.053356620748133965,0.06397503498943576,0.045250620434306506,0.10539832481657088,0.10159498195965147,0.07084319558173888,0.0013394693272857719,0.0008309801861924243,0.0015536853225711787,0.004673197202778034,0.001434642191047386,0.004731385624931583,0.10339848862028299,0.14907856012306056,0.4,99
0.12198033929437835,0.05302656180556517,0.10316284409503738,0.13173949207204239,0.08055976085394825,0.13684712585353986,0.000863868815058657,0.0005669229062234882,0.0011521643464268098,0.0035764214778890024,0.0008454000355884173,0.0036237798753817607,0.17147115674195737,0.18107288970350663,0.4,118
0.05416387430610077,0.06614255980035871,0.13222849862851468,0.1127886967195138,0.11463873552834059,0.2303670799563418,0.0016080093291492555,0.000760059782753986,0.001636902110084913,0.004711705441080738,0.0016321625183434163,0.004441790224529285,0.17537500583459115,0.23757461700751276,0.4,117
0.038492774435229284,0.0379644084560582,0.03135529590632042,0.08290438184521487,0.06855851793648143,0.07699021764842884,0.0006814787103494439,0.0008247848684181107,0.0008445098949788723,0.00393358175245051,0.0016002220510372145,0.003982428957211459,0.07333574257350087,0.09601843892131987,0.4,118
0.053603015884931014,0.07532294593713945,0.14811879525550517,0.12261028192192933,0.16097548133453404,0.17324861407833758,0.0013080127851059972,0.0003030481130873481,0.0016450418071148516,0.008122556833973338,0.0022169276995376297,0.007861219872990932,0.18927125891403246,0.20374987625261207,0.4,118
0.019477510684299558,0.04340443576924588,0.05455676294132112,0.04459457211149116,0.07251183643130424,0.11205089087082057,0.0011486972368818134,0.0005735533988294432,0.0011274655983962044,0.010362991484878181,0.0014245772003972368,0.01038688790476594,0.08213245745674062,0.11289294062269653,0.4,118
0.05199257025487307,0.05323885490120429,0.09017602097536453,0.1437614316159167,0.15625808043497658,0.12993204735948835,0.0029900695436910637,0.0011104856116043336,0.003303404746178702,0.014899048114517033,0.0022372617738288803,0.015706014132347068,0.13819484313165192,0.16189588545623945,0.4,118
0.027049887735095566,0.026206653508764235,0.09129822101966494,0.061865677610767195,0.05266639563146193,0.11478081554727604,0.000581139601075036,0.00033818467302536005,0.001010503104067502,0.0035322710485083952,0.0007438634290619084,0.0035279293968792924,0.10273947492100372,0.12288813348124497,0.4,118
0.04211935271819491,0.02757463728796327,0.09778822680571458,0.06450651898146509,0.05878178964220024,0.12783688821016395,0.0011697183377711927,0.0006440609111762065,0.0010502049195563754,0.0019146941301514397,0.0011460372278799397,0.0019946109189328265,0.11482796415901028,0.12985551248975094,0.4,118
0.05918797638974803,0.01529404253078377,0.05643664625301526,0.06710652305013498,0.04285879688769795,0.11538235435296129,0.000681570345989518,0.00048223295622258774,0.0015967279020049653,0.0012364957144355981,0.0010879549520429466,0.0029675901523460446,0.08649430459110774,0.1391877318463666,0.4,118
0.05892502657615044,0.06605267981876849,0.04226443505062051,0.08300489050396931,0.10713991407644108,0.07268779744784878,0.05526501364956827,0.0007687150769835456,0.001363049979270189,6.281393419678073,0.0019021403240593315,0.0023621229820505185,0.10750364654953412,0.11505174101910465,0.4,116
0.05034924742473246,0.058999274660348586,0.09919846115413977,0.10876811775672895,0.1033276868303914,0.18459849209372026,0.07215239042009179,0.0007024977696573908,0.019534482580385298,6.281744347422124,0.0015864370155387608,1.6447892963390411,0.14116855792079286,0.18539335822413308,0.4,118
0.0443042924816637,0.050358075381949884,0.13442430443165684,0.08146641836715271,0.10054636176666965,0.15419248722476864,0.0009270134460788302,0.0004802537541018697,0.0009207327595829439,0.006934591181172234,0.0011999231277037559,0.005389833464922722,0.15564850888460316,0.17312182454763225,0.4,114
0.05179487153020427,0.07054445659594523,0.11167482936867698,0.1456866765013587,0.11305119365905494,0.1789522238541783,0.0010021396757348626,0.0004131086450080523,0.0015187328701237349,0.005475330728874406,0.0017018157908785803,0.006872041271740681,0.15937228112955,0.18634593018575976,0.4,118
0.033619131027286864,0.049420944823803985,0.07007114360973789,0.06834693887303453,0.0995362205259312,0.09879711711742639,0.001050957408845435,0.0004697743755879395,0.0009588801434675966,0.0030210671625856556,0.0010204156019110178,0.0032218687304650384,0.1013668382516671,0.11139861110501131,0.4,118
0.032913652057566446,0.028621504961584738,0.1221858760144568,0.1406507893804127,0.07416813721624041,0.1956933903697029,0.001678663613804044,0.000635785874749157,0.001990068806922445,0.019189666369115455,0.0016541238398142255,0.020575048398307594,0.13335688687585534,0.20904503153319878,0.4,117
0.03839914088384638,0.040287563871973624,0.0947560307434415,0.09600340751973349,0.10702829704740127,0.12809963989232148,0.006655081837287212,0.0006795928748356971,0.007332149885305292,0.25777791894408564,0.0017777247695647258,0.25778403046889653,0.12178697030922857,0.1348637852871168,0.4,119
0.04039205265672076,0.03551453638305119,0.02705776850597385,0.06933727966914752,0.0752831088970074,0.050580176838421156,0.0020707766077901982,0.0005672973658686468,0.0023309003223919494,0.011790539549494938,0.0021516944569304197,0.011339151060624886,0.06802771576379987,0.08913164650942372,0.4,118
0.049610925004058996,0.04923751015124077,0.07016527161458828,0.12531478474939006,0.13099412832910465,0.11607445718631981,0.001158673958083965,0.0005268799167643826,0.0019138957574969236,0.0020988010750973007,0.0015946065016136934,0.0027590181393368773,0.11337891025091261,0.1789522753526352,0.4,118
0.04985348905809259,0.10196648898666821,0.06727594851912849,0.09182945264381587,0.17133964220485431,0.12012325401830437,0.002225685950214742,0.000782345749019218,0.002287573089679169,0.008553781833061658,0.0020926028794299167,0.007898535239973192,0.149638044914707,0.18262620774615654,0.4,79
0.029330492621651216,0.00665656545376481,0.1305059651027931,0.06060516645212777,0.024328560675260513,0.15082184537921217,0.0007558547833086929,0.00016151150602712497,0.0011662198645082883,0.0022349554270766347,0.0004442518623962721,0.002359885969155595,0.13465672566618067,0.16221298366843237,0.4,72
0.0391818987032021,0.03470349010406562,0.08418739215526468,0.06065952074850878,0.08494416895017692,0.16496370318741266,0.0007261457152915477,0.0004758401034992252,0.0008311651621231108,0.0015839967772696643,0.0010320588722732005,0.0019269509571950838,0.10999619759798639,0.16620147916714811,0.4,98
0.03211611214211042,0.010534219322157872,0.0485139595746092,0.042541695881192,0.023507154128382793,0.07350770040178817,0.0004770103055481978,0.0006489513031771169,0.0010132474389312922,0.0008092681049394201,0.0014197152002848323,0.00252738402652275,0.06074299216057906,0.08210727250815522,0.4,85
0.04237968770615708,0.05940142297767571,0.07402893397858698,0.10235039667480328,0.15129974971900612,0.12921154048516148,0.0011141034660866155,0.0007553190253911667,0.0013201801282230312,0.004858640552974913,0.0015177564666601917,0.004920779231154748,0.11838050225429486,0.17284932491954969,0.4,118
0.0810392197224924,0.04487409501748167,0.05945472575812706,0.13942874497994867,0.07069752128046793,0.16417113713180947,0.00046762276205201817,0.0006687906645859663,0.0008895322109982883,0.00109633731028147,0.0013443463841407155,0.0015120378271333834,0.11952040004389312,0.1972789393119209,0.4,118
0.053030455467614215,0.04921948413798387,0.12646273483944875,0.08232697128587882,0.08601667116503631,0.1910521305379787,0.0010858894490517578,0.0009262593629342987,0.07981609130349931,0.003910710578928889,0.0017950914474180735,6.280817916588907,0.15411277313204413,0.20083630006756956,0.4,80
0.04594888977101069,0.06284460661061218,0.09159356876874576,0.07109075273517437,0.11116302901240285,0.16113215358119198,0.0004099865693754589,0.0006831500167309042,0.0008139935228335605,0.0009261968352163308,0.0010918102228667514,0.0008782628051156038,0.13060975311570042,0.16438561000909951,0.4,118
0.09328284752921853,0.05999004678082785,0.06371516500664912,0.18973877874459022,0.10413563101184553,0.1301373080112074,0.000513411773026787,0.0005608114923701281,0.0009131732972263288,0.0008715871653676155,0.001537107966937068,0.0015167223841185962,0.14283509489396787,0.2067574685305469,0.4,118
0.0624037445079013,0.06946608283070926,0.10247380194611716,0.14424237285195235,0.11048809249191524,0.16040645729897524,0.06361341105192284,0.0004911889983950167,0.004391187010063362,6.281670536142114,0.0019462563448571224,0.06570184629441789,0.15094351354749944,0.1926325710309365,0.4,105
0.052667351978598675,0.06494782125963613,0.14550791558113071,0.11172473712527692,0.08408907520287431,0.15997687929294913,0.0011556229467625167,0.0002573685077030568,0.0013280809123047855,0.002602886171530816,0.0005182283064821824,0.002762427663386857,0.1731411470082297,0.1830041162668416,0.4,85
0.07444815190997492,0.06603200279733998,0.05521958385999435,0.12637966494703257,0.1333259142330087,0.11181769443881867,0.0008358259730529492,0.0004191136444992502,0.0011588685219542617,0.004123930888975225,0.0009250523790997889,0.004176590972979843,0.12459863340805237,0.17057135471190935,0.4,117
0.07623085028455066,0.09024041709060243,0.09501105861729281,0.1394001905654303,0.1460903791616583,0.22720259202769078,0.0003883850739083891,0.00035978213486411435,0.0008828703066589114,0.000679026781225861,0.00038488684429827114,0.0009001338076504162,0.17181946385852345,0.24448205050239494,0.4,118
0.059244130126735295,0.099544693784042,0.12001235193629625,0.07883159222583322,0.12182807833232667,0.14270700331922215,0.000706270517395244,0.0005184415159574328,0.0009364845476357402,0.001631898910327667,0.0013582505802439693,0.0018331394425186165,0.16828612403218668,0.17762455328668214,0.4,117
0.03475146823468643,0.044749206599332486,0.029780132979244683,0.07037757041814532,0.06591380680057865,0.05082560486505694,0.001157073517697409,0.00015587998406329614,0.0014488080457879433,0.02307662749299172,0.00046489694670226456,0.02304182450279124,0.07028492733409794,0.08101441282383914,0.4,118
0.11088696084925849,0.09783759616360772,0.054355651468540406,0.19318044918735777,0.1820404281030088,0.15299310144708622,0.0006483640520100508,0.0002051487799681807,0.001139239853088811,0.006236664251614288,0.00074652025543398,0.006584647896125784,0.17668773970848986,0.2099301802571078,0.4,118
0.05910364044545254,0.050264673884343275,0.08241049972591061,0.14244333233925288,0.09151201263086955,0.17751069767766314,0.0013683101498350074,0.00027360415076519166,0.0009340003248791798,0.003939424310480888,0.0005869161170408699,0.0034576759627085174,0.1307690969309815,0.19019785868609013,0.4,118
0.043845849685362016,0.02476907293260635,0.11921364326091936,0.07204816568641582,0.06017468219761957,0.17895208233858062,0.0016957231272447578,0.0007031943263533456,0.001760077287365942,0.007793722153270011,0.0019235357862901203,0.007613968793692472,0.1348335518740208,0.19239913620775784,0.4,118
0.06055219901602172,0.09123278009377798,0.13545459012865183,0.13396783563560777,0.16450779833118534,0.24515214783364647,0.0014866293315070108,0.0006486913502907249,0.0013547136933234622,0.00476034166500483,0.0018554080009365315,0.004819119935437044,0.1950406860117973,0.24553630101373716,0.4,118
0.08524353385572396,0.04030453746425601,0.0632273931113523,0.13431849912143354,0.08375448932233176,0.18149393878931952,0.0006839535037975065,0.00035132105613132233,0.001038286215211238,0.002827607262844589,0.0009085389786922526,0.0028901870082932435,0.12550838024559652,0.20745827169717992,0.4,117
0.07145037293248126,0.056948794618290284,0.1269870876656277,0.1743050495344015,0.15114150327841885,0.2424676710959947,0.0006321813861883299,0.0005821956545945587,0.001138996419552606,0.0013495582780773119,0.0014968590672873594,0.0021009378613161545,0.18204303202837524,0.24259780528797512,0.4,118
0.05700250154662783,0.07281378695369135,0.06248695916450335,0.08932155609494838,0.12540667325150617,0.11194060192898397,0.0005342821463508267,0.0002879286428632385,0.0007935863652065258,0.0010589756755161606,0.0004677751806043684,0.0009185233387709602,0.12143599667456913,0.15413711067824445,0.4,101
0.04623143996271208,0.058386278280136705,0.105568437781607,0.08059509635276227,0.1262075915481725,0.165825293444457,0.0021580114086586326,0.0008918784487264307,0.00258392604022973,0.00940626396329769,0.0016908585925339281,0.009440793067322595,0.14414156677736378,0.16732080035378993,0.4,118
0.018650722424006724,0.12998718921784919,0.04620821465749998,0.0394031106384307,0.18148174227681102,0.08734605856476485,0.0008769597816863158,0.0003555158996526325,0.000798234577222441,0.0015552685421382773,0.0006498429476013978,0.0017511500819240577,0.14256183056861257,0.18851070560101102,0.4,119
0.06269655075121171,0.05405256270869411,0.09318931912436909,0.11002992034704581,0.12611500320066824,0.20851350315362177,0.0007188476635911832,0.000537207306468792,0.0008699481245534277,0.0018095627498957434,0.0009992567733018154,0.001749138491633495,0.1401305024318493,0.2194949742952546,0.4,115
0.10210123503548275,0.08435509639028237,0.10933246782097558,0.16518019555884023,0.1931816827682732,0.21104368160559095,0.001117627531069283,0.0007361083955347877,0.0012126750009972312,0.0021729029112832546,0.0014787142552893928,0.0023091094916312116,0.19930475554853835,0.2382531155519751,0.4,118
0.04344717233211622,0.03472473869842675,0.08922101710102144,0.08643688122259852,0.06329784556595308,0.11292048819208683,0.0019149751714904544,0.0005591890278535317,0.0019989248014776755,0.009927585299827513,0.0021685919201988035,0.010650425042505018,0.11157063773717689,0.1289455096618847,0.4,118
0.06887407902257342,0.05424770108562506,0.07951332675274149,0.1326406351920456,0.1195406279425193,0.1371437680811399,0.0010029238503291309,0.0006090076634377311,0.0012173964513084554,0.01242942839454897,0.0013180494024419287,0.012454945758130442,0.134975235558851,0.17813352385644346,0.4,118
0.09024468719050946,0.025736144325352022,0.10955818521117092,0.15747791158647717,0.06489661523549711,0.1930286279888374,0.0014513008807496314,0.00037030476769694904,0.0016447840994704816,0.0031135397083590366,0.001062329274710505,0.00415012841934681,0.16255970355619395,0.19993170110977684,0.4,118
0.03654839890602141,0.017315304816588717,0.029087623434312735,0.10268465046518369,0.03299476181133916,0.04571482589473133,0.0005511654471142138,0.000775405887012469,0.0012197237939534614,0.0012212092966905619,0.0016322775593765049,0.003045888183230927,0.056585501840652995,0.1092012358451599,0.4,89
0.03581884300781501,0.02347538056991595,0.06878752095846243,0.053635344782953426,0.05364130979052241,0.10484978149967253,0.0011047963885498903,0.0006197347621172191,0.0010515065424019502,0.0028275792742111783,0.0009772958185782499,0.002419949708305058,0.08575640467944583,0.10894375115616452,0.4,117
0.02023021107135807,0.027970095305758415,0.034292074869143735,0.03191422238729734,0.06148850283526894,0.08865161024712859,0.001201783066871314,0.001177057013945831,0.0015873293784730718,0.008444567697374894,0.0019773130467899414,0.009512428504410808,0.05463250515377611,0.09613233812347247,0.4,119
0.049787828761562666,0.043094967076566376,0.07702258189619877,0.12232409290684643,0.07781000491082549,0.19208573964440723,0.0012846064260197514,0.000804039426322789,0.0013125343574492349,0.011134056314305418,0.0016121444169983068,0.011163254928763688,0.11365480547936904,0.19851677781741053,0.4,118
0.08268523520701605,0.040749117740130285,0.1065240485220119,0.15958023717089453,0.07902205423177144,0.20842740542644,0.0009108325088832701,0.0006717189402860871,0.0010513387700121107,0.002064470895452305,0.0015473223285774607,0.00243907278917721,0.15665459494916753,0.2125900337154943,0.4,119
0.05974206347464432,0.07435582829553203,0.1745437613716094,0.11651649074902612,0.1126219480950057,0.2126739870243639,0.0010439134012030216,0.0005039890542209906,0.0010399688777503135,0.0022752264318063598,0.0016934685521693416,0.002660234266129269,0.2040923667164994,0.24225346377573448,0.4,118
0.03526116788300332,0.050705466234440666,0.1680576059195648,0.10299253817825116,0.08363886576733609,0.21843535817412169,0.0010679957670471484,0.0006176935547736785,0.0010036488368852354,0.014065916372638654,0.0013758116316963387,0.014075326662646104,0.18307675687984648,0.23143787209095867,0.4,118
0.012387824611915581,0.06588291927099675,0.14944032844872807,0.03121627387510141,0.1045067468907811,0.2000912232306707,0.0006259763446021828,0.0005198175683158228,0.0009741008984528279,0.0013422662406110675,0.001390798207562327,0.0016056941816215975,0.16869394889663764,0.20542754871078875,0.4,118
0.04236591493800258,0.038447378499243706,0.1718649560754646,0.08102646704437039,0.05910830663203327,0.21400811033739658,0.0011791984739748659,0.0006912156498928313,0.0015093728384146065,0.005053550483490654,0.0016112755613894025,0.005146376760758464,0.18410644085156358,0.2195452019726569,0.4,118
0.03435705929143999,0.030707454222887242,0.040079337710621596,0.07380562605287114,0.05988146400858817,0.0803214815502861,0.001201575444520578,0.0007585692268648978,0.001137662066122131,0.0035554957384726915,0.001625847177418538,0.0036320198491237576,0.07086982675156435,0.08512169292541168,0.4,118
0.02604478266173954,0.09036303382087386,0.100858132546743,0.049026627261711864,0.1804414084856803,0.26191513156753354,0.0009222154114640846,0.0007403064660010059,0.001065884431520175,0.008079840990091736,0.0015742270912184608,0.009538442878305187,0.15475482750725533,0.26764873844602716,0.4,118
0.06821129937991363,0.07308185683361894,0.12673154180522767,0.1844172736498289,0.13849807587999974,0.2504313455216466,0.0012664679829601025,0.0005836558004339526,0.001857312908718772,0.003479990534454247,0.0015653159229664926,0.0035041332812169035,0.18442071260198098,0.25787515009457007,0.4,119
0.06628232707793374,0.09042267609778291,0.03975162435368461,0.12903805295796011,0.10975182776095646,0.07977981663863465,0.0017445776594042482,0.0005975745605765474,0.0021147714536103525,0.0032533230169682348,0.001545394706607972,0.0033380481399081785,0.1256799492436177,0.1657896909875982,0.4,118
0.049679531925579404,0.04115857321092671,0.18663550751775795,0.13577200731498643,0.07216462750697572,0.26850481100533935,0.0009497176072819029,0.0007228818461099376,0.0014659609996261513,0.004518817063753233,0.0017541396484757055,0.005937955289492702,0.20966382514467863,0.2738578787324137,0.4,118
0.06227558112906861,0.05058847503665454,0.08691386711831287,0.1151862290513748,0.11856416283122934,0.18022242298897917,0.0018564428971024145,0.0007215250905814017,0.001934214920819984,0.013911031364042592,0.0021510393590529198,0.013932534737591817,0.13126342117841508,0.1854189292364698,0.4,118
0.08475016750995572,0.0805174335576049,0.07831452039499934,0.16668205122124874,0.14191587308793252,0.15141713941918328,0.0013858483960110944,0.0007489325051120038,0.001492280246023611,0.004314558174778688,0.0017840973567380125,0.004135582894197576,0.16173398106644749,0.18074002194426275,0.4,117
0.05971010662507886,0.06755287994260481,0.10338149849002336,0.132909421600555,0.15455969039953737,0.2634265349103519,0.0007319773497496026,0.0005276321826847158,0.0008558318689149306,0.002823989848183217,0.001474639433527214,0.002877212024148257,0.1538412263594283,0.2693619956879352,0.4,101
0.06049732885724298,0.07226184185769942,0.112627332517935,0.13298323927314656,0.15646636590089352,0.21536932939899633,0.0005472748490589138,0.0004587052413121866,0.0009088179127164435,0.0023289118026206257,0.0010322387538491684,0.0023530789494428106,0.16446376188030262,0.22241120422485253,0.4,98
0.05276457031259036,0.039721325691273186,0.09834574689368324,0.12188916663991664,0.10006854575444671,0.13559844220244993,0.05516017686821739,0.0007299908548781984,0.003193667612303814,6.2147420511033555,0.0014859235913172314,0.06958387805186828,0.12907714794470973,0.16203500546247443,0.4,118
0.08807257918030051,0.09802169360998556,0.07243255387782058,0.14845523256417892,0.15597604055561382,0.10963693027187102,0.0006198556695174181,0.0005924289472893887,0.0007296740588048855,0.0011500430225468428,0.0012208926809377796,0.0015162009943563426,0.1638959616744134,0.19090538297782209,0.4,118
0.06337559798122448,0.06970677889063231,0.14451394941145482,0.13300820704879746,0.1318537690683511,0.22445003319565343,0.0011313005017204649,0.0005926683295522907,0.0009022041444491921,0.0017312085692340745,0.0011971334906229758,0.0013606876913541122,0.19630554718484478,0.2323206096611864,0.4,76
0.07756637443121636,0.0783524125712067,0.11348490266674154,0.14296536626184603,0.15848977066370407,0.22271463641852945,0.0006475554381849173,0.0004901959480104129,0.0007047768868661625,0.0008754906779832039,0.001182593989513439,0.0011192752780311288,0.18018100083496202,0.23335131440647605,0.4,119
0.09088736968283156,0.0741957618103806,0.12459987917092187,0.20091294437138196,0.14915001960682206,0.2055235531847162,0.0027476443965669243,0.0008465324695126097,0.0032647615686164262,0.01911595039623526,0.002210492285016352,0.018614826758391434,0.2013355818930808,0.21723460365047076,0.4,118
0.034596832933345915,0.08257162668007408,0.11455759828976342,0.10560202247824324,0.16084295396949627,0.2154979812898059,0.0013298188622142882,0.0003838305921106791,0.0015101722801716495,0.0074391481074902455,0.0009112168377312102,0.007458466676484227,0.1594281115812994,0.23459996154208732,0.4,118
0.1076238995569375,0.04316924679960453,0.11738484212904791,0.18228680771863498,0.07368146356210323,0.2542700378649101,0.0006073723754166942,0.0008027064626653058,0.0014462527544072807,0.0010907127655803706,0.001546532318238203,0.0027383349462466455,0.18198248718794247,0.25451748022189785,0.4,118
0.047247033183778014,0.04289383059341432,0.15968055135784795,0.08556558974303219,0.07738091450782913,0.2149221253365543,0.0008898313658309156,0.00032200542974917515,0.0009111545244961927,0.0037453024651989963,0.0008063104849629354,0.0038176404477785475,0.17593874829493883,0.2198877219797357,0.4,118
0.014184476642931435,0.03406243253814716,0.06063459210614847,0.045713883570514396,0.0525311892412165,0.09676205259043852,0.0010333074349024407,0.0006076332802984094,0.0012249682787859389,0.0024548651157392243,0.001511355298397632,0.002494877280609431,0.07427956689642123,0.11200070406079547,0.4,118
0.01389007383781819,0.09935660335381079,0.07728338503733566,0.02022351188043968,0.16515548977551686,0.1250589182142238,0.0030798741031774633,0.0005553806660362773,0.0030636934729752503,0.0186499691057177,0.001270224426351385,0.018785619245914376,0.14158262686294076,0.16874548331553185,0.4,117
0.06779600025653537,0.11182713218907206,0.0926477890874725,0.14979463898841983,0.19322331224618977,0.2214139074969611,0.0016328800501651396,0.0006981359761045678,0.002154250342119328,0.012175945713193137,0.00178517245790899,0.013770676451558606,0.18279461088074334,0.2515821978717197,0.4,118
0.029226231788416764,0.10954341279021716,0.15476122194345907,0.07508018372092296,0.17843111033307002,0.24788756507334142,0.002013995450975491,0.000720899802027092,0.001891280849889703,0.010977210294267126,0.0020567876045360922,0.011080022614931462,0.21808605343234455,0.25772315293184206,0.4,118
0.10179223171657445,0.06531434110412132,0.15323901877450627,0.14365241682042085,0.11846963308523378,0.184422942832715,0.0021385654200913686,0.0005479465667281224,0.002258086199188752,0.0319088338401321,0.0008567752463117806,0.03191791437074665,0.20327433793778846,0.24134685559583147,0.4,118
0.09775307080965534,0.02195862159849008,0.09979353493690905,0.14022731944810918,0.037641928562809894,0.1574146657904736,0.0013661049330004858,0.0009025078805348566,0.0014115071650633011,0.022167918080612692,0.0016723191675008797,0.02076838274249515,0.14379226529950542,0.19665869951074824,0.4,118
0.07634657722319578,0.08401167279849205,0.1486604574778731,0.14913679232785204,0.1974967277291716,0.26443766588138695,0.0008432951999720463,0.000573507638397986,0.0009082634097937793,0.004696488056745496,0.001305436800147719,0.004936219386941554,0.21826736550031506,0.2722937914526173,0.4,118
0.08687528507224958,0.028711079748080435,0.11068325792139633,0.19814164323863148,0.05073055388957781,0.26365884445605386,0.0006204287297502718,0.0009350127976047915,0.0009818315929770007,0.0026137322894351778,0.0012392316274854182,0.004306840451538063,0.1597484570545189,0.2674330472121032,0.4,118
0.08125631212483136,0.0080863953458443,0.08546465497865019,0.16654570817064196,0.016326132708774213,0.19508027582915966,0.0005651571403900007,0.0009918762154942193,0.0011636843776803866,0.0036644483067009848,0.0014915536156740001,0.0052892093470136015,0.12995409567869312,0.20105407886784166,0.4,118
0.08455206801650836,0.04874612245604182,0.11164220550017456,0.17779723393530555,0.11131517551842379,0.2657845762379206,0.0016826941555096243,0.0010867888211806044,0.002209712328531912,0.006265062854905246,0.0021645450728062787,0.007009576265512685,0.16810375030662827,0.26619228532080286,0.4,119
0.051843745366647646,0.0990261573464941,0.1289932686750855,0.12543164791957612,0.18516110579912032,0.26062787159534134,0.0011365218134620067,0.0009586326313712391,0.0014605083546246629,0.0062475440930955806,0.0019841922988301786,0.007336781804317516,0.19208093878711194,0.2616129780426894,0.4,119
0.08488194563361347,0.026791548507206775,0.08062772231786156,0.14353099522799542,0.05308659006479484,0.16555435802238133,0.00076583736697079,0.0003982450928766909,0.0005541329602816267,0.0016019213220263562,0.0012083780750885842,0.0009466701013942647,0.13439569577612492,0.17903378997851824,0.4,118
0.0959625804270657,0.03766720799288935,0.08240152460127886,0.12188735922381508,0.06235585310547982,0.2135672863496827,0.000885119679043322,0.0007167958064370021,0.001059113332371236,0.0016533332493944286,0.0015144872335443038,0.002160239219730742,0.14741953096168098,0.2249356165431829,0.4,118
0.06824787719234399,0.06378268335926453,0.1365877781876356,0.12734911090928652,0.16635396317328766,0.2676166226455359,0.0008514148301083742,0.00036622848113858467,0.0010496780276712688,0.0031651091486604166,0.0008531259538292479,0.002858671704785154,0.183865917285196,0.2743659482245031,0.4,118
0.07192881241625275,0.0729298791102774,0.05292823281480929,0.12372059962087925,0.16216074007052528,0.11112499037201592,0.001516915639149389,0.0008326144818930022,0.001455035496091887,0.03589720941647645,0.0018084836632338286,0.03588457041336257,0.12627882777335592,0.18221108758496132,0.4,118
0.04462827662919584,0.03882350114539258,0.03559447781662778,0.08352550809691892,0.0749617958010756,0.07384776360158198,0.0011124409843098284,0.00017962671255243085,0.001460181502473721,0.004163082584416694,0.0008026218602492641,0.004201673347306922,0.0773123756415058,0.11150662382087329,0.4,117
0.06590887182682559,0.06089304447432424,0.09794913262348866,0.1444360502946767,0.13001683054712054,0.1972371455393474,0.0008805305559076206,0.00030004064609252183,0.000849692618627374,0.0024226795465120965,0.0009332408722656227,0.002560668440618308,0.15307993033832085,0.203488200206393,0.4,119
0.0671486203230157,0.04365903966368902,0.057254889434368975,0.13864919217156857,0.08250821532905853,0.10066020426880157,0.0013289170785027063,0.0001651839146787207,0.0015601693485664508,0.00620322939763307,0.0007947230393618998,0.00625222870627562,0.11009614026440484,0.14187381275481842,0.4,118
0.0480877794628864,0.11468931210880656,0.06819005596550949,0.0932233500522157,0.1502552136946499,0.11538719195865238,0.0007401478158285233,0.0001820089416000695,0.0009767850656798068,0.0020260897930197697,0.0003995572367987421,0.0016239246149285513,0.1462281321085441,0.19641408667556573,0.4,118
0.051025930053683714,0.094928537876956,0.08776912309730357,0.08200720421432856,0.16184788744331652,0.14424159907353695,0.0008585198419520068,0.0006150830157408604,0.001115599225409667,0.00118020593671897,0.0013234823440904098,0.0014041091002794381,0.15145886704888872,0.2015114346248388,0.4,119
0.03848551066398727,0.05021485767081878,0.0911735231944982,0.08318677016835027,0.0998633380296643,0.15121643468406737,0.0016010162038213387,0.000515038318093194,0.0017808959201836001,0.011302191261468711,0.002111332105427133,0.012855751273765703,0.12314716403447767,0.15248514364254853,0.4,117
0.0687302991243817,0.027759019509598797,0.19396635505874618,0.08640357690205933,0.05583525933673136,0.27546611917759306,0.0003697464956029145,0.0006446092102208891,0.0006746175954123198,0.0009955700169805848,0.0011786307346344227,0.0010935880349172145,0.21158255445709145,0.2815183783071995,0.4,118
0.02805064639591807,0.03820745742598247,0.24943369319664446,0.06751592354054617,0.056077470307713664,0.27591435698445926,0.00105976823860185,0.0007432516350772773,0.001215913557212266,0.0053167674476641835,0.0013315474879620481,0.005368526630510129,0.255348443361741,0.2770887282839382,0.4,117
0.0151024143338854,0.02559544861869563,0.22095520104147973,0.030402651276877225,0.06665452462286725,0.27953544362913274,0.0013141377127820185,0.0008251723172361098,0.0015855880956665118,0.0063751118206401,0.0021217342353740953,0.005909385476203788,0.22375545344271844,0.2838207574697401,0.4,101
0.08712981558619964,0.02594534748535805,0.19252551760324269,0.17703270000496318,0.06672203168726998,0.27728059686884765,0.0014512559065537384,0.0006300410387369234,0.0016043967376612438,0.016758719442857117,0.0016339329040007122,0.015394130911275727,0.22476735865088793,0.28021375360755685,0.5,118
0.07866500392353522,0.05569788997236345,0.10021891471140501,0.1956603431504022,0.10983325374205774,0.2561572576090859,0.0005176501497065083,0.0005177334329580805,0.0011493301686813135,0.002065992496963931,0.0015508112356020856,0.002253884354184388,0.1610541929135596,0.25964420607208283,0.5,118
0.06808317578701219,0.08262472254966244,0.14571756649929266,0.18760677162329675,0.17696725441278532,0.23007535836428628,0.0018521976547420543,0.0005523574374001542,0.0019372841417515296,0.06897407818170692,0.0015645524146656875,0.06897843876486709,0.20582395988353583,0.23032876316407644,0.5,119
0.05449388105411343,0.062408608351688204,0.0905838077781431,0.18663047165698848,0.18815294869634674,0.228459567754705,0.0007625239518766311,0.0007260037081405051,0.0011846913467553366,0.0018094625690572297,0.0017772916241012293,0.0028281542908430435,0.14143409125685505,0.2574604626855124,0.5,118
0.0980660401849726,0.04175290481141246,0.13248034101248185,0.13605971543747386,0.09061061752372412,0.28141274729030125,0.00045861331980435587,0.0005221815549802378,0.0009080035651123419,0.0008017345951960575,0.0015058971288123835,0.001745193607412876,0.17940223962041796,0.28912917848828895,0.5,118
0.04386755693368811,0.04339302034610114,0.04002597194179507,0.07069358860736784,0.07799141533149961,0.10102929219646442,0.0007610568684335502,0.00045427999629888636,0.000989881112267353,0.007029165988188257,0.0008950803220663106,0.007072013395944543,0.08452806303854618,0.11761799586481067,0.5,118
0.030767918665648597,0.023829996694440553,0.12423234457818262,0.06237995953109038,0.049705653075451606,0.16182220141857673,0.002619925408205734,0.0007352402530773898,0.0026905883563128376,0.019279192934899214,0.0020627170296896313,0.019228213190683824,0.13215253384325537,0.17375545265881137,0.5,119
0.0881042494928851,0.08707386568890918,0.11113633892369137,0.2083460695039105,0.1792884890189605,0.22506426084848086,0.0007804015393646475,0.0001460660623252168,0.001199721378698916,0.0013107713219072947,0.0002641599211231638,0.0017615007461138088,0.1907601745683512,0.2354780502528535,0.5,118
0.12223530292746441,0.060937202036939565,0.13642802033424886,0.2264452205489259,0.11342905610720158,0.2761483452373872,0.0024158183242434573,0.0005067479562252634,0.002549015110460156,0.03217426154286063,0.0019176208973474829,0.03219087245892016,0.2182579174343556,0.28326221624846953,0.5,117
0.05505339840555743,0.060802295872652797,0.11096835816386705,0.14018269259935942,0.12710897702141763,0.20224420047920555,0.0006477703289998628,0.0007161918226494302,0.0011946036933805858,0.001807871150105056,0.0013827408928140938,0.003018580565938178,0.15929146486376433,0.20383108128549668,0.5,118
0.049755966145760076,0.06206348494883357,0.037115475021084775,0.10986083447380082,0.11396085866690045,0.06449516045190923,0.0023763524975528583,0.00038637080600138415,0.002526101671242815,0.01924272918990977,0.002217205913607634,0.019092468000897866,0.09731302646787347,0.1404699131865344,0.5,118
0.06980970332910406,0.07037859238797636,0.09399716563542508,0.09960525209810286,0.10876827114785534,0.15942339563992536,0.0012916867057664063,0.0005837180982683492,0.0007625062541179666,0.00330543831996577,0.0015142731547166388,0.003682442749630921,0.14488056054350404,0.1826439011437966,0.5,119
0.09224037485099396,0.10122255473055407,0.05045692552804109,0.2022927491867454,0.19018786545773986,0.10316917474600082,0.0010477391973569609,0.0007994602318244968,0.0013399182984358284,0.0031352489847584764,0.0014746316301297857,0.0030082882190596294,0.16206477470065264,0.20713182417621143,0.5,119
0.0801919258347052,0.06650635085101074,0.14960391040132393,0.14597272038250225,0.12578828737638778,0.26504250706243687,0.0005363511911780252,0.0008863611578789767,0.0004458091196030291,0.0008231377627427872,0.0009215935179452406,0.0009120310032617596,0.19977328279605913,0.2746257742631341,0.5,118
0.11056863726676615,0.062001912571376314,0.13880633663768707,0.11845837128831624,0.11002852504331853,0.15743714135226214,0.0017387285444587241,0.0003814567812500484,0.0019676955714476034,0.010893583659136175,0.0007975681405003598,0.01091536752829425,0.1892001314655003,0.2008926862437759,0.5,117
0.0756753527194456,0.13708724082744309,0.12277940562013452,0.12632008736287464,0.21369999211514312,0.244592993656768,0.0015088300543315662,0.0006515173312833162,0.0010452637410849458,0.006619973512735633,0.0018113156648840167,0.006272336943428325,0.21960110894615845,0.2611443058241465,0.5,118
0.06889281051389727,0.06609663818655975,0.13514582439011444,0.11776745986055004,0.1308464945828936,0.26838343273519877,0.0010784544022391627,0.0001648184628767729,0.0014654381631434485,0.010306026333418927,0.0008296452168470303,0.01033356961186871,0.18541367012877527,0.2686006167083673,0.5,118
0.05248828796612014,0.07020004991257961,0.08260928101323096,0.12615068959801345,0.1375001978651495,0.156756961816774,0.001970102045355526,0.000721878663452295,0.002391706288832964,0.03072040036759227,0.0018380805095141728,0.030730256149955615,0.13895323719333785,0.1654399989800273,0.5,118
0.10739636551002782,0.07703793853280173,0.0628814049399452,0.2075394204928615,0.13762972999034212,0.19363697914435873,0.00217390685606781,0.0007803639657949846,0.0023710572646434627,0.020966132067007148,0.0017188847292046727,0.02215573724250075,0.16326526382992584,0.26822957093468164,0.5,118
0.06989808844459978,0.05621108536889581,0.02410403054247712,0.08678418621451123,0.09023355291572346,0.03391189392991844,0.00072272960619228,0.0007149886193282967,0.000863891115053533,0.002152586192663064,0.0011384403542158417,0.00224457747145701,0.09794280833177833,0.11382857812732831,0.5,118
0.08119772790943514,0.06782348516192051,0.05517140891493006,0.20352307243043244,0.15204558295705298,0.08656540390707593,0.000872655938935605,0.0007318713594825837,0.0010157882721846623,0.007018874128056352,0.0014287356157067777,0.007057058297605834,0.1371383280011032,0.2249394083901192,0.5,118
0.05971358102083193,0.06958816905909626,0.1095335660054052,0.15184090004310424,0.17397565658573946,0.25823939757128495,0.000945202084745147,0.0007164351494575723,0.0010267616240525915,0.0024162223359422974,0.0015009399379493915,0.0025388303441034044,0.17242132510707667,0.26308796919586513,0.5,102
0.06690193021820055,0.05657193712065812,0.054596827887379594,0.15202436049917742,0.14874471865003328,0.08226995529225364,0.0007567054899668083,0.0006088769038546862,0.001027246475461034,0.008223674053139618,0.0015009400352478074,0.008251631342143462,0.12274394638771488,0.15981928292613726,0.5,118
0.06388252565522301,0.093100386394455,0.06496981331172275,0.10837083735362849,0.14287509593327152,0.12458700063800718,0.0014680608406976792,0.0007791463336356326,0.0013349182199423584,0.005157632323104622,0.0019570939483071204,0.005373198800180168,0.14704317462269634,0.16010771664486637,0.5,118
0.06379813979652983,0.06639526656051956,0.12226353244775513,0.1538866869739283,0.15125437354066604,0.195384635210687,0.0007884584513263761,0.0004198845364196372,0.0014662468259528676,0.0044325539079612675,0.0010912267611560833,0.004476267057576422,0.18290394301576468,0.22156170326135505,0.5,118
0.07955133530023825,0.12354940840115235,0.05170334289734728,0.1186881199563567,0.1747115948956155,0.08787519725267304,0.0017266057808014304,0.0007002809614237373,0.0019837895562822673,0.029646560759496454,0.002091877975098244,0.028098384631841222,0.1674174170748684,0.17919950912090726,0.5,117
0.0967791840087591,0.03730776102065346,0.11886183626153063,0.1878730938354498,0.07082329438043464,0.20214763106830524,0.0004203373059905271,0.0003110426702002667,0.0008649699787743862,0.0007188626169414292,0.0007719723777052101,0.0011722868060841662,0.17030556524943974,0.21758878177563373,0.5,118
0.028584318408463,0.07748947411575088,0.10161181237069919,0.07522197968331679,0.17623109659819416,0.2362500406115569,0.0011905070803254424,0.0003961009398132067,0.0014125068297171494,0.007091589191313197,0.0008393911461705428,0.007131920675662817,0.14779267632165236,0.2395441802609257,0.5,119
0.045518941389494125,0.029479656255514783,0.03206733196753123,0.059450009102727644,0.03752342807210775,0.04189663812919039,0.0008827983087824188,0.0005454766512720851,0.0008341424490710721,0.0018964972760966425,0.0007964606205263514,0.002079223250503359,0.06466657117220162,0.07508956990602167,0.5,70
0.06078710388455343,0.06304560877417616,0.06139922030797395,0.10534585964682269,0.10745181896224343,0.09995981143370192,0.0011277774283402111,0.000722274785931136,0.0007024706155441379,0.0018435905926905694,0.0008178437147069173,0.0009006275794662955,0.11427960063950279,0.144435638263977,0.5,86
0.03805769027871256,0.06601655337183711,0.07551034368470322,0.1052780740324237,0.14754755765802743,0.1667215330229138,0.0016133618767302964,0.0010745475228983727,0.001697640970513215,0.012582459494123732,0.001729694098112744,0.012604960089504846,0.12230545626193703,0.1711236246462049,0.5,118
0.06752246151396085,0.06873160540059332,0.08986952207589828,0.15169603547168112,0.12399972555342226,0.17407861454079332,0.0008459488972222439,0.0005316419274511402,0.0011377610481875372,0.00697402390903612,0.001399654589276489,0.006998573915208084,0.15115493336393448,0.19119255265301274,0.5,118
0.04266479897581118,0.04823502807784429,0.18389349266123262,0.12509862067654484,0.12302977644221488,0.2255931952727851,0.0011033825559599413,0.0008108379368504796,0.05435247870571821,0.0063560250768712745,0.0015105438802105464,6.282825973177466,0.20523385474878106,0.22810885909450862,0.5,118
0.06097521001041554,0.06210854974657647,0.12696865599607796,0.15987166346700044,0.19924489396074913,0.28870415956505413,0.0007519871579075853,0.0008844969463528611,0.0012047108716008088,0.007417176830717853,0.0018971700099112976,0.008630930641389867,0.17628624565979015,0.29196542200452685,0.5,118
0.12613870923821716,0.06853439789917976,0.1836114677023033,0.21474317063103376,0.12363898726924005,0.27902081831520426,0.0005552665997521359,0.0006200712316727007,0.0009301274459254642,0.0029830487654363136,0.0015913018888573938,0.003054867884770829,0.2566669736229424,0.28212550142207116,0.5,118
0.07359543130296171,0.0874995596415792,0.10854010023715642,0.13209458265503254,0.1345206914155323,0.12619296472461095,0.0010802959301865257,0.0006784613741392139,0.00041784504123112704,0.0014116923811497983,0.0012584297075280415,0.0007990891899021524,0.1632023154403067,0.19278864366495177,0.5,118
0.07276891926004671,0.08269954127741871,0.036179489521345885,0.14193246945619736,0.13902956749540504,0.08741032853268241,0.0014996433067211616,0.0005574456208034997,0.0013712544164045468,0.03564839471330905,0.0012343510215688247,0.03565368138685443,0.13090638792144835,0.155337729983606,0.5,118
0.09160573525473135,0.07720829135633277,0.12509215349266142,0.16639892331342165,0.14099027634421796,0.24456560825479,0.00023981799719748076,8.91798943873633e-05,0.0009839579890752591,0.0006416503206159163,0.00016977629838899055,0.001375344529134459,0.19421480855289353,0.25230224986085403,0.5,118
0.09498296359573273,0.0113592152798698,0.1044847399267822,0.17162719727682418,0.023261133914628952,0.242142135290425,0.0007351952596114123,0.0007326928057300564,0.0009257614570790588,0.0015574088902404748,0.0017132428010849798,0.003036314091681147,0.1547722315907119,0.24528273106528925,0.5,106
0.019724735371688746,0.06551069028883734,0.0878720409219931,0.04105671705879646,0.14420429599236984,0.16244001052566492,0.0017017200192420922,0.0009035396911944041,0.0014107707152462704,0.0063673230274896575,0.0017217625553254123,0.005372398234130715,0.12870033075137455,0.17224956987447396,0.5,102
0.05287551768936517,0.07547550723370229,0.01905886601471433,0.08318040976511817,0.14348228445152206,0.035336623339158706,0.0011270359355613473,0.00019613270229287675,0.0014690484110453175,0.003874671220905457,0.0009781420094558957,0.003902313670665958,0.10453028139551024,0.1452077008856219,0.5,118
0.035639059435848996,0.05105584275588956,0.08105737562723334,0.10195409155166311,0.11636321001146249,0.14897166823222768,0.0008234277368530815,0.0006235319780383774,0.0007286961404240905,0.003952122965107385,0.001610221780217691,0.004002682218878673,0.11003290781301736,0.1621539674746637,0.5,118
0.0543568100976755,0.05540128417597173,0.11088557752552494,0.11777508078302637,0.13719287917075623,0.23037771388339928,0.001801664005065332,0.0011970792326283317,0.00216072304830789,0.004480439171182571,0.001924149555002197,0.004536152994697673,0.15220104622600675,0.25096398174436113,0.5,119
0.04839769537819994,0.0335848821616999,0.1232175339830884,0.0872894066638186,0.05319370178527015,0.15478169210384563,0.002303537609421567,0.0004607915046751281,0.0024019128537209095,0.10989742891583915,0.0014441269367693188,0.10852662496367227,0.1412964292307762,0.16722056406283015,0.5,117
0.11422362014711147,0.03607053061620622,0.13066355353802994,0.2328948788657017,0.06724515105411735,0.23110653070159975,0.0004157885663011655,7.172023589399833e-05,0.0009013971363164959,0.0006350502484737675,0.00022138334045085362,0.0010142658827756446,0.19838679075609195,0.2604273934758399,0.5,117
0.08204859199259444,0.052050508064327976,0.06509017819270577,0.20506755927222547,0.08425466566232215,0.20756375830309143,0.00011114831500815597,9.752199260675508e-05,0.0009251501760329664,0.0002949415184088089,0.00015250433422520082,0.0011838639364443182,0.13611507065803471,0.2577355561105523,0.5,117
0.0305631004400857,0.09181354352616576,0.15457364911630384,0.10779425132142431,0.13614611167398954,0.22953446066537936,0.0036662445547514574,0.0001906405955636062,0.00395464415043818,0.14551568567334616,0.0011158832271991326,0.14570437280495452,0.19735132771744365,0.23520422694762846,0.5,118
0.06583790163897078,0.043506669397460916,0.09173883163807044,0.1267803711738274,0.08613251567617058,0.22084540644144207,0.00021201386239891047,0.0012338564451613934,9.65602603296051e-05,0.0003241192429785933,0.0014290723730698285,0.00024755770283751977,0.1371270866374794,0.22637826513450213,0.5,118
0.03501877563463358,0.06888609792308718,0.08132661924283403,0.06168212879539586,0.14046984399760798,0.16552598108966673,0.0014271795949544535,0.0006489786810393776,0.0013115740928376458,0.005152326658563133,0.002261308896929659,0.0048905068789623085,0.12726640278919318,0.17272677271890993,0.5,118
0.016645233792803527,0.04971810601002812,0.2205838779493938,0.030174186835946123,0.07465429150302262,0.2409959650721904,0.0008673430818242166,0.0003969404084064341,0.0011508323352449141,0.004626747270143117,0.0011280522465001441,0.004672901064486812,0.22810776457246218,0.24139551210875837,0.5,118
0.008670690160739578,0.1152886392048026,0.09512393459643953,0.02258172830703505,0.17329994682541355,0.17099117022847637,0.0021368810284275834,0.0006169852311323937,0.0019956571426704927,0.005007296453205079,0.0011331999547294913,0.004888095381452129,0.16036284537721016,0.1790031289915236,0.5,118
0.09768219274138924,0.07281552738545141,0.08005270476047432,0.15892242447037308,0.15746145780890683,0.1653840445965661,0.0011367342592211009,0.0005327864733879815,0.001029932449372564,0.00611898797283672,0.0010454395354633217,0.006329693866491848,0.1676764965307675,0.18128368774678327,0.5,118
0.0700504727368198,0.07054735628515714,0.09141634390025728,0.13207298470301915,0.1410241697552651,0.20221268847009943,0.0007624228123408821,0.0006007657147571254,0.0010415882630059985,0.0013568043661336127,0.0014792462021385733,0.0016866543213673868,0.15164833090845542,0.2134898089374463,0.5,118
0.06384292429303311,0.10900596405801952,0.18514160337593927,0.14383706547734332,0.20091230011333971,0.29736930187246163,0.0007618422724745929,0.0005566531028344348,0.0010812840902329783,0.00520270031429837,0.001150584276689015,0.0052632521462814275,0.25325350013155695,0.2991751999812832,0.5,119
0.12136703556407952,0.044567854281615284,0.14669637312918182,0.20565655005452688,0.08386401824568274,0.27202495815532307,0.0006544608110788795,0.0009726827651090435,0.0006260757778917917,0.0011372420207171885,0.0016112346693363255,0.0015770517701079179,0.21981781446819218,0.2917409173166265,0.5,118
0.05921818494409168,0.06515198731387536,0.08576766221929367,0.14275732608761774,0.11507830308022848,0.15524212220567962,0.001229999461238943,0.0002879665829211103,0.0012443917142258053,0.011943059033832526,0.0005097700804357341,0.010991558881460861,0.13505650150917492,0.1684072712996946,0.5,118
0.07303706571519687,0.06684739404278328,0.12447543932919043,0.13234773185189044,0.12880246385674238,0.2667306782303454,0.001079835678012351,0.0011180828933899816,0.001028105146255301,0.0046890857217678494,0.0016931191547343571,0.0035720023775054344,0.1736842550415021,0.26839334601114523,0.5,118
0.03994835903715829,0.050002594345236864,0.11661774803829046,0.07990564383427598,0.06999358976795383,0.17075909491514568,0.000888303096852858,0.0005126078984331373,0.0005790027196366684,0.0019051518437658288,0.0011315188445237857,0.0012082354080975577,0.1388648197594507,0.1857301680177079,0.5,118
0.1035380060597044,0.06409623747653471,0.11276753963671758,0.2186846303033959,0.12656088867639848,0.17314503384622812,0.0011496916884536665,0.0005321618297374596,0.0010859898553179281,0.009511932389218769,0.0013221964246731277,0.009544166333788073,0.18703564135654602,0.22416867358191192,0.5,108
0.0962700025408769,0.10759791662194838,0.10013649648875961,0.1569240275578282,0.21172250711162682,0.1715756189188597,0.0008580806025404621,0.0003757807924739367,0.0008206753102534544,0.0015554443012895103,0.0012509891294687492,0.0017893238380835008,0.1974173148432828,0.2503278277163931,0.5,77
0.10998781500175824,0.11336393421007639,0.0950719062712801,0.15544173268755956,0.1250274537297718,0.15891124593009456,0.0009587182563502875,0.0008443855216834217,0.0009297357787949375,0.005760119638385408,0.0019167280597192082,0.005807967455616625,0.18819938296270522,0.25251098253343807,0.5,118
0.027467156970629063,0.1376547229484809,0.1290289408237258,0.07645194903892084,0.23848949311670903,0.22398435471839429,0.0011262194464399654,0.0007412539946190028,0.0009387585417544106,0.0013873125690957444,0.0010165421763280447,0.0014784737487927302,0.21076982510039585,0.24958222225449608,0.5,118
0.10564725422436969,0.060050418282219055,0.173697301276983,0.20732921019234124,0.15532498409619466,0.28181357828838505,0.0009454395032296145,0.0009439621020175171,0.001081016220229825,0.0019974991875919557,0.001897503966875158,0.0017940239369160175,0.23858032976097657,0.29695499236672196,0.5,119
0.06661445427170765,0.07096399732083879,0.09587233331582357,0.1587353760540979,0.1290779128329404,0.1504711065540829,0.0011101386593774158,0.00033543492115079145,0.0012143779442227603,0.00962475597800494,0.0009278257052962972,0.009674810341145479,0.1521688913925274,0.1767091810316969,0.5,118
0.11641046447796184,0.056080410678277584,0.053698368035075356,0.1787845812690069,0.12261983425250086,0.09156784426308007,0.00037350639255595564,0.0011215940617900634,0.0004365406833902948,0.0011121376669653849,0.00156454062626471,0.0008206511690449503,0.15157837271285354,0.20954685882670382,0.5,118
0.01673570746743379,0.09678301784776339,0.0723947053481207,0.028902706586855575,0.11412184223946431,0.16653395281977976,0.0017968785285055848,0.0005441139374231406,0.0018479114081863168,0.027660369048637667,0.0009963740239313235,0.02766525547545884,0.12913711329951763,0.18894313549781552,0.5,118
0.08208984370095898,0.07118894837344437,0.15697341969193654,0.15707250741607567,0.1902246868334206,0.2556692530078526,0.00048791408577098194,0.0004435268555779874,0.0008578614168338643,0.0017484227389830131,0.000996734358407081,0.002009780158175545,0.2112387264604324,0.2881072671571013,0.5,118
0.11036698670304718,0.10956727004456782,0.09643271223722008,0.23188679170664483,0.2244872147292149,0.17044342539690666,0.0032489315214348715,0.0002783152458156507,0.003485455162570207,0.033472550984463556,0.0018598350751779513,0.03488572550330615,0.2090264317849229,0.2451162857717436,0.5,119
0.025006316462267898,0.026374968672321378,0.12527152490484772,0.038492992740706895,0.06647030855326932,0.1682529079883664,0.0017764849027717734,0.0007027964742136061,0.0021450446246943093,0.011724579067387886,0.0019368525209055854,0.012819672786537506,0.13201468499480085,0.17740366076556138,0.5,118
0.03777687081750333,0.016651929436732594,0.08896595704598924,0.06753730609007243,0.032037639257172026,0.14532775667791134,0.003045399105830411,0.0007353771245873548,0.0029810796216789485,0.03001055400411312,0.0020781560322944426,0.02912823364464645,0.10729072012685979,0.14615139270628025,0.5,119
0.11691751899832072,0.05371829662081398,0.14887637056511394,0.22185727685815954,0.13426023774404142,0.2702194620995502,0.0005889409556059688,0.0004989052634415295,0.0012483714279264725,0.0011868925155611443,0.001156349721989497,0.002387811052285027,0.22378082452073314,0.2971725767337494,0.5,118
0.12482260825432233,0.08995728509988808,0.10241212241893985,0.20008629077035928,0.1712615374666708,0.27160256889741036,0.00021715587391118446,0.000891677331729189,0.001027349729919343,0.0006881734724866195,0.0016944357139139221,0.002442942523489755,0.20723552968332362,0.3013218940934225,0.5,118
0.06357163056612108,0.12367424002592492,0.1484351486466367,0.10689487570575598,0.21584299435333998,0.2959562875536672,0.0011788073376627342,0.00044996873588498215,0.0011034265764145715,0.0033099405994079234,0.0007612333907731639,0.003168440885236379,0.22756517057774836,0.3038131596863302,0.5,118
0.0786325852767476,0.07638090717753611,0.19220919401332667,0.15482361719721546,0.18337785762227893,0.2804176750558231,0.0009258647755552849,0.0006844607283821921,0.00119562203692988,0.0038127164323391582,0.0019211379924386485,0.003812043880261906,0.2418332463661955,0.2910203408497483,0.5,118
0.08176422828740502,0.08149848517774037,0.16522687320011972,0.23872428019828223,0.16728213349605273,0.25730482068742855,0.001278515681678616,0.0006714149307335812,0.0018018411769127876,0.004802764670067017,0.001456089418710449,0.004859853205305686,0.230459153799071,0.27276222879060774,0.5,118
0.1964921179858955,0.051190328003053835,0.038437626487467735,0.23142006469799897,0.08083422921888027,0.10046576075974027,0.0005415379527281604,0.0012852430001156867,0.0004492905260230746,0.0010425220738190522,0.0015907778074812917,0.0006697497620353765,0.2114564501162982,0.23406853633844518,0.5,62
0.08251258435376795,0.08950376979866641,0.12622613714454164,0.1697348160024246,0.21514889622350886,0.30467793556388606,0.0009889772610106894,0.000845452548502018,0.0008713378436739782,0.005219956834051853,0.0016329106034168595,0.005300019620287477,0.19773518714494095,0.3116072528888193,0.5,118
0.07645063350012672,0.09021339157648786,0.14783671163290424,0.18392411269049383,0.2038672362370164,0.2976731404940901,0.0018467991520316723,0.0010478267331829817,0.0022722532329390146,0.029772472138333894,0.0016323177675127698,0.029772563565300114,0.21651715323129317,0.2980631204295956,0.5,118
0.08422224939646397,0.09821581244461283,0.174550985176417,0.19529797063476692,0.17627496883235877,0.3145473773172352,0.0006422591555682419,0.0006553488830222376,0.0008681286095627845,0.004115112339189153,0.001514446330162289,0.004167105247305347,0.24042396164502805,0.31713621741804554,0.5,118
0.0676372035598679,0.08948572152817624,0.09543842939650017,0.18297532631370284,0.17016878340485034,0.21271974208504407,0.0013081858385997549,0.0006092656552380961,0.0011640999830207527,0.0038359391587161618,0.001435956614707079,0.003911900440217497,0.16988817498591852,0.24462005008912793,0.5,118
0.052880592943250926,0.03981369695007566,0.10861106800657376,0.10951621763001032,0.07490043422985693,0.16913135817636304,0.0009644785485373933,0.0006393518129010596,0.0012963640440929677,0.011892034815883967,0.0016924420743064106,0.011914606443423681,0.14184317634984356,0.17948861419201004,0.5,119
0.12905297464346205,0.0956561185439898,0.03794035855306881,0.20783734247526342,0.18566891545613123,0.06194720143174905,0.0011409785837209455,0.0008398835618098247,0.001117819106701947,0.006248792097391043,0.0018787533844608628,0.006331551275467362,0.18238641428892288,0.21253708502461788,0.5,118
0.0564768675487069,0.053849556047479936,0.11606326673937603,0.08924301439339499,0.10393759494990032,0.20775132138299462,0.0012219247550957696,0.0010480215995041795,0.0016954008779307482,0.011529763845141705,0.001746106013953197,0.011555771936245796,0.1471560601961183,0.2280244377217566,0.5,119
0.0706529362021998,0.08540404465998616,0.12470652111694369,0.13219068047806656,0.16613871502034686,0.27563676621754496,0.0005172553899736752,0.00040736670134594247,0.0007438795676939865,0.0010042287842366715,0.0009094917675446235,0.0019137701032474475,0.18625979147741323,0.28397348165818664,0.5,102
0.055938199166515316,0.0399931347052071,0.0641166509074746,0.10465936661577263,0.0681657805020283,0.14525748377256786,0.0008538147384124723,0.0004595275341290692,0.0006758462407472887,0.004473982477180893,0.000874103323691422,0.004535368232816195,0.10445824113855869,0.15598815697921425,0.5,118
0.008145104985889978,0.05445869204346806,0.10321307920562382,0.0170547611322239,0.07663152345809854,0.15984580544281807,0.0005441559226396276,0.00029357954659464295,0.0011752307667484705,0.0021400049754731754,0.0009960312507886065,0.0036815921395838558,0.1238668089112935,0.167501824339097,0.5,118
0.05528696300833086,0.02894558891501804,0.0794344748598897,0.10101133309354038,0.05578163483494794,0.22954629714812957,0.0009497531535000242,0.00014508685710804047,0.0013329957007718748,0.00438398570905707,0.0007939398018732557,0.00442161318372758,0.10869890422325017,0.2366552642651557,0.5,118
0.0986802896826685,0.05753922528026451,0.13053237798915285,0.16773945285765957,0.17169973644029496,0.20414228406707902,0.0009745740358576041,0.0007048684890901969,0.0010796927962230087,0.0036162769250931426,0.0016734894828647207,0.003712709466059394,0.19796281228673673,0.22414007915683573,0.5,119
0.06544780794126102,0.08485498872726398,0.08522776614232479,0.17291316612157953,0.11370368747031795,0.12748684480545475,0.0008885686612688703,0.0003616304173014705,0.0009344930487463144,0.0013998532732140134,0.0010883281395196454,0.002312277068257318,0.15281813549683698,0.17566382701752867,0.5,118
0.12457108441605529,0.030528253120304983,0.021683457132361934,0.17430083216598366,0.04386163843327502,0.037167819367226726,0.0007522164068991015,0.0007369042336504152,0.0012801309341073316,0.0013900883409125875,0.0012910638690025178,0.0024193228139137712,0.13203979673277835,0.17811553394680396,0.5,117
0.06041581816444936,0.06197118946640319,0.05955613767911389,0.13006904016115514,0.1454616108336686,0.10892083306797742,0.0019557957332012104,0.00046717329206290807,0.0023378517316859867,0.02146505865153081,0.002330196639919624,0.02128343383353215,0.11954065999624222,0.155577099229215,0.5,119
0.049245100941595496,0.041160342056948185,0.08746419791987177,0.1531461778551305,0.1117039540680845,0.09740915171371556,0.002888315666065618,0.00036698480260150495,0.0029524968442129714,0.02640337402475801,0.00233975803669062,0.026186684645023828,0.11846029706926803,0.17442616074688091,0.5,118
0.12274422039587228,0.08629561460675383,0.15330640633557047,0.23716652808728977,0.17019161322886153,0.3132177178208106,0.0011148609350708136,0.0010419376228856007,0.0012946428088697248,0.006195823146120771,0.0020876599617274394,0.005766741201254089,0.24740214461648968,0.3140706035784444,0.5,118
0.03606148027177421,0.12078305789015384,0.062163568531842676,0.059149089593872814,0.14335403756441015,0.15114614055082815,0.0012478514511520423,0.0007218634906359178,0.0011259047350851963,0.003782971761480347,0.0013198924672999102,0.003950872195918054,0.1502747518828804,0.16871141278291438,0.5,118
0.08171791867650674,0.12143017475741823,0.1391136097420315,0.17908971369396018,0.2145249939267893,0.305172804503942,0.0009695717188604907,0.000641487498115522,0.0009432150226781838,0.006796807501334268,0.0018092299747423102,0.007489088755250117,0.2310558048068137,0.3061506990352823,0.5,119
0.11388832505483472,0.05879711854787544,0.05452046510433236,0.15362408110673464,0.1788151546637389,0.09009528331771614,0.0014079512554515871,0.0003072422329665532,0.001574504413962742,0.0038863856228861238,0.0008050441550861986,0.003966511278994167,0.15064836268631102,0.2153944817163915,0.5,81
0.07710440286573476,0.027609802568689657,0.06967081676179529,0.13787873587779118,0.07233201119627228,0.13836561405675635,0.0010463251205391293,0.0008372076419255147,0.0009292448610314553,0.004401238103713512,0.0017880400595147172,0.004472682429905728,0.1190041493599877,0.16199776830453275,0.5,109
0.03634567706641807,0.063576464324558,0.06506059870220321,0.12326453522588154,0.15870647721802544,0.1289429398747886,0.0005892535633501632,0.0007264635346564205,0.0006375853554300902,0.0014868277051314216,0.0017989098433188744,0.001142311025549958,0.11815296441651742,0.17719385999700138,0.5,118
0.10066902066325936,0.058191716539008564,0.16339358950135555,0.24032716498483464,0.12665491981792076,0.2740073518080634,0.0007462781452294327,0.000545045776970827,0.0007857246992760802,0.0014054887316675702,0.001395050885221405,0.0017773588519887085,0.23336887101542464,0.2954077734578842,0.5,105
0.06136378073212654,0.05781988082517657,0.16694498909629515,0.10174622197755914,0.08989509987970253,0.25071244055112185,0.00111005457598059,0.0006898268613295464,0.0007846321236898287,0.002913099007844866,0.0014131978060388795,0.001411007374670259,0.1923040605937931,0.2514722647223886,0.5,117
0.06082246330524836,0.06446432650993444,0.05427409705553376,0.10855665018481375,0.10048397863793641,0.1044629466841897,0.0010259490902530554,0.0008564730297420965,0.0012075610581790566,0.003203584945658644,0.0020023461318829927,0.002689240046595709,0.11493645145919065,0.1480025434257803,0.5,119
0.03338896694810784,0.036146607759689246,0.06205881841418586,0.05990460936339971,0.06035298838381052,0.07030412577461079,0.0008930768552357668,0.0006112662126305237,0.0010316658514649313,0.002036926554886076,0.0012709238640975784,0.0021269789776523496,0.0831673642914068,0.08921387880033974,0.5,118
0.07021346674350241,0.06621051511808426,0.06569014016976789,0.13462423291882994,0.14848651020411657,0.11619461203025372,0.0018231599339260005,0.0006917601026844003,0.0018029769051083038,0.007303187925275179,0.0016514322132509252,0.007324539857921364,0.13191101588760124,0.17930725380748555,0.5,119
0.061057823865111625,0.061715463800013595,0.07757730249937199,0.1283483203473606,0.09272228894046221,0.20135882805689334,0.002037094730159521,0.0007798545500205024,0.0018669889604803135,0.007789178034293798,0.0018543625042273248,0.0062769458476452655,0.12659627431140758,0.22831609276960285,0.5,117
0.09375711107665914,0.083838437417959,0.12391251501675658,0.17320968559084107,0.16576713770508134,0.23134688164117617,0.00036731669635140467,0.00030805298341289377,0.0006914685211540437,0.0017024960695030122,0.0008489468691123547,0.0009908070019831738,0.19705085849535436,0.24307602074760346,0.5,118
0.038663803773105174,0.07853995634213218,0.09525623003595692,0.12115960033114176,0.13684537001210226,0.21075215735563985,0.0014387307216688042,0.0005995860448311778,0.0017876854105516166,0.004246362842590168,0.0013285267705583914,0.004273748652182885,0.14823530633588267,0.21123959401773876,0.5,118
0.0388504544925869,0.039877771862036594,0.08612185457885405,0.08164744193048513,0.06730789086347717,0.13272422653347135,0.0012203533561444707,0.0007174219557565158,0.0008489617666749161,0.0019143960195382448,0.0020157042831456806,0.0017879163537893872,0.10836173335618171,0.15052106206689925,0.5,118
0.07878405249378483,0.10568779531729114,0.07429480193201937,0.14446894558392193,0.17328249760625192,0.13489662886257625,0.0012484329294407011,0.0005006493147908643,0.0013264788081655658,0.003906246951674297,0.0007589061736759106,0.0032083712599488834,0.1657968501333611,0.20557798631647306,0.5,119
0.03012497421684915,0.02043369356486295,0.24165355851569323,0.0661656039026195,0.04793885006953173,0.2952360898491277,0.0008112412072390712,0.0007098056423211951,0.0010314688210814557,0.009964316593693012,0.0015275175591683565,0.00998975339653907,0.24553873994618114,0.29552776762857913,0.5,117
0.04719903884966372,0.03594800163489076,0.28318744606745355,0.09139072728005447,0.06931087818538031,0.3065668838081309,0.0015747214877551321,0.0008473668740462988,0.0017295394551470353,0.004477125193200759,0.0015975630671505314,0.004541478484301198,0.29213184337680254,0.3083479872683409,0.5,85
0.13186994889706585,0.06853949099783083,0.11811302282503085,0.2521339172877341,0.16449414336887577,0.2374244234845736,0.0008635118117086065,0.0005465870833619979,0.0011255221872562312,0.0019645297888075675,0.0015299516005774505,0.0018388920208196602,0.21820921555521905,0.2788023405844056,0.5,118
0.05090674668343,0.06782397124777,0.07090301444196244,0.135699003575746,0.12789885587870392,0.2163401795851435,0.005070180012105063,0.0006998241816579788,0.005549904799683553,0.14881001483136647,0.0013704033201008547,0.14844019421068344,0.12457997910825916,0.2265021224625639,0.5,118
0.06195407835030588,0.07752387882572544,0.19071399615081797,0.12434203363924451,0.22446316764256452,0.22751888443431995,0.0011224345065039903,0.0005431191293400042,0.000630238192141102,0.002222244974216192,0.0008659944422537147,0.0011951573840163765,0.2289906329151343,0.287011034002592,0.5,118
0.1260613093330525,0.12119765229597224,0.10842656022177748,0.19558858734025736,0.21770054957179258,0.16061800507748553,0.0009831105080354455,0.000251214233352497,0.0012403012423025585,0.0025896314970667855,0.0007945210426081317,0.0028480680830207383,0.2245980888192299,0.25586018996012466,0.5,117
0.09315738996146651,0.12345377722256483,0.09383923750727696,0.1653733658979397,0.20640744153533042,0.10276896488359369,0.0007711421059459633,0.0004789801637066848,0.0004063924196575321,0.0011014506693127757,0.0007080420565567791,0.001040459663386839,0.1938867987757584,0.2534855456473009,0.5,100
0.04747595915199323,0.06811485598753207,0.08690573238386508,0.08748070871516941,0.10888366135985106,0.1446855253789755,0.0012719359037101864,0.00023420616200164467,0.0014072367562777371,0.005263442328587997,0.0007973305711899137,0.005322855751433764,0.13391553208937987,0.16204418475793655,0.5,86
0.015186661687947902,0.061482145202454964,0.05086747433197382,0.040550215017827296,0.08886544250025613,0.08675424488448936,0.0018594342886845247,0.0005714540061303407,0.0014292459309705973,0.00596986147011247,0.0012326743349764246,0.006015293696781665,0.08741955504700177,0.10438170305652586,0.5,98
0.052358386910040605,0.056555059958171866,0.07931461697617365,0.09468620202724211,0.09098528913070807,0.14807125042757616,0.0012476112028379208,0.0005984007208085178,0.0014277755619693272,0.008177289973561264,0.0013896187219480105,0.008204129130968463,0.12130736233186355,0.16020031137930202,0.5,118
0.0299711313394251,0.038069861866998046,0.07622641925159171,0.07819166502261904,0.09974548204571639,0.17557953242811644,0.000978969697362058,0.0005877486161744729,0.0013181825408518733,0.0024687559912357493,0.0009702696815933054,0.002581002103608565,0.11017160424867457,0.1775465156070502,0.5,105
0.0511960127951937,0.1324308526550912,0.13388194947500473,0.08249431041619394,0.25387222414038835,0.30912122627060523,0.0017466445541208782,0.0003832826682005849,0.0017993591093808513,0.010106935663569905,0.0006962298513925602,0.01015109107215384,0.21620581442337686,0.3160537151653021,0.5,118
0.10505471375616166,0.055060442764597164,0.13342925331250177,0.20654669643233192,0.11385378005982967,0.2723501891200704,0.0005920133958476707,0.00031404696554882813,0.0006743671195258427,0.001353879270886038,0.000945049317222002,0.0013934693412551713,0.19972140602792196,0.2756798408848588,0.5,118
0.06572520657246472,0.04991160400965812,0.24461417045493875,0.1187799636882137,0.09487552185067535,0.29822395818073205,0.0013931852670879198,0.0004114757528727522,0.0014952486323890736,0.0030534589765673914,0.001858215045718925,0.003032408050951396,0.26156322703932644,0.315502880334081,0.5,118
0.0844095555862329,0.07645607486175075,0.16018881692775067,0.23589861088156633,0.2040757902871495,0.21068105527564848,0.0020673051683293203,0.00039829141334850245,0.05559545651828888,0.014126207118716483,0.002205155803943093,6.282188373339995,0.2255820803613247,0.26116064695472685,0.5,118
0.08039244918074127,0.10094073384535165,0.06322018468648716,0.15293391454339728,0.1517480410397531,0.24675014582138177,0.0011999521192240295,0.00042200646697830216,0.0007271545251720731,0.004734794738450621,0.0006637019606798855,0.004801244768914081,0.15178660230326174,0.30430243178291133,0.5,118
0.11286900883558344,0.12188078650118445,0.1735243597312977,0.22442060635141137,0.2026224833452696,0.3022566376481551,0.0008673407429406135,0.0003386260703208731,0.0012307384954578131,0.002705720973271264,0.0007191906506957002,0.002815335432114985,0.26953025911053285,0.31831860861355926,0.5,119
0.1356559530794883,0.03316395337357956,0.07339777197641972,0.21161441656955798,0.07042560465264422,0.16347047967382813,0.00033264446852998943,0.000208523254171,0.0010765707536598366,0.0012561793837035928,0.000359199076197414,0.0022863334358422804,0.1640016237554795,0.24783835936120427,0.5,117
0.07779661114794757,0.07684058477133478,0.14615304083910508,0.20774115299248336,0.14146225098021017,0.23942471021422707,0.0011269148306233183,0.0004411539942265137,0.0014546965148516538,0.012267822308221987,0.0011889103502260578,0.01228636525332294,0.20356969425385885,0.2734963411666916,0.5,118
0.16314284713585323,0.10689873230288256,0.14906890628470643,0.18206993407137823,0.1820389990931404,0.2230909313830779,0.0008112360887104844,0.000758835796032761,0.0009806664353661282,0.0026401413897134685,0.0016794324438982322,0.0026877708984764936,0.2583389183342172,0.278534913061662,0.5,118
0.012412562644855343,0.109594593432025,0.09739312356817872,0.039890379324042005,0.19443023004187937,0.23267003937687702,0.001767581071580126,0.00048137801969693584,0.0015208140937777975,0.0075001760184085775,0.001355150893417978,0.0075377275878771854,0.15995547442213387,0.24900582368816862,0.5,119
0.03269806759123372,0.03807363718110677,0.2282412145522418,0.06070651430702319,0.06550929864801308,0.23399912020534458,0.0006611986243079972,0.00047492466474916944,0.0007988224387572497,0.000906525937410585,0.0008964988219518633,0.0011635090940336212,0.2350494997857356,0.24025230550778312,0.5,88
0.04521820665784009,0.04673381823868267,0.26843955580609574,0.06964867878249474,0.09307560042971696,0.32347273078217115,0.0007588322809884062,0.0003630300070812447,0.0009764329697681827,0.0015403902139730086,0.0008144117170829825,0.0014032414533426962,0.2776126740091427,0.3319391248788071,0.5,118
0.08705773793839336,0.10954148884126985,0.11880756707940035,0.14052470348377485,0.18079817570968007,0.20776238136545588,0.0011974559597166402,0.00036819611543170645,0.0013920085407067536,0.02127717476810398,0.0006537843820323859,0.020550592518012945,0.1958068471559305,0.23985774425172315,0.5,118
0.08814317228637293,0.05254935849105227,0.06398598626092421,0.19244655096078125,0.1484687724344229,0.12580136688156357,0.0008446110694165307,0.00048772469630912693,0.0008357275484171025,0.0029900338453177078,0.001006774218216544,0.003057696581273639,0.13708905116990128,0.22875812951192262,0.5,108
0.084059112898586,0.07380645458424015,0.11557577343048253,0.14279686190699867,0.14199224118709386,0.2515201936985869,0.0010524173982213014,0.0005483155508384181,0.000973284001098396,0.0017859535399478155,0.0014571127361254765,0.002123832625190669,0.17830545342733384,0.25508728538381853,0.5,117
0.11030799960328756,0.08621166146347493,0.1440892044125511,0.2602904200690474,0.20275161347375623,0.3059053601600239,0.0010378117937564094,0.0002060489103784677,0.0012698085126500772,0.0033578194665588867,0.0007619769886351158,0.003037545683469922,0.23304130807296794,0.31650870820806565,0.5,118
0.10583052411755697,0.11034870890814721,0.09303995146862044,0.23291939348292423,0.20620058271733446,0.1907906634756507,0.0005461362393934602,0.00029751947319574,0.0009261644132749445,0.0020685792225916266,0.0008234505401663039,0.0022061681515794795,0.2029756567605209,0.2724648363197188,0.5,118
0.1145476056930757,0.12624769288521956,0.07244447551208923,0.1911034075371707,0.2137171623789561,0.16455889768910742,0.00047056707610205735,0.00024051558607401488,0.0008330371656965107,0.0012025676604241475,0.0008086239368787496,0.0012531025906894477,0.20814165140774632,0.22802731007165777,0.5,119
0.05786627292901703,0.09941398376786184,0.058346985716396835,0.11057428095876294,0.1392308927367369,0.08716535109256815,0.0009594685760193368,0.00039941320213541636,0.0010116002255485463,0.0019074843612783,0.0008955479396139943,0.0020374344684961354,0.13410064783293169,0.17158358546436225,0.5,118
0.1050233696305456,0.061085745393632276,0.13563050333820945,0.20181460600141532,0.16282539269233695,0.2641722408362256,0.0011961872274586025,0.0005128356031343327,0.0009202470590020788,0.0033988200037332605,0.001505618383731755,0.002138202030094627,0.20594462042385378,0.2678853363704425,0.5,118
0.05560393919680351,0.0945887531838437,0.09709088368994036,0.12601689710131733,0.17257755736200514,0.2228940740182908,0.0019010206547020636,0.0003349573148220704,0.055663761425396134,0.015801421503994106,0.0014102338386621782,6.277955875965846,0.1687888813997682,0.23020224133589498,0.5,117
0.06716916729839888,0.07037514142067243,0.1014625570591185,0.16706897024586304,0.10540554849164566,0.21256040548849878,0.0010792303848871545,0.0006467461434178146,0.0013635160785239178,0.007560606776583878,0.0009915546658061172,0.007601993271981078,0.15790044293381966,0.22215212993843456,0.5,119
0.07977785361214956,0.09236816934909656,0.15449571342922022,0.1803013444437234,0.22280583097177803,0.31516857746377674,0.0003754066548435174,0.0006297042331159015,0.0008001005369830286,0.0012022933491451226,0.0012090003323786958,0.0013818937229311823,0.22578338649682123,0.31750288489272105,0.5,118
0.038312051779741216,0.050248880534091434,0.19182876141046382,0.09486120792987364,0.08901937255272244,0.23208049659473884,0.002739456185619323,0.00013730701197759438,0.003047798541154056,0.06558537417505828,0.0002978067049265176,0.06563930694249076,0.20488131941368518,0.2492198411587293,0.5,118
0.06427661387570535,0.07308523754622306,0.055433729645881426,0.14916658169258146,0.13224078486307111,0.12793267166289105,0.0012043320836677988,0.0008579447240987131,0.0014770136490655204,0.005996322415605437,0.001441909712741607,0.006045057419584943,0.12692194048127203,0.1695741761804647,0.5,118
0.07075641101224765,0.05875867122972649,0.03130166862565297,0.16376072285929724,0.22072165603604796,0.06254135845729362,0.0007477422108174345,0.0005262780319847042,0.0009901111064542938,0.002494018432982692,0.0010646473854020178,0.0025675047463463753,0.11701667965516388,0.22313528905637867,0.5,118
0.0660708883728915,0.1387466690067907,0.18222571730477943,0.14360687141668163,0.24712291482243498,0.29413696301172376,0.0006183281883445626,0.00043297874683763366,0.0009693775302410533,0.0016901640236681725,0.0015588394205443556,0.002016143905009704,0.2678579265851229,0.313078611695495,0.5,99
0.10571762843102211,0.12653213716190392,0.12216215735327157,0.21143182192990123,0.22836251273499036,0.2096672907678181,0.0010938395599960078,0.0007341207121129483,0.0012997746073864173,0.004876849432810859,0.0011800739310167119,0.004912536655903299,0.233324311975581,0.24148202143042977,0.5,118
0.021859672410069392,0.08785690696583673,0.1170455903527462,0.06376908114328722,0.2043202081221658,0.21342426339974385,0.0009850729605270223,0.0005593444965577596,0.0010145699667121672,0.0020615091803680152,0.001277206794734087,0.0022497594790791275,0.16244038186419316,0.24105765286200626,0.5,118
0.09510596983963283,0.060386437598025575,0.09697167076659687,0.18438432152411982,0.12638382990757066,0.18353530328456838,0.0006583960763659494,0.0008589601509099077,0.0011088532169147396,0.0026279100172597325,0.0019573757541748726,0.003705704374328711,0.16907845473052888,0.20311240869396657,0.5,118
0.08956421911564137,0.06419260821548095,0.1345753622294469,0.17963161440220848,0.12402076171669532,0.231208168573592,0.0007997028680982118,0.0006731092863571319,0.0005958010099046123,0.0015823781876065368,0.0013689437094391715,0.001074328541633307,0.19584489359847715,0.23868217743031733,0.5,118
0.03457755688217727,0.10584247986926916,0.11348319084307497,0.0720636533227189,0.20867179709884456,0.2035035789124006,0.0006654710829541141,0.00022290152209572235,0.001052873483134618,0.0019159895480994615,0.00075887126214913,0.002241857380452128,0.17001383840804682,0.2325177659422331,0.5,112
0.06735689611194046,0.05502427414190564,0.10439518456112608,0.1668088669680438,0.14113037853373134,0.16819001014066093,0.0010824444515106326,0.0005732265174867845,0.0014634714642167358,0.004845572412773613,0.001433932610709926,0.004703298867759997,0.15233917281917395,0.18515470040070175,0.5,108
0.02305688162241509,0.062490564404396605,0.12613042277484438,0.042000588898402115,0.118383036724939,0.22252381904087715,0.00035705557442054726,0.00046237138367906025,0.0013279447756784008,0.0010005013417135888,0.001314795557468322,0.0022409467694435303,0.14625527646322845,0.24828083534833922,0.5,118
0.09431367661473376,0.09564100447596208,0.10380747607077766,0.18295690245532384,0.1815726719634721,0.19892167430918525,0.0007134938115122412,0.0004027463646492512,0.0006758881789664937,0.0011070780975536154,0.0009867874647613902,0.00119649203851252,0.1939693927443553,0.22331294781453442,0.5,108
0.11035554425101107,0.10637498537531886,0.15836377939154533,0.1860991248438588,0.18210639028879275,0.339491348423643,0.0010208932475541139,0.00010881578928143072,0.0012241445285206393,0.0016398786350703132,0.00019512533749260763,0.0019987366146787533,0.2431584201640048,0.3415840370505709,0.5,118
0.11616200429275476,0.09050610517186654,0.1514130968562944,0.20612509363167436,0.1477244267795078,0.31719031801916014,0.0006903177680894701,0.00010465467050959849,0.001110117152179587,0.0017273660290681309,0.0004917725770277187,0.0020643514871292457,0.23455994712842534,0.32534046517171045,0.5,118
0.07613146406218725,0.08426523797967968,0.07596575592117431,0.16031768731207838,0.15796913728387224,0.16519771429183872,0.0012651608020218168,0.0007836092614433795,0.0012844951640281685,0.004521306886479559,0.0016874631022613107,0.003658966315218226,0.16442024790092755,0.16921734035025937,0.5,118
0.07067929191374568,0.06508767560149363,0.05922308274063289,0.17367093468271935,0.11857737527971457,0.12629522510141963,0.0014358019313457182,0.0006064753918913148,0.0019247293718844779,0.004224401246469833,0.001603786670817564,0.004290249436468496,0.13535609077543964,0.1807060590673171,0.5,118
0.06382635173379002,0.13955660333548955,0.12967746975881786,0.1178030501629037,0.26776421364223624,0.29649359968405853,0.0009793566174395559,0.0007192435658271736,0.0007505374476486146,0.00763042453354279,0.0013907002793205891,0.0078055038048309155,0.22099233243657812,0.3135499511979825,0.5,119
0.1228873196694256,0.04744755136905251,0.1466172242032681,0.21952962295826176,0.12191848434373673,0.338389723711562,0.0010474478126322063,0.0009210663391821913,0.0012723040307427707,0.01363900937186946,0.0015989512599666744,0.013649958363796566,0.21746754035623803,0.3409947865013262,0.5,116
0.10527212215730201,0.09934517808725818,0.17518696062203995,0.23503163521231485,0.25408993014966197,0.2889468889810297,0.0009801462719472608,0.0007744490975479396,0.0009270814029767082,0.003999364422515139,0.0014198056595189357,0.004059320352485241,0.26403012094248424,0.3058257768378375,0.5,102
0.07726735652345104,0.17290054498628893,0.04715641427723426,0.16803402989969518,0.20650765584877936,0.10488434018449933,0.0009987135498405548,0.0007216210934707019,0.0011005799246720878,0.005224595858415171,0.0015258036261205365,0.00529122909253088,0.20237742267956388,0.22938102354115938,0.5,118
0.10853796643851515,0.07888416709635801,0.14862402397070595,0.17461763486778867,0.20566347766099166,0.288928906794506,0.0008193814745743519,0.0012716621419590398,0.0007466012640230579,0.0030728111102429345,0.00168652611815856,0.002943513589317437,0.23185837537227103,0.2952431387034338,0.5,118
0.05234349613438081,0.04166315297585962,0.25167605642004137,0.11644052200820598,0.07968726886644453,0.3004337088916451,0.0009007956325428631,0.0004901344405268595,0.0014358705993780514,0.0016666911456084677,0.0016952825387899217,0.0024627643713777125,0.2639718174626237,0.30545769128679234,0.5,118
0.07994260648932863,0.07262492040236045,0.11547450147412631,0.2026589355264231,0.1307235485814153,0.1903113216903281,0.0011599270154265568,0.0007583288961459722,0.0013786632668902174,0.0030351588274109,0.0016498416991537201,0.0032655314498577503,0.18148445678626204,0.2183830345308902,0.5,118
0.1315950304626128,0.02469436555935015,0.051654358714713085,0.21216809655375019,0.05211276497251033,0.09678687273166754,0.0009462205087486661,0.0007161573128667,0.0010530655491698161,0.0066919855307627785,0.001270506509769398,0.0067172253868358345,0.15523929977572887,0.21536483068602036,0.5,118
0.0127033440616302,0.011676146504675581,0.13693297314176356,0.02556115980512298,0.05789330686580556,0.1706848830138249,0.003423241212773893,0.0009672155974374772,0.0040112475273954935,0.04406226662013757,0.0018585739185250638,0.04405579758193845,0.13848756658174324,0.17977225216162457,0.5,118
0.08919177905622093,0.04735516263409926,0.10377068082275212,0.11456731832799916,0.06643524837682505,0.13698561863362166,0.0003744353452553142,0.0005831080495258851,0.0007345590399534982,0.0007214011818077459,0.001169214097229615,0.0010711579621511813,0.14744417809197954,0.178939846081518,0.5,118
0.07898755473153124,0.08958243568020358,0.03482314702478113,0.23760029611828998,0.2354096388580093,0.1078418894751947,0.0019830533630707395,0.00034498850589510186,0.002278430968821823,0.05464002782782407,0.0010546587299626875,0.05464463278938014,0.1378544506550787,0.27138492304753636,0.5,118
0.04137898298353351,0.08516093046707618,0.08411511205512419,0.07870275962800441,0.1656719242465879,0.17506622549690737,0.001321170100304834,0.0006533620578478321,0.0015188402460934681,0.008509581352780904,0.0008056390215422926,0.008542741077136817,0.13774553285447086,0.19958325851451858,0.5,118
0.05104267507102201,0.05154664212793719,0.2408199293833572,0.08922073551249537,0.09415528080173372,0.28591060498543563,0.0004993407788504514,0.0003313490782394216,0.000758662501620097,0.0011715057965382414,0.0008543010052329825,0.0011787530291926807,0.25485109017165164,0.2944777002599274,0.5,118
0.1083929017085722,0.07997100992365576,0.15872879537424855,0.22024952156424601,0.17604952614630084,0.3185190586548881,0.00045577919227816216,0.0004110123269707277,0.0008481169008281359,0.0012823029778178119,0.0008444217425880307,0.0013873533696023843,0.23506293221337982,0.32507460747252,0.5,118
0.11182169158802549,0.08463921360940989,0.0843206563031375,0.2653548955863262,0.18256903920699533,0.1818322533625709,0.0008304582979070997,0.0003370487477047224,0.001213864423074376,0.004427410152230804,0.0008105382245726656,0.004489177693265178,0.17935183399161236,0.29417332792313233,0.5,118
0.09257714913652056,0.10541810735114002,0.13927028803973487,0.2094882103852196,0.22963707033591918,0.3229038675638305,0.0005956809698414028,0.0004675498476747737,0.0006832483559863334,0.0012319830342472082,0.0009504521172793989,0.0010009187327011393,0.22787601028579219,0.32922757651455825,0.5,118
0.07797162691559882,0.0504896398134405,0.2859952272206603,0.15585939913941096,0.09532066761146163,0.31294822575600617,0.001026337139568247,0.0006256545910616476,0.0012768012955461235,0.011158372992592258,0.0011733686233221796,0.011178267416930066,0.30626290094147895,0.33962061081911094,0.5,117
0.13823086933479886,0.08374471826294537,0.16979902397850985,0.2396405665617803,0.16382750456218484,0.31424599115304713,0.0009827490109292295,0.0007070241158937242,0.0007624976966492921,0.004148279060827154,0.0015879285726388415,0.00270735649554088,0.262625936046153,0.32534951572140147,0.5,119
0.07455251094065639,0.1290826736420237,0.1442507262407332,0.16101967912940082,0.15390008249054332,0.16528414115008805,0.0012150601451322092,0.0004609494957674661,0.0013225328397739556,0.0018725265545871395,0.0010595380525768583,0.00152558114989354,0.21555950437545013,0.22139725475340866,0.5,104
0.05287755654849458,0.04749100697029984,0.12450426363946698,0.08986652019639595,0.1071533230461095,0.16527748252731436,0.0005089225653802222,0.0012010041329600515,0.0007193665120922358,0.001892816808933162,0.001823594141620255,0.0014954978816854592,0.14733636418964244,0.20389622136326152,0.5,118
0.07986441825164804,0.12230972038425715,0.12544662988360425,0.1668200312288803,0.2079766334077005,0.28423253391728304,0.0009046858841275341,0.00041862292543716993,0.000921494057199052,0.002098887999804455,0.000711312410228121,0.0022233505600302017,0.21698943976235782,0.29543908463071766,0.5,119
0.0940181789897959,0.07525132363180288,0.09434104756287387,0.19210853872225014,0.1854022160473265,0.15937895484140688,0.0018777452041155297,0.0012854546894431463,0.0025923515001399725,0.01199936502115273,0.0020462479233029907,0.011260405460663092,0.1826021899362808,0.22482723274643387,0.5,117
0.11299009244655028,0.06897676894197091,0.11842401556860126,0.18305032405762403,0.10478333146277982,0.2672680628517039,0.0007860907212986184,0.0005255296976449773,0.0010785001192402488,0.004558486033196085,0.0009512535704169212,0.004599635679614522,0.19653440363945296,0.28104066031506153,0.5,118
0.11203114838299785,0.06856785657786807,0.1511354066334889,0.1892209277919837,0.13811634515539906,0.2747227339737285,0.0007374435341064833,0.00041366606260042585,0.000552644690798353,0.0014901841429136309,0.0010486254729471511,0.001156755761651418,0.22261435926641612,0.2874907194399462,0.5,118
0.12036527121539069,0.10407858313185907,0.13079935140554738,0.2005928757245338,0.19689240389280271,0.2912248190507995,0.0003850490044698363,6.081028872634075e-05,0.0010180456447259603,0.0013547140561076532,0.000282839587339101,0.0019076327449385477,0.23062069122140608,0.3054009407958918,0.5,118
0.1132588962458644,0.11009153505951436,0.15843263077990322,0.2387997706267586,0.23776180948426318,0.2988598563913372,0.0013608892264590133,0.0001362858494491797,0.0017504452733621218,0.01173631200924441,0.0007524581792208718,0.01175300167875648,0.2537265891778682,0.3094994123969372,0.5,118
0.16161125916721533,0.0790515845028897,0.07043812120630202,0.25005734219023334,0.10195115909994137,0.12059171346539121,0.000590255098955556,0.0002837223494993579,0.0008146102167952005,0.0011145776266900942,0.0009665324193067759,0.0010673219780770182,0.19688328735324664,0.27041272924672694,0.5,90
0.08107873278436045,0.059130061900875226,0.12197294100944947,0.16174956338798685,0.1476337166188492,0.25032371078812704,0.0007634092775465828,0.00032220519031367546,0.0008038071395717905,0.001312756618042421,0.0009665336288879889,0.0014625942273923664,0.17753629266713297,0.2588356303429564,0.5,118
0.023038414260840873,0.026365705126076527,0.11271421623437904,0.044557613528080305,0.070002008241974,0.13506306698547574,0.0017280476748074217,0.0006881304315712033,0.0020098314722923043,0.08906417391880919,0.0009670685640671417,0.0890680375003261,0.11992984903411483,0.1509636380104603,0.5,119
0.08818968620729084,0.09868537701476357,0.09435778667288479,0.23657882935157737,0.1836239764260762,0.242745551162509,0.0008510823042244347,0.00038780802956199956,0.0008939961873615996,0.003390662164513003,0.0008083005014458133,0.0019071821180414172,0.18323032215246715,0.27493735206853226,0.5,118
0.07298597699174468,0.12029202872289933,0.14472631783522877,0.15453634304791536,0.20212511601702846,0.2511392087653867,0.0018801177550934556,0.0007181213015254487,0.002219797703055188,0.004245851877699547,0.001846110733612183,0.005025957330810238,0.22315745648409374,0.26592913394445705,0.5,118
0.08529473319702967,0.08056907772156126,0.19700528534042416,0.1822688006833756,0.1932083585860929,0.2663886687509308,0.0005049056850231712,0.000822611519196571,0.0008527880370448503,0.001962760925493745,0.0017413231018675868,0.0014162159005617347,0.24789614410021119,0.27246753410167285,0.5,118
0.01518359071816845,0.07235576728688918,0.048020260967624524,0.029005969160063136,0.16984075727820705,0.0867653244566831,0.001762485562038501,0.0006218547569934832,0.0019092206508376207,0.005414802656254325,0.0012437347573794888,0.005460277790381607,0.09721492674216922,0.1720379957282694,0.5,118
0.04444152057919967,0.1438046408973201,0.159471497992739,0.08192178149935309,0.18105065356670696,0.23241793405422914,0.002345637807579643,0.000853042429248743,0.0021118448403829614,0.006674833926031631,0.0020400572279055673,0.006721187254466354,0.2292510887680405,0.2679326111486231,0.5,118
0.07638830299100106,0.07112014166561426,0.07842560340685983,0.11739923666630724,0.119652312088743,0.16732484622164553,0.001601946407212763,0.00038627766992066856,0.0016931624035523448,0.004063367152877806,0.001127023760185697,0.002954472024582211,0.1470833187811169,0.1995295950373062,0.5,118
0.06422092116638874,0.07118835663303694,0.11672988258994679,0.1604747484540228,0.15285426685465545,0.21875145772819007,0.001535149882996142,0.0010308200232059458,0.0017471018681032612,0.005712372018209511,0.0020827349359247016,0.0057219346901060675,0.1700513895329339,0.22381647090060708,0.5,118
0.15139788524336534,0.1173825539164553,0.18253558623069358,0.2588279583811697,0.25419833460033475,0.30087650042886754,0.0007922405911061996,0.00038611864122223906,0.0010861977798121449,0.0016670792776263266,0.0008253038015852976,0.0017368559698822672,0.29958767574617956,0.32057547935655883,0.5,118
0.09900438605091817,0.10512222560429683,0.069845655530325,0.19409246506017167,0.21392178154501515,0.2083488696164523,0.0009868396902878017,0.00029359569023524836,0.0010986741258529533,0.0047480095812222345,0.0009093323790212438,0.004801924117432854,0.1832398604645418,0.26772978586924034,0.5,118
0.03948709192390709,0.043012586225943006,0.07145216866859572,0.10602615378060097,0.09705902446163256,0.14205106822712196,0.004615454954777048,0.0008223690330842884,0.0049963875255812805,0.07319850505874426,0.0023594837309084404,0.07295129652348864,0.10480235277600668,0.14330091736121048,0.5,118
0.09278700618220925,0.0854780844415312,0.13076058424059953,0.23634553172517256,0.24847254587293902,0.2985138524849434,0.0045436491880583635,0.0010510748231910834,0.004915586225564353,0.051587804124193726,0.002342929430527274,0.05145118429907791,0.21386226276076747,0.3059311021299273,0.5,118
0.07540328708132339,0.10734515304820559,0.1496351057683815,0.1644120021072519,0.25514062113681557,0.27319544640396115,0.0011988590654176158,0.0005633911760286659,0.0015333635101416848,0.0038541025016987085,0.002117084120791368,0.0036439575606603825,0.22483890528817727,0.2903664380170475,0.5,118
0.11166632230082452,0.11459516236088636,0.12822184838459744,0.220030549147415,0.27057069902028114,0.19713942670906123,0.0007650182069026348,0.0005914694390761657,0.0007261298435099708,0.00217788710597544,0.00132621755453316,0.001710442966160075,0.23310372637985777,0.2782699274749687,0.5,119
0.03541887771934891,0.04098417180961637,0.0816097992288717,0.0927902549790429,0.08090486465429123,0.16610596297611158,0.001003654125508887,0.0008354485155659253,0.0012322718963340656,0.007171381264975213,0.0015589373336585,0.007207529248606015,0.1101130234290396,0.17314825646683718,0.6,118
0.0530610922264329,0.05742192632634917,0.04655114978428557,0.0701742329941907,0.13057536654939672,0.08063577862350475,0.0006012963791027637,0.00018490345641124865,0.000700083944318425,0.0013220810945218098,0.000671181925318759,0.0009022280539246474,0.09730899318275403,0.16323325111893705,0.6,108
0.08088737315338336,0.12682367617291956,0.13903286839191267,0.17686531847729312,0.22222723002162154,0.3099259680244141,0.0005413526777314014,0.0004202166204548571,0.0006125076332504985,0.0009978405673169988,0.0009319251371874282,0.0009907430367956938,0.22790187781692728,0.3225936703221751,0.6,119
0.061891011861410425,0.07170235121209925,0.11447146312585216,0.15951320276298228,0.15398219715020953,0.25999591364143937,0.0007737131993650582,0.000489298770914969,0.0007861140526107658,0.002060627612579413,0.0011635563402841442,0.0022038777012551303,0.16761255313664267,0.26680846207272113,0.6,117
0.06805960237843746,0.04644425757485975,0.028062624206693393,0.08813440234395258,0.0712161656065767,0.07021396389134789,0.0006708444878678663,0.00023556933980227056,0.0010097759286595794,0.0007869528880526389,0.0007433273078232272,0.0011147770267396773,0.09348190346098477,0.10453963431803279,0.6,118
0.061902658967405794,0.03658619943392869,0.051635522472417685,0.11302548580928143,0.058692103688334996,0.09483997006522912,0.0015028396677598524,0.000647463323768775,0.0012919952210403548,0.004453248704352486,0.000854830835636422,0.004548511175007652,0.10167080856688719,0.11502948076412911,0.6,105
0.06624993429871595,0.1099649965007453,0.1336818444553003,0.1924807299691424,0.2010451224332679,0.2937599616976013,0.0009238653670372523,0.0006181464229495988,0.0003743165738804772,0.0017935928644687085,0.0009690042954965117,0.0016047400483838459,0.21564644476663963,0.30397124943211673,0.6,118
0.09808731468390816,0.11118811480554944,0.16027708111995864,0.23755725941248287,0.231162007899175,0.25762047418780165,0.0008105164833864607,0.0006205834156725008,0.0009319430145975039,0.003648080692370659,0.0016444975254126803,0.0037196116911143162,0.246555603980904,0.2847266991037673,0.6,97
0.13838246065194817,0.07566506956885945,0.13611592102104536,0.2680014345407834,0.13350556169949143,0.25784254035187293,0.001376185568763397,0.0007990084745497466,0.0012671170038889316,0.020154358372768133,0.0010314153995325537,0.018584816608456234,0.22657853125956748,0.3133345223029753,0.6,118
0.06864292044325011,0.09045498551482822,0.14376396396362479,0.18082450822458568,0.24103641112490184,0.2845145016006391,0.0048755791114295545,0.0011695514809756267,0.005310210747137311,0.02882062421123832,0.0022791043592700344,0.02851867382977802,0.2160631773821513,0.28844602824812077,0.6,119
0.07721734967942413,0.09598453098255019,0.16769399183316758,0.23640403234977164,0.17893694769529248,0.32296487460789214,0.001282492703508228,0.0009242696389033702,0.0014443262152982075,0.002381696387370985,0.0019158006261909,0.0019627712235729122,0.2371108139191405,0.3420030621118917,0.6,118
0.10154340184149378,0.09951098481364011,0.029434703992178336,0.15667693840014663,0.15735506929244603,0.04781475373747737,0.0019742398580404703,0.0006643521729878625,0.001989989363562928,0.009680818894171724,0.002210320900890572,0.009101231692139944,0.16070788177287237,0.17808942860547547,0.6,118
0.08625527184663169,0.04217165793819567,0.11329121614224966,0.22140666687165395,0.12599190201601193,0.25262586309318574,0.0009827825441942662,0.0007068787536855447,0.0012475737522535607,0.006177817136185038,0.001618260767072277,0.0061898603610763825,0.16630441584043995,0.2917505122751211,0.6,118
0.0921334389478531,0.05257892371989815,0.16002740093622203,0.2216470053178157,0.11602711147091868,0.2617268955185568,0.0038099330005124657,0.0005330636852497466,0.0042254714765637925,0.1103129970332748,0.0017354941817664393,0.11029749417285561,0.21126205271204765,0.29301452811332424,0.6,118
0.05778941260897825,0.05851659392712881,0.18168680009743657,0.1075884219247553,0.09666524494102478,0.22965513962520298,0.0018933775954429147,0.00043146958415635135,0.0024852580333325886,0.053546330707948675,0.000908252999352821,0.053555482073933014,0.20448799373334123,0.23673551093969888,0.6,115
0.0667852230006278,0.03658288221611022,0.08992685513424639,0.10647442353752742,0.08515446063929938,0.16450685946495922,0.0007843601936945222,0.00043624357169174137,0.0005714739176187934,0.0019245608931068858,0.0008109369996276428,0.0010110316486291182,0.1300486915443099,0.17725511119022405,0.6,118
0.08194505081741103,0.04733981583426451,0.13151515960422452,0.13083497630288937,0.09907866096608142,0.1784090907811413,0.001935236047603178,0.00028037743086677266,0.0020919257512129856,0.01906484068399794,0.000765275806303034,0.019088406598875896,0.17196597130376062,0.2245481632925634,0.6,117
0.057464883252682585,0.10393470280006717,0.13319512259243357,0.12741721983277826,0.2735680130823579,0.2682300577154453,0.001084196272941764,0.000906052168560506,0.0009825704677576793,0.002343027468022285,0.0019384704625122762,0.0024136270613159816,0.2060937312894865,0.31684374394376574,0.6,111
0.1292630910512187,0.146124381185694,0.2346331094243945,0.25942295031656026,0.2860644831147003,0.3237601782098371,0.0008129389197774358,0.0006065688042569265,0.0007349473075118186,0.0014675568242723536,0.0009753825405889316,0.0016539585072515017,0.3324794136814293,0.34398051182047573,0.6,118
0.0750374712968466,0.08641088807654387,0.2660452203177962,0.20861510196579774,0.11934871187365884,0.35636522123595055,0.000720623628385568,0.0005288602498793895,0.0005648706508988339,0.0012240189317154204,0.0008970468382838437,0.00145630833237953,0.3026323717620129,0.3646916663133601,0.6,118
0.10108413996814315,0.1060703938521477,0.09412937622211932,0.20823128533839863,0.21168366756755358,0.19858364553313185,0.0009985077733872681,0.0005093662777990791,0.0013548137105194775,0.005923429930268398,0.00204627412798164,0.005122521166114002,0.19902430383133196,0.2625446606099958,0.6,81
0.09289896827511689,0.1144786414877868,0.06136774892575095,0.20834519002736965,0.24378103030867554,0.09708740921803671,0.0008724547716566212,0.0007200201277753007,0.0010483442519467123,0.002439777999431403,0.0019334272680349152,0.0022309658993217574,0.1787752112259305,0.2626899736567932,0.6,118
0.08783900622793978,0.0675613543556953,0.16436724809953732,0.20583043261539674,0.177371916839586,0.2412377981466484,0.000847265753381856,0.0004320308908778141,0.000681154301817301,0.002020699514674096,0.0011271294719130132,0.0012304519364749744,0.22350417280309692,0.2593291425573987,0.6,118
0.10988225729137487,0.044004525974681664,0.14781689387689695,0.18725295268121955,0.07402539385382553,0.3159061147183088,0.0009566451234004201,0.0011800134543225546,0.001052711545705051,0.0036763558845849253,0.001897093750428347,0.0027681128271568323,0.20898737302488238,0.3216712035570375,0.6,118
0.10437008630168075,0.11955438538697846,0.2041655788771973,0.19743736092765832,0.19425039734751595,0.36319140808294326,0.0005960099717068758,0.00048776425387018655,0.0009455412529133596,0.0016253615461969129,0.0014982420075904113,0.0018266043234529405,0.28769516785078864,0.36574657539272615,0.6,118
0.11390762214444179,0.060166643152080715,0.13432092916494542,0.20824628378150306,0.17660889735503452,0.234065955137243,0.0009643160864184748,0.0007066830261768628,0.0010664403959816438,0.0018238170348117144,0.0014134409126406178,0.0025316077689778727,0.20478818878332708,0.26069349280102455,0.6,107
0.0712627121303889,0.07452401246697564,0.04765205851660838,0.13558410339002033,0.12385535179021256,0.10943961782580497,0.0010909767849981095,0.0001964791644823293,0.0014224694735634376,0.003184232360645911,0.0007990372496617937,0.003440211702224083,0.12797960987252505,0.14765557000095844,0.6,118
0.08395298239701734,0.07221629327847073,0.1486107098082666,0.1671386769369838,0.1346045288893896,0.2917420428290238,0.0011607446829090277,0.00047859253160959333,0.0012988730738578722,0.0026700811771124267,0.0008577922231749469,0.002758617970289867,0.2058200349759263,0.2939950564107733,0.6,118
0.023407443209325345,0.12247817939182144,0.1634858464905657,0.04347611067964335,0.1715484904819135,0.25293338749201266,0.003210617139076978,0.000701354725798418,0.0033993258216198203,0.026945032376719885,0.0022755393277591462,0.027442438245522283,0.21111914333285678,0.2763098656069632,0.6,118
0.09874264725188514,0.0981472979901513,0.13070248554093802,0.17484471284277162,0.1860076730396662,0.26928951503540305,0.0008311376951747703,0.0001778152238427134,0.0011502976801905402,0.0023754978021092166,0.0007778058261234122,0.0021580522086228626,0.2128066928540831,0.28458880005840664,0.6,118
0.082239333095082,0.0611124110356596,0.08581472233238228,0.17193470135192485,0.10401327793687751,0.2247106561026542,0.00046603986877570395,0.0006888350583950378,0.0007078548998789219,0.0008367406910307906,0.0012362412361071051,0.0010147789442518373,0.14944651066408168,0.28656273393431153,0.6,119
0.08406621051572244,0.07748566010055154,0.14068214396512313,0.15970384955718991,0.14222859659152348,0.23780014875807712,0.05429106634837481,0.0005481871578885928,0.0016024512683306073,6.281830730252584,0.0014816019327657526,0.00210770676040406,0.2070503854633805,0.25261456974137225,0.6,118
0.057012858500136904,0.08559299470627033,0.12403943532138402,0.18055535542740633,0.20832295561690234,0.29466564696636055,0.0008897740057146494,0.000844937608452682,0.0012392674842155998,0.0026783835608248374,0.0017301512676179964,0.003258059834881699,0.18377478832166091,0.3008022666251649,0.6,118
0.07963980410610763,0.08784161628213563,0.18111088634326994,0.1884177208383341,0.16406233935978493,0.23254673349852126,0.0008714562316721109,0.0006083075462544881,0.0009572383504916369,0.0019103340986423856,0.0012157000492931391,0.0023395733331545987,0.22993242936547875,0.2732216331867467,0.6,117
0.10010709718417181,0.13056341724494067,0.1114410654753085,0.2148941328769794,0.24771857101264833,0.18673139452592386,0.0010351670858515748,0.0004660280813176417,0.0006536614951513667,0.001970558852820603,0.0016105486256509094,0.0011330056998906102,0.21933011594862392,0.32005035357416045,0.6,118
0.07614969331190083,0.06933023345940278,0.15841424410384097,0.1869733884368311,0.12833157780611087,0.2865090024431343,0.0009369582650637551,0.0005918554271132289,0.0005288975281961005,0.0012707126207756603,0.0009614384132012321,0.001210137798065114,0.19861571860456637,0.29708259998228087,0.6,118
0.11203839216089638,0.1102973038069659,0.05888875668761249,0.2341067867088339,0.2048909483211366,0.17336333058782566,0.0021241224004377077,0.0005726364413256947,0.002032203984718614,0.008393502379730577,0.0012336111474198358,0.008424378158268908,0.18830798555091785,0.25855454205711476,0.6,119
0.12181443712455951,0.07490036681453982,0.1536384767348115,0.18251211330415887,0.1129347677541066,0.2963020438050351,0.0005668785755112869,0.0006378528350827039,0.0011367225141071947,0.0009274232815035255,0.0015409243949603413,0.0019853646468526165,0.2429487452107536,0.3031227212308986,0.6,118
0.04500572246404976,0.07882725910300149,0.1443658667133664,0.09803526202486881,0.21175124502590384,0.2148109780486304,0.000818033358992215,0.0007776469201813029,0.0013549703410935447,0.002270967621506914,0.0016998068419494805,0.002418534543637163,0.1884361167642563,0.23515848590802582,0.6,118
0.0666716504638155,0.09821637874389195,0.1526471645647994,0.19049827908728748,0.21719458689296084,0.25330453116066975,0.000866154202160423,0.000471143304685701,0.001263032496603894,0.008799300725173653,0.0014112522829820284,0.00880999780962799,0.2164729560691229,0.27896897819116345,0.6,118
0.06739687531068608,0.059990747920813006,0.1297369786331653,0.15832000029078203,0.1655116205972434,0.20849209924610965,0.0009358077395218388,0.0006948491680476241,0.0011894103540052868,0.004561774916448602,0.0015774597970967252,0.004624067113285779,0.18218133357450814,0.21651616746784855,0.6,117
0.1295958441271857,0.08328948180801667,0.16028300425480158,0.22098134016860163,0.20927992599884085,0.33673280551546114,0.0017740552078277486,0.0004987616319229571,0.001787878357681235,0.00483266377810565,0.001105504970235538,0.00487256207172615,0.2535952638867152,0.34479878296416716,0.6,112
0.03318865252018342,0.09748448484931696,0.12020347288056647,0.08438531316840357,0.16566796534059067,0.33441966726645744,0.0015621917353507676,0.0003744669854996608,0.0017611701951702984,0.005770039408806493,0.0016388679263139583,0.00574765899095242,0.1800994284607488,0.3346527656624598,0.6,118
0.06709321004961857,0.02668936380731117,0.04985868266187284,0.109593237187284,0.04755311853335357,0.07770093570039201,0.0008732539889225374,0.0005286783487711675,0.0011381046955948766,0.0025707282948645993,0.0012033574623508958,0.002721214130098959,0.0953188227056169,0.11063928714140281,0.6,117
0.12319129552813958,0.08546247613834872,0.19198671281713267,0.24499928674077212,0.22229863967633243,0.344107908397166,0.0011993335056127543,0.0006546681582989086,0.001756093199384008,0.009430644680081368,0.001876348365836833,0.009471010492217324,0.27354925732347746,0.3470987572355421,0.6,118
0.0639539592903727,0.08118694172856593,0.10915207593839964,0.22078153050934826,0.15709311568066558,0.2825454873162936,0.0006833750186698418,0.00040833209724422794,0.0007217466540316303,0.001358762390532453,0.0010620270293277834,0.0011538143884226582,0.17242003762361305,0.2995532866888752,0.6,118
0.07356849138914467,0.13302134594742845,0.15205018930050251,0.1560986952332959,0.21444041465083605,0.3363055906773323,0.0005462242683858909,0.0004958429275204982,0.0008354196877515634,0.0015337512315829471,0.000908157935608056,0.0015335553918559564,0.23877051924577608,0.35117804872189473,0.6,118
0.1644129721617372,0.10221300461975533,0.25613507769462307,0.25681629663044514,0.15304112411757378,0.3555291717762677,0.0007093314914054267,0.00012105845195789876,0.0010783768026981983,0.0012749774840783434,0.000527509902339296,0.0014774426751151815,0.34074890204830344,0.36405926586487575,0.6,118
0.13315156776373974,0.07830524891083404,0.19893046491030783,0.2626816929444916,0.20786349068685356,0.33808671457653156,0.0012435862935912276,0.0008553271576835391,0.0012175554936299485,0.027129806628357178,0.0010386957797827445,0.027143394039707225,0.28193952435080194,0.3518059756360549,0.6,118
0.049667000769169974,0.07074148553807812,0.17714655242491373,0.11512652541952241,0.18455791386489473,0.3149795936572284,0.0008874367538765162,0.000522948652809955,0.0012230354651610457,0.008398863849830462,0.0009109600931411777,0.00843004434790462,0.20922062581341117,0.3158159835491051,0.6,118
0.10008027709066608,0.12990595834413,0.0870674985644861,0.1875687593033865,0.22739081292630908,0.10659672924729183,0.000752757067144656,0.000688258175113234,0.0007280778399607876,0.0011080101360501082,0.0011901034590391067,0.001347633863139297,0.20685661605977432,0.2339242399458914,0.6,118
0.1206865424867662,0.1026511653855736,0.1675302732721117,0.2352947888521532,0.2647052814050704,0.30650834058752235,0.000615091412506461,0.0003974380764041645,0.0006839734041331887,0.001090282524228936,0.0009122308419442504,0.0012689853078859947,0.2651564671962465,0.3316196715964185,0.6,118
0.04325370589688863,0.03552204382499033,0.2549416522155472,0.10347638878563228,0.06906642238429764,0.2675387988176182,0.0012778344380519723,0.0007373369734085697,0.0015264084325441278,0.003909118513722554,0.0020144526721477263,0.003645124226850094,0.26318387190779535,0.2722735278435221,0.6,117
0.15131425570191637,0.06060660024457393,0.1490750441674315,0.26729080806985234,0.11850447682188302,0.3668471105526065,0.00039401452483485937,0.0009740047638441441,0.0008283612535475697,0.0011371983891990123,0.0015908289301500623,0.002775694268449813,0.24490454266929435,0.3689774865522021,0.6,118
0.07774699305327355,0.11926345579645613,0.11148350073021271,0.19037108495185823,0.2078375313629751,0.20747700574748854,0.0007392587659357311,0.0004117308302422034,0.0008210123195280847,0.0020409153138569724,0.001067872360577371,0.002679521141282004,0.19721720237463333,0.27465221727657757,0.6,116
0.052536648465961504,0.17630558769260604,0.07234626762771156,0.10807841049998972,0.2033855822194651,0.20755255465527495,0.0010107472584029175,0.0007758067586193791,0.0005831963628141477,0.0021887363461838283,0.0011224742185449166,0.001320234352044869,0.20862081423127085,0.2723400727837271,0.6,118
0.05179023695522397,0.09730135162343093,0.12603489516816965,0.13201096886644428,0.16277651843314433,0.24384623497878252,0.0013297256965764392,0.0005437706068446832,0.001200893120924714,0.003509114508475575,0.0015379952918345152,0.003584993640517009,0.1818068536396329,0.25546364211957956,0.6,118
0.09437402316047472,0.08783251864089885,0.1886496200534005,0.167172332172571,0.21812196851287266,0.29607227930691676,0.0006770372148499865,0.000527390931491866,0.0012007116510737873,0.0019757304246557084,0.0018214269152846407,0.002505819923572794,0.25040975231832796,0.31777211714279796,0.6,115
0.12502690872843183,0.0985170865370554,0.18429708506493048,0.24667196979603728,0.22086567219239756,0.35714108859967025,0.0011922560148361068,0.000294437756339751,0.00135678026008691,0.007376574864560226,0.0008025364774705279,0.007404477418187838,0.2724787510192856,0.3682231987234622,0.6,118
0.09630343391963407,0.08561277717979071,0.15195161279194747,0.18049245235850447,0.20120899390592512,0.21960252894246696,0.0024136914350752444,0.0005092189681801712,0.002896109914394784,0.013215983122314201,0.0014525126756496087,0.014289559475162195,0.22160935796522147,0.23771707679495596,0.6,118
0.07867824656084833,0.09293941783263172,0.14171213983172654,0.1892977511249519,0.1706377180680423,0.3215539118201155,0.0007365977882226412,0.0007937515513551357,0.001206608941914268,0.0016410192971496596,0.0017404515042918067,0.0024140930310383446,0.2109315648591032,0.3267445353087311,0.6,119
0.07565492570921091,0.07923243042544936,0.1904331997275605,0.23042974991282011,0.1638556299494699,0.27041365838003995,0.0014429026047358873,0.0006139566042296334,0.001239665345854942,0.013198364132793627,0.001966827090680745,0.013204113807667728,0.2401281125113928,0.30491736308998824,0.6,118
0.05026691272234647,0.17235021784100327,0.12236561701593056,0.0866059856991196,0.2863883853042921,0.2335996668427847,0.003324291676123521,0.0003404422461788465,0.0033312579349284,0.0184582888676339,0.001642061126683192,0.01846868780792832,0.23685272387557646,0.32411846786585274,0.6,118
0.11833638573610848,0.05735669999422026,0.1990477245709079,0.16718556849699845,0.09674890294243742,0.2332850989997382,0.0007437613455412755,0.0006061997310299177,0.0008965023498985392,0.002490965644089238,0.001269429030852809,0.0025691064865412117,0.24448214207589034,0.28470064772784015,0.6,118
0.10289813980480021,0.10186417112955116,0.19162565860685318,0.15834782618089957,0.16727348618094567,0.22264999654587558,0.0014942529170390978,0.0010096362270899256,0.0015774624428821996,0.08112915550090188,0.0018863470586065745,0.0811268878114211,0.2517220314332058,0.27295247983043996,0.6,118
0.12511258009920123,0.09145145528410993,0.19077668951092727,0.27830371305742463,0.2557075770326195,0.3248880437175016,0.0005974832346129001,0.00042355004251313166,0.054237998648168174,0.0018199337978546115,0.0009150392898820137,6.282111932297097,0.2809448487787949,0.3371049249710773,0.6,118
0.10197668665692149,0.09742055348162965,0.1676100717070779,0.1928848459259809,0.17447930295552164,0.30796714326165836,0.0008814578767536997,0.0003980058434240481,0.0011964077955969178,0.0029894006807920093,0.0014558285459691511,0.003139283652739522,0.25729232182414746,0.3178500831662611,0.6,107
0.10278114612901842,0.08344820210420384,0.11774936788119558,0.1724105305793408,0.17651474836495545,0.1636521214360377,0.0007433078826998579,0.00032929653378313133,0.0006418766245854105,0.001675468436459715,0.0007141080850956438,0.0010165886827060433,0.19483836935756074,0.22934140287158794,0.6,118
0.05283898267789406,0.09151169862834116,0.17353514240415202,0.10917258070601295,0.14623191135754718,0.282054271690906,0.001053515826657363,0.0006363005844888191,0.0012854549559822373,0.010294310561070996,0.0012798873563659996,0.01031986720156386,0.22343007814344978,0.28292126214112534,0.6,87
0.023854313810130038,0.09884636017713005,0.22677327143376222,0.04955163330027146,0.1540389433103546,0.2902194545096983,0.002282824549765584,0.0005389766883294933,0.0024264266615057384,0.004231476349134677,0.0012584793494487823,0.004041685402077055,0.25730699594634576,0.29131152351601014,0.6,118
0.0476262726250783,0.16467768649455308,0.07292336653600599,0.10047077072294096,0.22553094584782696,0.1307562331020536,0.0014001987107333902,0.0004006898713282365,0.0013202349822927235,0.0034721112644460206,0.0008232223590948218,0.0036431279331338162,0.1965701961645712,0.23768927880797766,0.6,118
0.06649486388720006,0.06605301849733686,0.05188760889991054,0.1311476230309669,0.13093190154169704,0.13801534912169983,0.0006146341568128689,0.00032186493569736735,0.000922192298792949,0.0014194588733360547,0.0008452651538981559,0.001838785140000021,0.12388184624112894,0.17486682868147424,0.6,117
0.04544289248308236,0.0859215862420596,0.06564924541781245,0.09526505797010047,0.13048652014551218,0.12556437648833457,0.0009057250537200957,3.532395181609158e-05,0.0012678274453748707,0.0014679109155930625,6.589822484659447e-05,0.0016957260493239978,0.12762370257432745,0.16142654027072578,0.6,118
0.06319408838761029,0.06638930647390025,0.11504443880873345,0.1057744942027231,0.08904021268346458,0.18196888258760932,0.0013619723103482965,0.0002877902791097458,0.0016842666975416742,0.005052796532587278,0.0008141596035033949,0.004878819287218672,0.15886767259817966,0.20458834355820127,0.6,117
0.026910581837028966,0.04430930954010681,0.0693427970898933,0.05031951255811594,0.09737053370564598,0.13482059029552063,0.0018054947190432442,0.0008217014821627626,0.0015790225314323226,0.011515599674846944,0.0017958187970645856,0.010434607084861991,0.09609203971887824,0.14411984945635778,0.6,117
0.09338165083432597,0.056464557280200244,0.03649118298936507,0.1733015345978134,0.1715903682989699,0.06700827678727483,0.0002785447856507585,0.001307024766084816,0.0005247545496947198,0.0007585995207564089,0.0017418983352607276,0.0008318294737679199,0.1239835050078346,0.24670819002174918,0.6,98
0.10341060411184536,0.11247708994020393,0.17521792113815807,0.1748664500861398,0.18540827695494574,0.3046913587221324,0.0013187340570818132,0.0006695392187043181,0.0017195776338668307,0.008199875284742086,0.001700719408645912,0.008238200439890875,0.2554913743878304,0.3134805626767839,0.6,118
0.13661102264366062,0.07782421887833234,0.10200969600799709,0.15914059888653123,0.1166401003237972,0.1758086464783261,0.0005488342947010935,0.00016990540519902357,0.0009869986005664089,0.0014916962027480274,0.000685668325214106,0.0015633953112481613,0.19476348288628734,0.2191150502570059,0.6,118
0.03742188085582986,0.15677800510691298,0.12676540355143476,0.08183739811088617,0.3037242565954427,0.2669331777172275,0.0013253204505772832,0.0006906846257811994,0.000798845405756898,0.0017058589816616454,0.0012033603153519534,0.0012708075412370956,0.23326179549693657,0.3354454183567648,0.6,117
0.0649761614526764,0.07096109777505578,0.03538504896891552,0.14480059296660608,0.15842117770514424,0.0645480966669067,0.0008508231425787561,0.0002969126616057513,0.0005446907697789717,0.0015449331190913185,0.0005912498868110294,0.0009089398164424667,0.11535240374218704,0.2160974460442504,0.6,117
0.17890936779424135,0.1324152548488578,0.05890408580762217,0.2647495662481495,0.2557350685434906,0.14504853938332007,0.0008111906185963292,0.000760140390146954,0.0010096994643066222,0.0018453044533552898,0.001784728281141179,0.0016711177428206797,0.25952830546463074,0.2848803396136355,0.6,118
0.0510219896795378,0.05700187021975563,0.14710672792848056,0.10639895311749488,0.11923156397425266,0.19415353299232574,0.0009003893112092215,0.0005277150618626369,0.0008263794391825059,0.0019350185138939935,0.001185329353755718,0.002064782584700442,0.1708019255366561,0.2202332845829669,0.6,118
0.11599194195403706,0.07793731371760056,0.1714131689809066,0.2732381699300856,0.16081627547310304,0.3352112531671045,0.0007037497420525185,0.00045572338687296596,0.0009339723030579106,0.001168941422828751,0.0010311293487350603,0.0013717907978860744,0.2554472511366609,0.34000805569904413,0.6,118
0.07725530200663916,0.09284928147577931,0.13363100389765492,0.15122633894640003,0.18200391089604148,0.23103990513028552,0.0006947531877210355,0.00032051552325279895,0.0009121286745381221,0.0014735285572138324,0.0008862118428762389,0.0018295677068869143,0.20177703607359126,0.24942672685290043,0.6,100
0.11157327147421858,0.12576492118469715,0.1169814669823676,0.18916087632953138,0.18207362653528153,0.18093262189041728,0.00041815049208160496,0.0004299550921059808,0.0007736219853774593,0.0012037645486073778,0.0008808808849952166,0.0016243645368934079,0.22003804958027715,0.24445961422294757,0.6,91
0.11598369891627808,0.09673353397164947,0.12074124658016143,0.1713370504744293,0.1474768043873302,0.18103928784319157,0.0006256930362567727,0.0013644012306220905,0.0003298658913345032,0.0010376828672096217,0.0019443314159615088,0.0005969762122441935,0.2109741011871676,0.2447596543580548,0.6,118
0.188377466636029,0.1175717149238395,0.1973321791996408,0.21628699243309787,0.18313922464231205,0.32416508720223214,0.001302144773019564,0.0010542709757949424,0.0020365499925077534,0.0038141813256995505,0.0015801538835538143,0.004795161020380911,0.31163200148052445,0.3527868107943517,0.6,118
0.0663738843169399,0.08213406902352385,0.14277858894773227,0.1510552312915962,0.20036237508030594,0.2978362588804145,0.0007742482369532182,0.0007370758145552358,0.0008438093981307365,0.002570345579450767,0.0015548788205102526,0.0026508850179106647,0.20443081612156258,0.29877971611438214,0.6,118
0.0712878234778525,0.08718427167516389,0.19989996462533272,0.20176703152328807,0.16847044654878235,0.2786602778630105,0.05459830767015627,0.0006905259409942426,0.001331090264402066,6.281477436669924,0.0014590464119590904,0.021860841773748585,0.24915458948094063,0.2795562231075942,0.6,118
0.0701017989431755,0.13761460367581427,0.18512803706157785,0.10931769987043495,0.20993807782002474,0.31837098060474606,0.000964210654300107,0.0007039365715653061,0.0007620917507519188,0.0013813745261481714,0.0012375987148775525,0.0014744151747729806,0.2683561515103432,0.3200485298611561,0.6,74
0.12573799131372188,0.10201830220919533,0.1445262294354667,0.16412669522264678,0.20487525404771928,0.18060768088035536,0.0016554356536433868,0.0008426205894290369,0.0017614210479185498,0.007413677270121877,0.0015776857942088884,0.006251721193717863,0.22777258807137102,0.2732582659103138,0.6,118
0.13147578408401756,0.073719894694918,0.10987702800682013,0.1654671217580267,0.10312632414887635,0.16710014179093086,0.0004912927888068743,0.0005375337587095815,0.0017235172477460213,0.0009759113837874978,0.0008012580546080117,0.0023372971467570114,0.19239072337036414,0.24505664647677008,0.6,91
0.0839902850822891,0.0862461012175816,0.10628339860525425,0.2958005550749147,0.17551415623380634,0.14255614199168046,0.0015759688602496632,0.000478868968925208,0.0016152093199621933,0.010924448900663464,0.0020491043360097994,0.00980897522634716,0.1887371418631709,0.30349139407588666,0.6,118
0.11465420446741953,0.1220731481925695,0.16427039121606413,0.2954468570580131,0.22742076668250494,0.3152630406826626,0.0010355428689652474,0.0007281474661023621,0.0015472519656876747,0.0033254656845871366,0.002020807933853064,0.0033799857857452764,0.2708724876945453,0.36936518536072466,0.6,118
0.09830552130613888,0.1391834213593502,0.1955183460384495,0.19726689014385998,0.28601527348373146,0.3634394587048367,0.0012806844315430745,0.0005604960604352553,0.0014582638663668758,0.005001092243751337,0.0014854297224270452,0.005306391068818694,0.29815609602403537,0.3819717686763912,0.6,119
0.11541670672037986,0.11648251971514652,0.0632899820887667,0.19976657626133135,0.20291772552300888,0.10690752285479237,0.0010118957488466512,0.0004960018423884807,0.0010108331885491232,0.003202807355569881,0.0011320726244163914,0.002525631676190798,0.1939175418599097,0.22149516366286887,0.6,118
0.03462276249024363,0.05995052250222835,0.08491038695815684,0.06452504546653037,0.09257602429740568,0.1796714995520201,0.004428163395169628,0.0012365579435020075,0.004041755360106845,0.015304051100012206,0.001951479088013519,0.01460590965418418,0.12063436264615633,0.18029444744363102,0.6,118
0.05644039451414172,0.08268081094797446,0.1294323190502413,0.11162682294528815,0.1864123722464098,0.3306541059654406,0.0010601816123567143,0.000964498127082238,0.0013521145671683784,0.004704158368832756,0.0016127477713521188,0.004755953529803403,0.1857284103752484,0.33528098035404297,0.6,118
0.23633949496865195,0.03145024086604598,0.06513799961745358,0.2808619146783452,0.058773418005938875,0.1641396902247005,0.0005815975821169117,0.0006623405819642634,0.0009238701839027291,0.0009256540020590176,0.0016515920511354087,0.0015822245567442828,0.2528529707537986,0.28102387590580274,0.6,118
0.05646333500831876,0.1086817203733794,0.18923283222319554,0.13837931389923303,0.24145911068381537,0.27661127977065725,0.001807240433663156,0.0009033093639928452,0.002071173028036561,0.004124705949843266,0.0017974741333863786,0.005174264546666585,0.25305301166891714,0.27714401356797735,0.6,118
0.11715097937889796,0.09846487075514668,0.09484889344130491,0.22629542666265143,0.16790712595396526,0.17687136750559476,0.0009827581935740101,0.0006596712912520707,0.001073185312009536,0.004233752701818139,0.0015403133084673781,0.004302646056925763,0.19522726702567963,0.30677528183274133,0.6,118
0.11973359746773371,0.09471215332718416,0.10735906090299643,0.28986238718516255,0.17156435106210316,0.19137108209736356,0.0009111381390662902,0.0009162347983756376,0.0011080869930675788,0.004440879621353755,0.0019518723494587054,0.003968098420973121,0.21456552510279106,0.30748567206975386,0.6,118
0.09780200890251209,0.09428042003577942,0.1794672516102186,0.18502808040567023,0.23005004580190036,0.2784900941841827,0.0004912078777891299,0.0008803656100400608,0.0008850031591412893,0.0009565421190053103,0.0015247009829676972,0.0014188588286270232,0.24334271432105245,0.335589656719101,0.6,117
0.1364020434072673,0.09773533280887908,0.22362974252557,0.2399699303477725,0.23014285610328597,0.34716664500692285,0.0006668159653778011,0.0004795668690323801,0.0007841745594419055,0.002749101664065723,0.0015644034590187594,0.0016185194808502334,0.29773641665294037,0.3719053259655877,0.6,113
0.13389854737814055,0.04697230092204958,0.21506422136863027,0.17124211898373048,0.07831695267677719,0.3339336459427575,0.0007779070188727205,0.0006585741626811581,0.0009247893158952108,0.0022093092655652846,0.0015224550785427615,0.002403158226748303,0.2675085302216149,0.34362124945338396,0.6,118
0.1669781979761184,0.037672525285260425,0.21425541350188423,0.2655782640083396,0.056808428724909585,0.37711086476907335,0.000403487179029939,0.0008219355508582429,0.001350508859123543,0.0012395643410638701,0.0016080043807764621,0.0030272901695962418,0.3013079531169764,0.3805589763760859,0.6,117
0.08235637431247657,0.08763155900043995,0.06276097928121917,0.25364293870580584,0.20066395405982346,0.1075024415180551,0.000956195263008018,0.0008822254331060224,0.0010673547992115083,0.0072992186574545315,0.0013449230951521063,0.007342342436533311,0.1534194760730216,0.254034322405446,0.6,118
0.11261802598335831,0.08316929184408353,0.10166262156087885,0.26559321075311176,0.13025237970882592,0.19783465003424397,0.001195786521124226,0.0005778992253873384,0.0016256181383862496,0.003133232611847614,0.001509586640270899,0.003201651764856539,0.19459247716940173,0.2899179055082245,0.6,104
0.050891305659431486,0.11117888922154245,0.09790712071331266,0.09455404128594878,0.18332521632435128,0.15663660583522046,0.0010893486138647103,0.0003144537893786569,0.001249420183044663,0.0024536641976551365,0.0007488779722448768,0.0025516768266975465,0.16857400699664243,0.19224058421649737,0.6,118
0.19814697759830052,0.0811554453415052,0.03612332463207266,0.24851929290161098,0.1693955739403226,0.0843512924081052,0.0004201713442315992,0.0007403020548848963,0.0010373969405065395,0.0012777628130379373,0.0015923084305423385,0.0028546227930443813,0.22519572414658873,0.26223415784301285,0.6,119
0.050719676649162056,0.07634484182794472,0.11677213493264009,0.15044804395620612,0.15817637953380095,0.24841290002743244,0.0009599986371430695,0.000858199726383752,0.001209167384504971,0.001962129279915459,0.0017767525540073326,0.0021038193119720106,0.1694268245475923,0.24936017117506626,0.6,118
0.10260354189714534,0.08745151799934511,0.0763135952704546,0.22134239533290745,0.14577465430925174,0.13157477818255517,0.0008200572671049264,0.0007996108672536791,0.0008332649871244725,0.002287015867665776,0.0018038535278722678,0.0023267367518793325,0.17417109128583436,0.22593796858340026,0.6,118
0.09337780518260967,0.10205817981309287,0.09244439548086802,0.1736082407209574,0.14962945543264589,0.21419333060808868,0.0012746202660638163,0.0005596503446355279,0.0011894078149169002,0.006081624149031295,0.001302120086273506,0.006125094459872749,0.19236002462842372,0.23538110355281358,0.6,118
0.05590318549573603,0.14007481995589557,0.16026859353542938,0.13268248193741172,0.2316664956857465,0.30979043251857036,0.0008460228842289726,0.00032039983867945403,0.001198991225796752,0.005493067126441709,0.0007782435933421095,0.005712551263247434,0.24271386567440423,0.3225299027119801,0.6,118
0.1027549469928046,0.08644484905844169,0.08487355229073287,0.18634152736484522,0.15454014266056335,0.20664925361635714,0.0006624301746056619,0.0002398388522330537,0.0010773197806469299,0.0016967003693499905,0.0008107628657565424,0.0018894744506953165,0.17736828490031117,0.25271755229124726,0.6,119
0.06702061374062362,0.06224812078542542,0.09360510193056643,0.15162664452939276,0.11760105588940764,0.23448030554739838,0.0036427679489328202,0.00034437371367616523,0.0036934763481655647,0.07632165172911143,0.0007352314231845458,0.07632523076522002,0.15649175165726087,0.2369180730944223,0.6,119
0.09440116855057779,0.09429912501319967,0.0926678091579752,0.17639263654291112,0.2333086603134771,0.2461494709405992,0.0009002858874987778,0.00014030320503893132,0.0011724057285843368,0.0009954738774162752,0.00029796070802612373,0.0012718440388623797,0.18126074782555304,0.3530395982713328,0.6,119
0.08039730693695847,0.07287418673424574,0.11068218575997228,0.12868809365830208,0.13642213722299848,0.22485424452144911,0.0009415017975267712,0.00025282028666157627,0.0009864867406647884,0.00451197709704676,0.0007936834564217232,0.004564781523873407,0.17331168482639225,0.23701905973848092,0.6,118
0.053847280549484525,0.06892141277349763,0.05949761900279845,0.11933628371691764,0.10664127339126434,0.15370075898846725,0.0007779892035443108,0.00017427549151965275,0.0008204113175177834,0.0016909553915425146,0.000808498851360584,0.0016617819308391013,0.12102137970295784,0.17539605672137054,0.6,118
0.04357416708930194,0.05164836651753763,0.09327691981119972,0.08345495825955036,0.11539388649995883,0.15849922299272864,0.000675128522500344,0.0004011442681249514,0.001295675390061942,0.001713007203593797,0.0011658262851893253,0.0022439332342421014,0.12349535974249051,0.17555241071939412,0.6,118
0.08263324888637331,0.05704568972462809,0.1421153776320132,0.14571517712029797,0.11229156989431295,0.2552349051486153,0.0005834338522549582,0.00045605766139674266,0.0008642310727801098,0.0010321608487484646,0.0011526705688850447,0.0012792341062259904,0.18766363451057755,0.2645245443722,0.6,118
0.08506537156947154,0.0578578645553747,0.22053966502863318,0.14367681760618564,0.1089277387213589,0.2723497768350683,0.0014190920739942888,0.0005988731115828562,0.001787268272225308,0.0037120636482763647,0.0015867378658589448,0.0038522768623883152,0.2476086829731309,0.2992965657586339,0.6,118
0.0626097771925324,0.15361563861210575,0.11467117118978691,0.1459718996707495,0.2835431011702732,0.19657792012470235,0.0024750289804955313,0.001272471161941292,0.0026266382060130596,0.052703032868661404,0.0019904141434401446,0.05270623856032842,0.2268916201340131,0.301258889652464,0.6,108
0.12039856655529703,0.12789658839979337,0.21539817335148467,0.1544078628838744,0.27948711508671154,0.378866356465773,0.0014173223149931292,0.0005588928311449178,0.0017712073360094942,0.003354900412671613,0.0016382412777664612,0.00421364570309235,0.30852036733818927,0.39727313683745547,0.6,118
0.11105738768965256,0.10627587159445674,0.16869212586164353,0.21307611445660038,0.2901581579098905,0.2558893896008996,0.0010892496074481168,0.0006937536858205067,0.0010889307209517925,0.0035401104945019246,0.0010827815017002695,0.003657784414114129,0.25125656056413137,0.3669874498201872,0.6,112
0.053083969829541174,0.08148567989784042,0.08787967858958333,0.09056735828697829,0.12210825897833727,0.11266060802120943,0.0015766691079681706,0.0005701666196822127,0.0017002007751454563,0.01097733116215771,0.0013247098006305968,0.010984412848076941,0.13552744307314887,0.18511422309558997,0.6,118
0.10163577641841706,0.12389995118542939,0.08269525182062903,0.23880213151561128,0.2377580011361043,0.2536162356791395,0.0019531837051766834,0.0009319568065092122,0.0017448849281591248,0.019429122532022336,0.00185280490471329,0.019460136900768532,0.1951768866706854,0.34383255205713875,0.6,118
0.06472262062424156,0.11134453110540579,0.15360296781684088,0.12639067436884394,0.17862297511599995,0.27081163024840194,0.0016775304777170636,0.0005858601332878106,0.0022315560363878736,0.0056375264092718425,0.001512424550935032,0.006086694283031546,0.22304512107650898,0.2742547710613361,0.6,118
0.1098428100053695,0.07553858468866748,0.13986605912464134,0.19696990816323942,0.16753821767825897,0.36330080893976663,0.0015475415213037158,0.00015804945750000376,0.001876004493008502,0.014675867989236924,0.0007969473213982337,0.014695305141114723,0.22595475882052962,0.3829834666042869,0.6,118
0.11268219486106862,0.08856824843691657,0.15074200650106903,0.2890186598364645,0.20831099875464706,0.3735342159936845,0.0008963225259870591,0.000534855507941968,0.0011159643422684058,0.0024114576641619534,0.001432713997087054,0.00252810280736937,0.24190243466898917,0.37997753170221277,0.6,118
0.04440995885412562,0.030206510427924164,0.09693736173695265,0.09607545891736538,0.05884387377204522,0.1232271561007462,0.0012512529586782195,0.0008504900848867428,0.0014288813167803787,0.0024714309784377164,0.002080450112202259,0.0022080341811110404,0.11487193495701165,0.16342553582951772,0.6,99
0.0805058920620599,0.07300284524480273,0.06435859459267464,0.23486918543681515,0.1705762741735625,0.08697975864243329,0.001974367547659077,0.0008423522258219363,0.0026796779640338255,0.009762712416369224,0.002080451709014275,0.008948451495204068,0.14344527848446126,0.2504657350760311,0.6,118
0.10117212492687931,0.10453810453026106,0.26781536294204134,0.2539210529879104,0.2546202908039088,0.3329939559026897,0.0007617589284815416,0.000394338515155885,0.0009567833821113735,0.0034156976363832747,0.0013757907317661355,0.0034462514935913457,0.32752278329975293,0.365699537908207,0.6,118
0.0741217944583065,0.04826169722198618,0.2564108495792409,0.24431899325473333,0.12013255609652321,0.3347136233801761,0.0008060365319951349,0.0008431118620534207,0.0013276164799514256,0.0024213434203281814,0.0015829897795550663,0.002544744762289053,0.283449326422636,0.3715265788145971,0.6,118
0.13790377949946497,0.13244495226484465,0.27042529190642484,0.27586017143055724,0.290062959134062,0.38939640116057994,0.0009531661875597375,0.0006514082673084551,0.0012163054650863173,0.004597152671065696,0.001605590807853302,0.004649018682604034,0.3621846027789607,0.40151056231328186,0.6,119
0.17131977361586342,0.12470605785342213,0.03425873864825031,0.2834490021107518,0.18095659663603147,0.06360508149781455,0.001336692992802965,0.0006243034799011374,0.001663318742971223,0.004580412440258863,0.0018906372149829487,0.005728796765859245,0.2231341214386957,0.29342744994741576,0.6,117
0.13304084845981134,0.18890295354945671,0.05877894616406347,0.18967845016063323,0.30665660880172874,0.12627219204633605,0.0002880398701915587,0.0001238548961990317,0.0008604225403576917,0.0005047896577435344,0.00022795293806013306,0.0009487307445268378,0.2629318091482204,0.32012836047137666,0.6,66
0.06519248324924878,0.08666524284790979,0.12013343866628912,0.14976641099267263,0.18996063266436422,0.29312638970105653,0.001336404416430809,0.000780429136704053,0.0014775656313303137,0.003104888490211788,0.00163456571945364,0.0033276489355877903,0.18802229206942583,0.3006078122177999,0.6,118
0.19537380787041658,0.041828131953047555,0.19101914582831817,0.3055914138998793,0.07640630647710181,0.3058801475342261,0.0004890723028282487,0.0003237064807293979,0.0008807052980661956,0.0009461086981947808,0.0008709961670455568,0.0011627530104934003,0.30277619463845834,0.34005584453169396,0.6,114
0.13545833273633454,0.10548202938212346,0.13140584778562509,0.281623397232794,0.25774566072334704,0.21674931888224355,0.0010309422914242152,0.0003616254411814929,0.001191671520280905,0.003357059058351042,0.0011246322781814366,0.003143227387597758,0.2534377295841234,0.28836130966897167,0.6,118
0.13188560877016572,0.1433130822045137,0.13789465214248897,0.2258471526926375,0.19243199898608823,0.27883070830840334,0.0005624548446553592,0.0003598514177077065,0.0009230101807233877,0.0018328120344623389,0.0009171073575324762,0.001998110438484524,0.2589339545244822,0.37092384046378885,0.6,118
0.07824186088970286,0.05651312268600279,0.10746436679830733,0.132677726920423,0.15190511154303515,0.29753323914515456,0.001390866570085466,0.0004907059631201327,0.001168874993224178,0.005462157637499576,0.0010613957158249754,0.005601272163090032,0.16202947201656906,0.3140841317907809,0.6,118
0.11900061533016991,0.060274465200126456,0.20578759833656368,0.2598175812486875,0.11822138879404016,0.28915787441877805,0.0009203276096865247,0.00030903078917458355,0.0008840830783816178,0.0015513407514902156,0.0008950474523096164,0.0015045356796723475,0.25658664083804744,0.33075246767918326,0.6,118
0.05913025675100246,0.05557738628653432,0.23751082839553897,0.09742212832267412,0.09093368644520336,0.3406775994848026,0.0009041959061450398,0.00032778883809591003,0.0006020995646108881,0.0014777571835286052,0.0007333120295195394,0.001184765031388535,0.2567892037853373,0.3530035852735566,0.6,118
0.13256529954547933,0.11876026770553925,0.2099520907388694,0.3000733790141705,0.26320698749716065,0.3527503751434511,0.0009339201415971369,8.97602553577621e-05,0.0013097014553875592,0.004336841201376007,0.000301363847337921,0.00440070743565335,0.31336853972778644,0.35895810853802296,0.6,119
0.09319758348656519,0.07655034098879362,0.04803211719466841,0.17938711222803896,0.19443175598223097,0.11129297052731364,0.002000786245633771,0.00018196304620930433,0.002388963692387281,0.021834069557450153,0.002170052776703013,0.021739009841187373,0.1455552877957884,0.22499064796197096,0.6,117
0.05840889178025334,0.07883648495354571,0.2968024613687183,0.15103394639227852,0.12309236461408671,0.3586269287993134,0.0014171145845939324,0.0006226419787045921,0.0013091310731963115,0.004719722552485761,0.001796019144558958,0.004879439737501379,0.31949061204429424,0.37131916385529007,0.6,118
0.05533800746016072,0.09260805435641561,0.22901334331524595,0.13222277829304208,0.16064753262885456,0.35559329026213365,0.00046214669472136087,0.000579480049411719,0.0011847259230530153,0.0008270521620379334,0.0010141179268545186,0.002457349945142795,0.25526455044964974,0.40405722064644206,0.6,118
0.0837995301906891,0.04794856478661158,0.1845205696047018,0.23488379819381558,0.1361863275222342,0.28355275333578034,0.0013084091678261288,0.0007971686955585599,0.0013819590301335288,0.007634317763226206,0.00215297925957314,0.0069620578064535366,0.22814888674153033,0.3002764563953139,0.6,118
0.09494587817180296,0.05924436637176656,0.13468067873571443,0.1962885336057697,0.13491148425224714,0.28682265589557293,0.0007407476991262476,0.0005035608338886319,0.0010436824740209041,0.0031001964832411133,0.0010768206193785268,0.0032006211780524207,0.19452041100321663,0.2929925863236113,0.6,118
0.11309729622979628,0.07196158269676965,0.08161295911335632,0.17125336643049222,0.21855453797553143,0.15582189808708857,0.000745412595134162,0.0003745260895114696,0.0008593413857506134,0.001461230200166419,0.0007953651262004868,0.0015314796901182426,0.1811525800519487,0.23642048120373385,0.6,118
0.12517522916608748,0.06088104585332846,0.1422613565021741,0.22132575405907048,0.1307218556468888,0.27248123484285725,0.0006465530172579529,0.0002786605189570737,0.0009619507641329514,0.0011864542804107536,0.0010550194077498798,0.0014206757782306845,0.22817269201841847,0.2793411021484265,0.6,118
0.12606766214932838,0.14083435613432277,0.15807579351703632,0.2799934195101135,0.2551193223025232,0.28362235861274854,0.0014526860557101254,0.00014159504252826195,0.0012036166652990988,0.002607225219660947,0.00030219056804114963,0.002358434038304047,0.28985467020044564,0.3155970093129447,0.6,118
0.06242734983924164,0.050673591541875056,0.03099970720595919,0.16473526786499565,0.08802204198880004,0.049882844393147725,0.0008238406720625595,0.0006158899646026006,0.0006554532362342441,0.0013160489640030582,0.0009835465800155374,0.0013158377273544478,0.0969509496091313,0.17584355155790884,0.6,119
0.08523492388478347,0.10322816077816521,0.11200065072085971,0.20993106488939464,0.2132340708837383,0.26713759995904407,0.0012467197062112887,0.0007722885195447084,0.0012142536389535157,0.00624276827313075,0.0011889649890246545,0.006274780718456441,0.20135768637305165,0.2822777919328015,0.6,118
0.10670036299670059,0.10544047534331849,0.1957730976148317,0.29862117467242105,0.27497471003559537,0.3383940479076017,0.0013617939547232723,0.0004038126157721583,0.0015750580640168908,0.0318894959888682,0.0011801350880180639,0.03189777500683899,0.289820706571841,0.3473933905801366,0.6,118
0.02179288081524582,0.11349568836722437,0.12778295691360492,0.07303582148534811,0.1944371553341166,0.2947817606624229,0.006056380381485996,0.0007449142936776353,0.0060835578945230475,0.04440431862513794,0.0017714995632707176,0.04440737577517062,0.1896129993859556,0.29519033818855017,0.6,119
0.09471675824729087,0.07239105124802031,0.19554602168480306,0.18788149607797458,0.12901366873345865,0.28704007875880866,0.0015401527311483607,0.0008511098714566348,0.0019706322476436026,0.010179076186263902,0.001562344507562985,0.01020294315705339,0.2520406053660283,0.2885930520881583,0.6,83
0.10522645736662975,0.097304536409242,0.1490715979099807,0.20626217035898717,0.188341476773441,0.2872005385211054,0.0012264293411216175,0.0005672482706919278,0.0014804279261486338,0.004469298486723949,0.0013637131973338046,0.00453377817014422,0.24369337178450876,0.2887554226174679,0.6,117
0.17110819575644345,0.0653369318363182,0.18064592725214415,0.28850597403027767,0.11579702849595563,0.35349850128036286,0.0007389206497736085,0.00025433260114682597,0.0007428642582086563,0.001796014399472634,0.0007946137071595527,0.0014373019765363537,0.28384852541030337,0.3677995126393556,0.6,118
0.11963895976317107,0.09454892684725416,0.17603981602081548,0.2637007622535481,0.2083144954674637,0.32798926822622476,0.0007665774319860753,0.0005290944341471264,0.0011544615281890264,0.00206602212534035,0.001155095501473108,0.0021916712726265247,0.26357232505741873,0.34510653840694105,0.6,86
0.09124281549937498,0.08684271462233917,0.06476486103257145,0.1665596837265438,0.18253365114810302,0.23378649142807123,0.0012888996685424497,0.0006112533800277747,0.0015743097176693023,0.004269966319703555,0.0017334393454995212,0.005223377231815984,0.15644217924341153,0.28772370767746963,0.6,118
0.028819856219464392,0.05832104508637352,0.1498275689328683,0.11348305492703806,0.11757342197465012,0.29741649128430453,0.0016379920669061497,0.0004266780213483305,0.001936784593651564,0.02146103065203797,0.0008908441868826777,0.021476323802476216,0.16961980669718324,0.3117135677421547,0.6,118
0.07593503845184509,0.03534203707109808,0.17824198479073552,0.11366690421836813,0.04422990113137781,0.20863089838970555,0.0005474111654794343,0.0006061719822727383,0.0005410014842599247,0.0009019184569951655,0.0009393506832678922,0.0007990521861895861,0.19718012090808054,0.2413080979312364,0.6,119
0.09745693612741851,0.09157834972052754,0.14522958103214278,0.1726904808279547,0.16736328708347642,0.2371868608132161,0.00041758858654205905,5.804472375058603e-05,0.0008061637715267916,0.0005016235604589081,0.00010179668145993137,0.000894201240902337,0.21384842659799247,0.2574526518515158,0.6,118
0.0508938415960772,0.0651936192705487,0.24790373855706288,0.09671155674029971,0.18045398450204722,0.39235484660991565,0.0010352347486134472,0.0006294188977650574,0.0013727453626095185,0.001793138735889599,0.0015575253387057342,0.0022103615520228104,0.2791879654699712,0.3963712865971238,0.6,118
0.06144289278290187,0.08733887305789718,0.04354224881479063,0.1484653688903944,0.17439107452507718,0.11830556593949446,0.0015315882390122505,0.0006379266205594315,0.0013979827409219972,0.004194522553476077,0.002020920162250306,0.0035276869468956473,0.12648570392060118,0.24220827648312293,0.6,119
0.07619754012318672,0.13880381444533246,0.2641137529785166,0.13938288939821764,0.27863891919117667,0.3611943174666763,0.0007091355103739104,0.0008429219844438479,0.0007757789370863222,0.0018949852045668791,0.0016610265457059903,0.0015140596671527895,0.333857546037777,0.3639164695728582,0.6,119
0.11699534744198456,0.11755997880463058,0.12486931212156725,0.2250830689156008,0.21620995474204951,0.30464791943818526,0.0009347865378983353,0.0003266090846290323,0.0011445203441159085,0.008193287072008726,0.0009410404700239128,0.00821398073227253,0.23285899856259704,0.34316090478128797,0.6,118
0.1552969015910547,0.10068421166492754,0.21903429566162932,0.31354492915516485,0.24918362796483567,0.4194871624219478,0.0006497100572964691,0.0004716773251998744,0.000750177702443647,0.0016413913526522883,0.0010087221513339073,0.0016204100890307438,0.3261153637143319,0.4222988229258318,0.6,118
0.14195554602197338,0.12759327740730306,0.2116951500670619,0.2094234965420725,0.2558663009083314,0.36698258772810666,0.0007097978301007846,0.0001651821098394761,0.0012383062807909035,0.0010996638779287027,0.00039569408008015283,0.0017738133808606893,0.3175729465525694,0.38337508750708404,0.6,118
0.13458385314556062,0.10623939326878273,0.15833938425919167,0.28891882854037765,0.22712360231121925,0.2982441734573599,0.005020826499532978,0.0009261410535874152,0.005392849740377571,0.09469845477946226,0.0020166003185417836,0.09449135439687767,0.2743968710046663,0.31768159635815013,0.6,119
0.04131220247528576,0.09051834577383043,0.07455460484323208,0.07779820901192985,0.1400336963406139,0.10066066032851226,0.0014107159843723051,0.0004843168425218767,0.0015009264210946581,0.004041830354372111,0.0010474201378642967,0.003406168302099055,0.131068326623722,0.1578174332440548,0.6,118
0.07466894873829467,0.13160967925555153,0.10273061687998794,0.1474238160224985,0.23890880605470843,0.17472441704873676,0.0013684475418476523,0.00038008285507056623,0.0010074227284320991,0.004184815974538569,0.0006466387550301822,0.005091311535051268,0.20037602366146245,0.2768009152460907,0.6,119
0.08925050603512405,0.0806374139470851,0.09708470493777939,0.14496604160564294,0.15583866339040126,0.17500967834180703,0.0009234911077825468,0.0007511930222099881,0.0006981073958267034,0.003128686723524954,0.0018276839171964543,0.002181934815437714,0.16537429695823885,0.2372242210352288,0.6,118
0.05156122662025359,0.09746391783077005,0.11811905344781444,0.13680310139630453,0.1525569106967244,0.21671562808179196,0.00041350258704219323,0.0003485009438486188,0.0008492544313570338,0.000994416015768218,0.0008751817295747921,0.0012739569156681174,0.17679169800454966,0.2506852101574667,0.6,118
0.12074753928691564,0.12523567711826603,0.08128432822685945,0.20450217266758774,0.2164629824675511,0.1471888274007713,0.0018015439358126323,0.00026780684638232777,0.001598519890473073,0.0447580705786248,0.0007298621589162391,0.04486914391727859,0.2147401431769905,0.23638393657618453,0.6,105
0.10574063605023006,0.10079321007362864,0.1454048313991112,0.21367915002373133,0.1680954814706689,0.2758921483477273,0.001414385516169831,0.0006823651629889564,0.0016019820306513272,0.0273375687820665,0.001782432677713941,0.02580266452569746,0.22893479904938777,0.2933726444228921,0.6,119
0.13621766142465833,0.09704776577445673,0.18070275055235083,0.2798103329358069,0.226139641641574,0.3908438521105277,0.0002544276055453364,0.00015315562676887745,0.000860635834917069,0.0019738873893366815,0.00043854862997538824,0.0014203952560580824,0.28621298020598734,0.402704982201308,0.6,118
0.06588307908780892,0.06933565386215007,0.3561409911995187,0.12381786185112903,0.11137271435559051,0.41101970772996255,0.0008349633689837075,0.00026218459552275106,0.0008263309153235254,0.0017691182132875127,0.0008079930110349576,0.001844009968662741,0.3710453152197135,0.42375448966374624,0.6,118
0.06259514344106042,0.10195579600641491,0.26977844447561466,0.1464439855466213,0.2084033285199136,0.35811002905357064,0.0016814192277475114,0.0007771971027797793,0.001642683585972779,0.024388185185087397,0.0019784728742491264,0.024381860400782607,0.3144062691554267,0.37932270696892983,0.6,119
0.08878467440823097,0.1437257766775967,0.12257986091515112,0.19176467410453735,0.2912859908099633,0.18660181235581783,0.0012248493089659918,0.0008113940835537213,0.0012750883045814835,0.0018332866394970004,0.001861589724767354,0.002789746623591771,0.23876559270379338,0.30264183697721586,0.6,118
0.09248989032730377,0.15289811589278768,0.15740958228021495,0.20375711347437014,0.22770951562646993,0.3136030581200927,0.002289996387314868,0.0004471308711995323,0.002563228618200601,0.0033386612534860305,0.0008620870655478008,0.0035452460970426536,0.2639294511220437,0.3807493335825199,0.6,119
0.11258593955489862,0.1273257457150802,0.20750479686041923,0.29051156633660846,0.2901060608437866,0.33900408434478213,0.0008224017101580378,0.00048648182056104075,0.00108233006859611,0.0036541732589321363,0.0013799155369767571,0.0037253025038033183,0.31739393270479477,0.3466772255983311,0.6,118
0.0565334763179699,0.0625628335632848,0.24986988958244769,0.13962606423232177,0.1580394029666738,0.338953663377638,0.001277775208259656,0.0013226147747739244,0.0013004310588994343,0.020737165791100742,0.0015401384103769233,0.020748338298315877,0.27914900172994916,0.3490859312753195,0.6,119
0.0850745162858442,0.07613270979048699,0.07828804434177018,0.1669195127306711,0.17568441283758046,0.15201255316620854,0.004655100884593488,0.0007082721480430811,0.0047358359148030145,0.06368447134410826,0.0022928839447176053,0.06392608977066438,0.15420936037435704,0.2305518368879654,0.6,116
0.055657127057256936,0.051974738507277005,0.10369996046333306,0.12161582803521093,0.20861912308221703,0.17476707364882033,0.001304041124126242,0.00023713109154606686,0.0013120540869403098,0.0028092614704049446,0.0005063322579359486,0.0029029555552537722,0.14219428756067165,0.21459616228208345,0.6,118
0.08339381306613321,0.0834719039778703,0.3654888559916713,0.22930238032802897,0.20039167303224775,0.40809014546847644,0.001965125410235169,0.0004495368093309148,0.0021694570561614653,0.011129899229814555,0.0008039986019368062,0.011148989272885323,0.3959655426677257,0.41179738322833753,0.6,118
0.11907231122499731,0.10224769397407733,0.2174586901694647,0.25417134927938395,0.2735478543388754,0.37729636697778424,0.0012456234178972007,0.0005738356612249833,0.001512205361002999,0.011991871896423145,0.0020843037637212625,0.011874169961303416,0.29808080206402254,0.39587787988798867,0.6,118
0.11435541109960007,0.12575624025618456,0.15838412125245083,0.2473772335398358,0.30706343426934474,0.22385827717628667,0.0017712551619886146,0.0007147285931483728,0.0019740312756576814,0.005335681326751995,0.0021356654718240886,0.004761169287035738,0.26716553070277943,0.3160505758481248,0.6,118
0.03528153043754568,0.09208241259362189,0.09818593357275007,0.10184362104067209,0.1660955983690202,0.18642559486351654,0.003402520552903845,0.00016683875996402936,0.0034344359735524127,0.06507143963294909,0.0015983864155437733,0.06589027320886598,0.1676239644906056,0.18823095956829886,0.6,119
0.109445567470507,0.07674339310890173,0.14454193327473258,0.33451940812895936,0.19957762874867344,0.3913311344419342,0.001574958661576683,0.0005809210298097178,0.001222951340553504,0.012016534903954046,0.0015164081543246333,0.012036557799232295,0.22952445121914486,0.40383385971385166,0.6,119
0.06890982828232647,0.02927658798964256,0.0760512357592937,0.1130437051025425,0.0660756640775654,0.17227081024454882,0.0008069902970576947,0.0008040810122303124,0.0009873746442009032,0.001835356967645252,0.001725229325522326,0.0033461413040147825,0.12077538350186326,0.17587798044130262,0.6,118
0.10803317381382421,0.062483156343580135,0.11853556834147762,0.15604565466899237,0.08835131809620977,0.15655436588671576,0.0019167057120262798,0.0007908769808403997,0.0013517593901269638,0.005525127471290858,0.0017849000768475065,0.005633925587155586,0.17831848751753307,0.2062353107047725,0.6,72
0.12726285056463202,0.054558930112875,0.1360243241923872,0.18973130032231433,0.09362369109510293,0.25969912446865406,0.00168455220622693,0.00037949310952139234,0.001817954927513583,0.009741660158664622,0.000799841360932696,0.009001653561127254,0.2109048116783425,0.2742724410727229,0.6,118
0.11562327063401454,0.06530630996739652,0.0827558246873666,0.21046542192055656,0.10852107253595761,0.19420589208248143,0.0004816766903109164,4.907183122828407e-05,0.0009707131582494093,0.0012933490643467493,0.00012179278621216039,0.0013344511261479397,0.16646976844494227,0.2585394484690811,0.6,118
0.13080156869424311,0.14402558249922473,0.14982963937751695,0.22797642734961848,0.3157053037295664,0.3293658681471463,0.0008211087267755591,0.00026063751843787453,0.0007737419444371085,0.001244222320786581,0.0007582637138867643,0.0013175163418526203,0.2735435956250724,0.3989528646110068,0.6,88
0.10280858805115703,0.16218020656023735,0.17363748311539154,0.19238646061729803,0.32348651817009866,0.33823145211690686,0.0023021765451087524,0.0006381706873402681,0.002466706123746094,0.06464248957493722,0.0015373254370540934,0.06464446394314072,0.29055566253355647,0.399125777327458,0.6,118
0.09349929252116332,0.1727879139580563,0.2228512672897574,0.20111739953680471,0.34046242124397397,0.3915838895817552,0.0010557838197239732,0.0007449997290573347,0.0007636032508507254,0.011374668806384047,0.0013443051779910425,0.011632432766798928,0.33981533213067844,0.40138299845318287,0.6,119
0.0887446853310049,0.0839446992585613,0.11147947522923111,0.14913859114502892,0.2661089699025657,0.16135219408018414,0.0005212132698729884,0.0006043569071146007,0.0006584181293860005,0.003909232961984754,0.0011066395727014067,0.004032725408093629,0.1848521220954947,0.2764123593553497,0.6,118
0.13889106660636302,0.18814857897002424,0.209887950266777,0.2610805783497038,0.32663797198050004,0.41180440854759703,0.0011109475261189049,0.0002963645373645675,0.0012870352862499514,0.008060122430478822,0.0008092304897953095,0.008087175111428646,0.365127656711204,0.42360789339967514,0.7,118
0.11419455178503513,0.1281934477276509,0.16951490592884635,0.2910631928619293,0.25772576894989013,0.39242805154500376,0.0007795968457878391,0.000618809121442348,0.0012032051346756482,0.0022516855813430325,0.0012887391083628574,0.0023731381393048423,0.2785300652418067,0.39777975783660274,0.7,118
0.10690220846424392,0.0966840923926846,0.14398553805402065,0.20708043101637166,0.2902140110119289,0.3777167461491216,0.000988018667257998,0.0005944149472572189,0.0013439412883471855,0.0039042225523640006,0.0014086494196680066,0.0039830795441755384,0.23638191946717912,0.3865231776048791,0.7,118
0.05891694674609602,0.07825863907048357,0.045352258250108496,0.09006470748140492,0.19538915288529465,0.08560307271004286,0.0008978598817661862,0.0008825048026496488,0.0009570174477856189,0.003506742184479883,0.0016160556987676045,0.003596096463094667,0.12689079154975053,0.2099053474126577,0.7,88
0.05770013108300262,0.13410893568785295,0.14583143955230704,0.11564000748954938,0.2639457990004349,0.3150451892780711,0.0011386882150601512,0.0008254286629941155,0.0012621701920635547,0.002565407032262934,0.0015899036317184034,0.0027259153163936567,0.23106661619548882,0.318686410676951,0.7,118
0.07683870102035764,0.06778868217165293,0.09294806976390917,0.17283795123112813,0.16485655340774158,0.1719865323257649,0.0009520497657021673,0.0006453140964326413,0.0009977772591424306,0.0018721073586711046,0.0012022850621001835,0.0020575156015016915,0.15602928573920855,0.20477754436661655,0.7,119
0.035431125047866226,0.021103344847744936,0.05808888598068021,0.07260827314408204,0.0444643000828197,0.12666008307662713,0.0037382174984427275,0.0009408829657517983,0.004435260006296508,0.01875345882244317,0.002311179254572915,0.01860313603902286,0.07926005074901876,0.12763859373618858,0.7,118
0.044660229937537765,0.06792943542540957,0.08566662979442106,0.08613145229967312,0.11444728986723926,0.18622838494415453,0.001425201047354488,0.0005447608839722702,0.0014849630198563717,0.005291022410595758,0.0014894604393425048,0.0053190784783407885,0.1284778780924324,0.19347329875194721,0.7,102
0.029069144970953614,0.053914672232999485,0.07031190236945994,0.0662513110373755,0.10904137557970654,0.1311834459882431,0.0014461297152206626,0.0006805945281105061,0.001679638929199262,0.014896442795796605,0.0017228935735378315,0.014906791062667346,0.09760244960590363,0.170738951101816,0.7,107
0.038482066900650584,0.057551581154591025,0.09915556486761151,0.08823254539365218,0.10339148105082108,0.15944082287360067,0.0031915316349504304,0.0010010858198268712,0.0031047197416476293,0.05153088295546482,0.0018015874595318504,0.05154224446867506,0.12754529905136094,0.18461853790496494,0.7,117
0.08777730058018439,0.09408465393044517,0.18809101835324937,0.13737466168642226,0.2481306001204231,0.2831341924795192,0.0008700456759783192,0.0005163319695937969,0.0009407517428632695,0.0017562400716872872,0.0012086513846617242,0.001884730415465885,0.2490644524747949,0.29672437221916276,0.7,118
0.0814882704862846,0.09253138921662016,0.12849777797037748,0.2773708214038857,0.1939893081852547,0.16793277728227288,0.000871545356866158,0.0002765698877486956,0.0008862805756116827,0.00186774490901076,0.0008439369800801733,0.0013922152328214032,0.1946677510071423,0.2883789300299009,0.7,118
0.07572203997935166,0.17207718111867182,0.15997963229154522,0.1653563641733232,0.30649518252888386,0.40333792048732087,0.001318110221943973,0.00043956869628379954,0.0013326687967409017,0.00556981335087392,0.0010909665780826083,0.005598662714820346,0.27677113085375893,0.4199589309321109,0.7,118
0.05043251720086953,0.0795901177717885,0.087160441906822,0.10123344441478331,0.15470796179989,0.19510853407212142,0.0013905111641871106,0.0004935494946043586,0.0015582358765230807,0.0023472918523216035,0.001398627973537514,0.002389757955133298,0.14008217341587895,0.25506401000406,0.7,119
0.06858064252260389,0.06437289549760011,0.1675503094825158,0.20143438532314004,0.14501990351561717,0.2754867151700755,0.0013517173302214803,0.000848418048561476,0.001582967425839974,0.006010040579232712,0.001984299029155867,0.005298800121481428,0.2098943168959276,0.29926430007083354,0.7,118
0.08060354236001094,0.06762357419406341,0.23968767550975645,0.1936895255319337,0.14990245434405428,0.2702782287896143,0.0015696270254587528,0.00103492817228658,0.0020767604475875746,0.068911771012377,0.0017091039699650423,0.06891628174144326,0.27125186236990656,0.32790422111373557,0.7,118
0.1297129973768356,0.0687340989590871,0.30641553040275205,0.20483375277205365,0.09710443538836197,0.3689739077027082,0.0005707848954399325,0.0005368309356724862,0.0005739283614223811,0.0011079215697109568,0.0012915032826400566,0.0009263734755271535,0.34520961504926795,0.4124858564588135,0.7,118
0.07542936650914238,0.16375704589191956,0.19174636355692548,0.17904081237583824,0.28352819015491737,0.3131757402900538,0.0028631689141416527,0.00023557618830763138,0.002446701632282288,0.015011895669077902,0.0021359212876113087,0.015739778717932307,0.29869459998110653,0.338645607297019,0.7,118
0.14896133638712936,0.13263045720711644,0.12694704057756212,0.3249788709019936,0.3183400089448486,0.1899093771190759,0.0007513600821799013,0.000285009844850079,0.0006418454833404496,0.0013092093450781661,0.0008089300256202137,0.0014303539022026968,0.27191510850397055,0.34863413328933057,0.7,118
0.18120610862565859,0.19833731778666708,0.15958861090725818,0.3354745285532861,0.3221157751440915,0.28480857477392324,0.0022998329605323714,0.0001735131401621658,0.002624782937076203,0.04085925414394653,0.0007702104806399657,0.040865594553033624,0.3553869997162801,0.3793026923368504,0.7,119
0.02426058278486733,0.07069235272376405,0.03477759310596319,0.06363731322485458,0.09894834179060466,0.055072407079375295,0.0008272752188320609,0.00014379704440746247,0.0014020901998367252,0.00222121099075423,0.0006185568952654652,0.0029293282268560983,0.0846531686978121,0.11986111490495241,0.7,118
0.0324352944496237,0.05128978975516389,0.033312672797268905,0.05112044822765664,0.10133547164932498,0.05762320657654056,0.002357171192134025,0.0007362482742230124,0.002007602607919716,0.004827224729377577,0.0019459240884145412,0.005559558386512675,0.07224755881867553,0.12728948101689447,0.7,118
0.13443050258896058,0.1128013480301137,0.19492842413008096,0.2374015703572949,0.24373748476077006,0.35691761081784346,0.0006619836328944026,0.0004497631177660079,0.0007807878334786457,0.0017682658603832557,0.0010479313804692136,0.0017709827491549923,0.305425855655338,0.3620552294399285,0.7,118
0.11750908953358553,0.07188162293897021,0.16375765024517547,0.21624205863794324,0.16787595518352605,0.3112267866464935,0.0010681751832615845,0.0009713659961957299,0.0017416697107584843,0.007027419084431719,0.002088417019883604,0.007738890395489806,0.23874758711821942,0.3125342363371875,0.7,118
0.08568659173893779,0.15932693132339046,0.20628381237358576,0.25773227815529576,0.20895330152995759,0.3976494510017766,0.0012060747519625303,0.0004928826725290144,0.0012202411428850065,0.022109748441468624,0.0014659356336825802,0.02086041305698405,0.30229015732610265,0.4205937713567444,0.7,118
0.04064556198556084,0.047936407567331196,0.05763484653666187,0.09467013572824713,0.11113294734421657,0.09250962748563085,0.00287047430451508,0.0009109003606004947,0.00322017443909276,0.13326507339593285,0.0015704281863752126,0.13326584022650212,0.09780112847857474,0.15637438363479897,0.7,119
0.044572043386800035,0.21692212658251206,0.08848785554957915,0.0991390893677119,0.27444497620415054,0.12012601014926093,0.004598481887653423,0.00014397718477628354,0.004050204969009853,0.06880064075736048,0.001292291995160566,0.06861324926862888,0.24046737262117476,0.30004211684669724,0.7,118
0.12965463871127755,0.09006453920497744,0.17654481994443524,0.21007262141775998,0.1768393699058332,0.3830623472084565,0.0024210428309745114,0.0008089956217690372,0.0020438904411193286,0.025290708180738752,0.001946469918313154,0.02427209046641443,0.2684867454971695,0.38348123971059767,0.7,118
0.1255757337039611,0.13531876368715573,0.19679480449598727,0.263061531723745,0.3211360178537004,0.35638350653364603,0.000828648238306751,0.0005251296709839527,0.0012421514295948646,0.006016602908712532,0.0012737058306137028,0.006059455688284254,0.30529303009557573,0.3827501892522479,0.7,118
0.13231334585984195,0.06866736824160984,0.14984746840180901,0.3258260740791463,0.20686958022167054,0.3269585936019178,0.0007655368737234574,0.0009428403875029641,0.0012994720535111325,0.004556165445792293,0.0017324748923230882,0.003966295826406618,0.2423323580330783,0.378015138268822,0.7,119
0.04919382406855609,0.04136998942294982,0.2231723191070574,0.0762577179658428,0.09026048847871157,0.3247298433850311,0.0020168035828326703,0.0006622463837345204,0.002433407026663714,0.01587257227954053,0.0020292499157921196,0.014969942027818872,0.23968392316287146,0.32944189678657604,0.7,104
0.02908126836890624,0.04660129571811752,0.3592161310326098,0.17813966238814932,0.12345970253792717,0.4175045383898263,0.0009315338346695952,0.0006123583924922627,0.0015818389492138522,0.003313307382582509,0.001447132859797362,0.003404094076927322,0.3665941851935808,0.4406262907072276,0.7,118
0.09644776161205768,0.08784847037071951,0.2505494741107635,0.18188434387286478,0.1542246887849701,0.2639614040405006,0.0008653606963573674,0.0003619522261208669,0.0005853013811616422,0.0015529403853065116,0.0007570876479987554,0.001620830213620028,0.2897326747421688,0.31920808271001094,0.7,118
0.06444014203067157,0.06438531208813662,0.2785299372282294,0.11891948349518708,0.1006179541622096,0.4018435231031156,0.0018062421585209364,0.0002730860419569229,0.0016694860893190955,0.025257082066560965,0.0007334364162533413,0.02526930086390644,0.2966006146706757,0.41545881029527054,0.7,117
0.05677542708271828,0.03482445033869229,0.35888400647016394,0.10096510918775896,0.09033197738829922,0.4123352902485385,0.0019876328928777978,0.0011413478220351572,0.0026245841792765057,0.01350515618363124,0.002015650011172543,0.014546639010789564,0.36747406089631834,0.4155728095660665,0.7,118
0.11357219755442768,0.10839877574618129,0.16195806243691727,0.3074124955066898,0.24511082783815774,0.259066830586665,0.0036496320348174374,0.0009676971551447305,0.0040247888756311835,0.02818183359507609,0.002335150917637918,0.02801111115015198,0.2671544389875598,0.32625407183838534,0.7,118
0.18357472608064096,0.1352928546652413,0.1032179247738484,0.29352532807049836,0.21225761728578904,0.182709646583155,0.0009073551422779749,0.0005054186400403901,0.0015342175736784347,0.0024817415471241056,0.0011869451570619138,0.0027783500554545704,0.276433332444151,0.31707398286684435,0.7,118
0.047821548470894884,0.04775982260434662,0.1098210338082162,0.08319989556081334,0.09692959869072346,0.17554117846780803,0.0009111247752618911,0.0006188261614046513,0.0009907139502441905,0.001471296794222976,0.0016258993667835897,0.0020684393245318233,0.1352223246497054,0.17963884691816587,0.7,118
0.15035555106693108,0.10872943082549576,0.14993380354123362,0.22546398811176954,0.24901159145350446,0.40763297581684454,0.0009415874896051591,0.0009029613259197014,0.0010615813889021505,0.012614801500047637,0.0016172348315273144,0.011286707331322976,0.269791426021001,0.4367855303640358,0.7,118
0.1442312260636192,0.11170922647557818,0.21178361101735693,0.25347870294971997,0.27426580211193796,0.38792127602847637,0.0008707602500705047,0.0007748270431788969,0.001324950686719314,0.0060151150749527815,0.0016577959192393132,0.007535210262212821,0.3125930704148116,0.41556556497067737,0.7,118
0.10824353084119524,0.10815251587053873,0.11517981466987874,0.17200555581337382,0.2029342647034882,0.31682934768538473,0.05533571065702699,0.0004389184602235675,0.0019510743799801705,6.2812373373524775,0.0008980164325007589,0.005522546071791368,0.2099185969231936,0.3478696022473454,0.7,118
0.07671227663182648,0.0814469756668425,0.10531776905639798,0.2031499232192152,0.18923649134172885,0.1655383123209277,0.00568042464483643,0.000524891424086276,0.006119253079950713,0.17559477393624046,0.0010067839325416106,0.1768533770510643,0.18159248177693468,0.23794171613341145,0.7,118
0.12369130597281389,0.07916310304942564,0.10061160908704535,0.23703064190308346,0.19492459187231212,0.21506508432734936,0.003754874817080891,0.0008659616580147997,0.003928675304038023,0.07595735929549963,0.0017878594027604944,0.07575223566352329,0.20685938766261874,0.25105988147996383,0.7,119
0.11221616778522119,0.027443664764118067,0.08846388990528951,0.18316254861201273,0.06639388507317269,0.14634796039504755,0.0006476512029392511,0.0004946406946300094,0.0009125710192604277,0.0013873040309576867,0.0008684161727473549,0.001599576002618175,0.15778429441383332,0.18843904870538614,0.7,119
0.12498498255761187,0.10360484668287798,0.2088843395845943,0.21814038802214314,0.29420462254624175,0.3880777096171846,0.0011279885128934138,0.0005778682937889088,0.0015766338228907946,0.003868929895911144,0.0012304683302002128,0.0039387670725412605,0.3020793189282414,0.39998041305229826,0.7,117
0.06467666565585779,0.09704411034318268,0.09222386957315265,0.10213838158036775,0.1462452841032877,0.18129238990838714,0.0009730310520253202,0.0005694799865544334,0.001309421212455532,0.005619768451709195,0.0018076009981308205,0.005666975180233402,0.16286685535290177,0.20320179604274485,0.7,117
0.06711770822560212,0.05248147824902535,0.08182884165426663,0.1406624960347603,0.10965644220254069,0.18873800035015223,0.001091690167040235,0.0005107641810733262,0.001064200947231601,0.004124189196571093,0.0009220371089817547,0.002666462779560952,0.1355785114253925,0.19969803762314153,0.7,118
0.2302312264912334,0.01681634895675455,0.12756695485206127,0.33939966933685034,0.0489667662236536,0.22628284027619794,0.0013080500715525532,0.0006672538259946352,0.0015704507575053561,0.010473529230786482,0.0015615021941675633,0.008987338205121542,0.26788658977530017,0.3954520109154187,0.7,119
0.09372681748951137,0.10781125522973026,0.24234783498820422,0.16521501498990282,0.24243501867013073,0.27038764064334675,0.0009747047912732677,0.0005148451065488532,0.0008438907503009266,0.0016648190553048003,0.0015914354080172402,0.001774822094113615,0.29446615830299366,0.35982028496064733,0.7,118
0.15387099883433442,0.11041785374190613,0.13918866719831802,0.23970866505162178,0.3203614937486194,0.3221829577028341,0.0008108318793366622,0.0003768244736730949,0.0005932439635614172,0.0013321380640252123,0.0008101189779540219,0.0010275789599800689,0.2665514409033316,0.4049731663923225,0.7,118
0.06889131789914629,0.0756675757369847,0.23273818604105512,0.17315860755067997,0.21197639540390745,0.2523903983388972,0.0008942320226419903,0.0007549445444964464,0.0010147142434335137,0.006180271789921088,0.0011618459645181822,0.00623288656213683,0.26605435137578853,0.29971124726142423,0.7,118
0.05961260414703194,0.08072623700471823,0.13081395936773457,0.13862012709332416,0.16251821234576183,0.2619054656042753,0.0005934604554864306,3.075576931574812e-05,0.0010182240871498154,0.0016995748302808256,0.0001449990190454109,0.0018821793138927845,0.175867262727897,0.2908203096134157,0.7,118
0.05882279158971094,0.05166397397363593,0.10996990186779279,0.1097843795768111,0.0975464557913167,0.1441105394091861,0.0019102883838676978,0.0003748610134254212,0.00203718040621557,0.006939980925420697,0.0008089329335900786,0.006983031387727712,0.14229357448529853,0.1816683758312595,0.7,118
0.06662378561223914,0.0815254160490276,0.17080242917549585,0.12929412935861362,0.3105879540087204,0.36040538165864977,0.0012992506640764955,0.0006016886774545373,0.0017354483984251183,0.004461560467766912,0.0014519421262704224,0.00493638294884291,0.22139640322639279,0.39722983200907075,0.7,118
0.06727321509551724,0.06693608064837724,0.11337421876703693,0.1616728708313453,0.13322692101600964,0.23956066928056785,0.0003991440420782703,0.000435933790797709,0.0006612346913308074,0.0008143773190533166,0.0011497962374307502,0.0009319714472322271,0.1684600757222761,0.2553657026934027,0.7,118
0.06754920075610449,0.10022515659051996,0.1670640513678977,0.20580277713400172,0.23875198503516978,0.2544090458103352,0.000936383108941549,0.0008731333618403358,0.001037570798907298,0.005095159409374883,0.001591459530630189,0.005163988730207958,0.23189595820032383,0.281459964937388,0.7,118
0.1740676198983923,0.16490516328767763,0.14203025618584386,0.3264253559174126,0.28862718455999403,0.24946329537230363,0.0015033684478707354,0.0005225204361436797,0.0014983423480189493,0.005559392784281414,0.001633739678736701,0.0060998289572182784,0.3185132437879838,0.3607152553831325,0.7,118
0.07177125720450907,0.09756166356193122,0.1149469218545073,0.14843588533930296,0.15469762727351055,0.25000580592576016,0.000934506667983909,0.0005883363388342078,0.0012045669963282545,0.002222025375835379,0.001723715905351364,0.0022479385666829277,0.1869377536866821,0.27302011889218925,0.7,118
0.1608686898837462,0.1451402230002265,0.09224993261363224,0.3175101538785233,0.30184272653902355,0.1574739253313416,0.0017318883731188405,0.0012300598582515442,0.0019679145410407416,0.010014680884272376,0.0016184743723206552,0.010008663903940729,0.26688015080874106,0.346097509663078,0.7,118
0.1001104623239333,0.14033369014348132,0.23041201022187238,0.22747782838389533,0.32604055625407,0.38523782928418326,0.0010744607680632,0.000543453037604474,0.0016067411654401207,0.0047311428592673455,0.0011206544307735822,0.004791033575303194,0.3183733180994061,0.40100716947848025,0.7,118
0.04823199863477262,0.06434005400100169,0.12132131804244566,0.07653214955186542,0.1269895009165226,0.1913304761236028,0.0008438309731227375,0.0004428332550204439,0.0006083675431374643,0.0016518371681824018,0.0009844418379181263,0.0010115844364708693,0.15681910733516174,0.20602908961944483,0.7,118
0.0817459246763255,0.13746421282820512,0.15991824935329021,0.26184620798964536,0.21513887212125507,0.38564286214422405,0.0003659546811041719,0.0006903723237468226,0.0007720744633489498,0.0007673468017523888,0.0016174366382911698,0.0012393214079851056,0.2622877664358857,0.39533948821883924,0.7,118
0.13102400921144752,0.12123339656578715,0.2574979531377813,0.19390868288444452,0.2599057024926047,0.3063029013489723,0.0011951019637057147,0.000638563645667594,0.001814520259577355,0.0035033270632565117,0.0015322789931309089,0.003868019154407154,0.33201802535198255,0.3519211433095035,0.7,87
0.10064476675729882,0.12261809149251998,0.1507378288954332,0.2002266473966814,0.2612451850886034,0.3701582457745517,0.0006694276190124964,0.00042566617769513053,0.0008914349568017714,0.0013710955293206872,0.001403926736194605,0.0017048786065695376,0.25073521605140736,0.3743850357327653,0.7,118
0.23051708020621417,0.1917511674578676,0.1198186238600608,0.32912210755997795,0.2880638518183104,0.18500786262873997,0.0011396757090942772,0.0005949519822431776,0.0010749636362798983,0.004966025182791545,0.0017204198499291001,0.005022647770866584,0.34370552287346445,0.3776205377895521,0.7,118
0.14098065280604613,0.13035692904324298,0.20199160173380157,0.25942363573542865,0.2552122099733578,0.3909460120359498,0.0007699302870780841,0.00041647773088946256,0.0015074863763484942,0.004613023655617443,0.0013718261004235233,0.006260409168834746,0.31343555117393024,0.3974477451956665,0.7,118
0.1063342351773268,0.0804185312965713,0.09097432610689275,0.20639475906307794,0.1582438713470949,0.22082072034439576,0.0011805862737609626,0.0005893894236954682,0.0013207983820216166,0.0043924581490797365,0.0015831696096390568,0.004423275665616733,0.18194187290724084,0.28305415028738734,0.7,113
0.06905717780116451,0.13311202408011455,0.3076873218158103,0.17578752717168494,0.22918413827934223,0.4318393543957917,0.000677374828546812,0.0005945770290507619,0.0008220910119693105,0.0012591563339539036,0.0010912014883147636,0.0014529700814343086,0.35889164113904337,0.45003622724844894,0.7,118
0.05899780161079857,0.09103385489838012,0.15089725907232843,0.16074263146615947,0.1718117884832833,0.21531304552938496,0.0007708205020007863,0.0006901587716951987,0.0010376983387174875,0.004661284809039268,0.0016522896245828589,0.004389683293261892,0.2042754691148207,0.2350517041340859,0.7,118
0.06429303281801033,0.1087602640191392,0.13627136909441936,0.1352408477038231,0.20574840272419703,0.27729263589017916,0.00112877609348899,0.00038880380075175295,0.0013022791572664986,0.0019012129374762488,0.0015414790241483622,0.00259271988302201,0.207424240369427,0.2900480488874676,0.7,119
0.07578709849276935,0.08113197038292468,0.31239866019081697,0.1772278690373038,0.15720403097061536,0.3595382511698146,0.0009993248003218594,0.00033807802627269107,0.0013060720335964313,0.0041678787116653515,0.0008386491722103262,0.004218227978311617,0.33604786253284696,0.4023972101066916,0.7,118
0.16940326617689713,0.13253081755936214,0.18112642319387526,0.27125130702792366,0.2474731823920653,0.36467263312931086,0.0007105223507622555,0.00045398200694029596,0.0009892336502582968,0.009788569179724982,0.0011867618766929766,0.00868350764951864,0.31004468699953164,0.4158062720173495,0.7,118
0.08658230526052024,0.13489534613901696,0.12844033035091823,0.16340871084090725,0.23016964905060458,0.2848956013236875,0.0017544653914264908,0.0007216208362287597,0.002052259951077619,0.01572824812730822,0.0022213767889183167,0.016402320600212628,0.22916598268363245,0.3216965988043483,0.7,119
0.0775912373570044,0.03477285953327011,0.06199089335457172,0.14464476791113384,0.0831394235431345,0.08618691235864091,0.0007404608706113097,0.0005382703855222951,0.0010495643015480366,0.002580797398627377,0.0012154437181024491,0.0026497389881794398,0.11495485925650052,0.16598415040717712,0.7,118
0.054626392206661725,0.06348278679129417,0.1677455057987682,0.16435751779032032,0.13415554434484916,0.25292294141136024,0.0008326531890157179,0.0004489144339161881,0.0008111569627918512,0.0017726834225801902,0.0011543064938644987,0.001928697408112523,0.19562458614022085,0.2783328613858682,0.7,118
0.067629700162005,0.08635775656094628,0.1549120955455293,0.14865851887713122,0.2061001351173811,0.3670080467257584,0.001616431889098157,0.0008080876111849041,0.001564245951106606,0.004156494759377072,0.0014325500441184635,0.003527499723512628,0.21847425688108876,0.3706741543276984,0.7,118
0.11167324430676599,0.1320206453280958,0.1546399994069826,0.20350581926473743,0.23489644621794897,0.32249445440991,0.00014901022963675588,0.00031957545546092684,0.0007554973273253716,0.0006642000242680635,0.0012194911220545016,0.0009388901164255614,0.25922474786354754,0.3397381800473544,0.7,118
0.04335514262769552,0.08715124754747548,0.10008308485334841,0.05423567047491741,0.13568159218552017,0.24557354597858094,0.004730931154290815,0.0007564509504966761,0.004340250606824711,0.02045933499415664,0.0013242118008636172,0.020155940602359035,0.15395576475638462,0.24812602335735254,0.7,94
0.07980245939539513,0.1098973278365913,0.11942625252650832,0.17236389183535045,0.18128796925862412,0.23674903939918218,0.0008752722866685822,0.00034103719646730963,0.0009944471697872987,0.004350895181640224,0.0009211786016555257,0.004415626830843955,0.20157888918805414,0.28180176935996387,0.7,118
0.11229115475845343,0.09853531813112941,0.1889344167192868,0.28258151444726776,0.18799134454101718,0.2623698894282944,0.0008567360909771111,0.000370171980116663,0.0010123084711371616,0.0035688732620645924,0.0010931398348722476,0.003407763443846523,0.2703203784145622,0.2952503327538607,0.7,107
0.06590286921961735,0.08549970240099669,0.09897039306494318,0.2658207053332763,0.2537783938598224,0.21327418748978866,0.0010869837197189309,0.0010552754923561292,0.0010776160410438604,0.00521599723233801,0.001580440291228613,0.005277385409128588,0.1738394798119869,0.3430549753003852,0.7,118
0.10395895830794478,0.09517614933524195,0.2608986601400135,0.2524502047122889,0.18424812945498598,0.3313145524719888,0.0014127634485422969,0.0004544443892997971,0.0012504537825246457,0.027880619872175272,0.0014772369153014386,0.027320947282611474,0.3158084396558761,0.34427700362528624,0.7,118
0.0877771255583916,0.08276412257213758,0.12357695574175004,0.17992730096443277,0.25509667737612884,0.32612557907128004,0.001367912772352986,0.00040846404593328786,0.05452700749635489,0.00381179866782988,0.0008400132150376133,6.2813221197818425,0.19745164138322868,0.34237960026137715,0.7,118
0.14466569150761568,0.11263573326559438,0.10425629718190325,0.224424818352729,0.22073595467441673,0.1483958929250667,0.0007812985113359277,0.0007162722261437604,0.0005788244873292383,0.0018985588636779016,0.00167804177493025,0.0013849179143303747,0.2333530589164098,0.27240528893234617,0.7,118
0.05281991865247659,0.05975597790063564,0.11748071755733716,0.19856287320604682,0.12982198554670935,0.13848142693209073,0.0019637060881173033,0.0007069715845021434,0.001992403793491597,0.018721764033045707,0.0020001542095615665,0.0186886694592117,0.14977545808848525,0.23860161726272291,0.7,118
0.1332361635172096,0.1650385416664343,0.2050289892767841,0.2805904508570661,0.33477029116949764,0.3308762320267797,0.0012212044996565677,8.620859146427858e-05,0.0007437669536051221,0.006760180818561334,0.00036877023503123496,0.005684519458774018,0.3381382113899571,0.3565834256923872,0.7,118
0.10941812924804697,0.1143713877017295,0.19340865409847116,0.16547274696075262,0.2507139310472351,0.2960434308944351,0.0010716563085694868,0.000314916991780346,0.0004006591863296956,0.001356715817395937,0.0005217167621032193,0.0009186058967831645,0.2817195801128586,0.3197114015992582,0.7,118
0.10004586966941457,0.1112115538519789,0.26583129239866954,0.1700676259500235,0.22132877538369833,0.3909012875492026,0.0011662920302080806,0.00030826363821460153,0.0011286770104338149,0.007605948554847641,0.0012156187900349558,0.0077433556966761685,0.31979139709981075,0.4132500604678084,0.7,117
0.0840172760038225,0.08114301706461066,0.4295969278270657,0.14877930126319366,0.13976885306115758,0.45172515801732377,0.0008067891744865526,0.00044079106362684186,0.0011188060084649603,0.003239149172401534,0.0008691043929032194,0.003304324208329268,0.4508397526512047,0.462486261957226,0.7,118
0.1040506240219075,0.0833956204860745,0.1689364340974108,0.25756338968745024,0.17918027366998707,0.38206627797001086,0.0009830517117755712,0.0004040164753175704,0.0013286180894751625,0.008745063275966025,0.0009356035829497511,0.008766541005163386,0.2507980653469386,0.3894143760262913,0.7,118
0.056121015022346954,0.10561971347602211,0.14911584659310229,0.1126372368910934,0.17316472754689952,0.28504689721202425,0.0010534665004222564,0.00024001251624710112,0.0013663012015733905,0.002702279322396306,0.0008061609017220306,0.0027778906986765106,0.21117330376447663,0.3129006577434407,0.7,118
0.05989142517364869,0.16034684281458889,0.17103659941941693,0.12402581180155592,0.3228414565006803,0.3634437686127596,0.001999551963264399,0.000383140674096433,0.0023219781686701344,0.11327069884028518,0.001157355300246632,0.11327071763512064,0.2658848045281918,0.38154479676487785,0.7,119
0.08984236568892368,0.19407101609305746,0.24861434606298805,0.17200715844548164,0.3134333101276234,0.40591610989698634,0.001000067739282269,0.00041987538856317404,0.0010201701156339201,0.004090923902253074,0.0011007432104099824,0.004165594336589473,0.36249035608753316,0.4218657187546024,0.7,106
0.10987676501967857,0.13194454543843503,0.21003867731939532,0.20815128977301736,0.2844951497412623,0.43436709802151025,0.0013970713792010698,0.0009160327465509902,0.0016283057402042616,0.009668268346393227,0.0020444054321409055,0.008880210740239702,0.3074379296074928,0.4368440780882743,0.7,100
0.17146148780998452,0.12733884079829894,0.21689863535208959,0.35576386468065524,0.2347063279677322,0.43019646974738,0.001292416060109786,0.0007640719546184417,0.00131262905688828,0.030307086218036128,0.0014970225695843647,0.030311770363758317,0.3538020997310592,0.4369569903229182,0.7,118
0.13143126866555926,0.15285399526587515,0.1709840717881903,0.30044749401561643,0.270593843592672,0.30012524943830654,0.0017815597597042553,0.00047238281029762157,0.001798658208676552,0.013748037685271441,0.0018063051447225753,0.012558064165313021,0.30157459457996416,0.32095647166899205,0.7,118
0.11490515994877538,0.08709238290804264,0.1098897228706613,0.2059966232012126,0.23689434009410668,0.18463757418425644,0.0010411522132693998,0.0005857790630912893,0.0010560088861966959,0.0028358085140453015,0.0011594522231395538,0.0028544712833429298,0.2084107506722044,0.2733790576195918,0.7,118
0.07884497076841017,0.06172936067146807,0.3375860731140008,0.13091763667094206,0.10643809517702914,0.39654190299623526,0.00168440116862604,0.0005252431623866596,0.0016383124283908168,0.017873643556924224,0.00124247990870463,0.017948647684599806,0.35632186010087513,0.41372568089232126,0.7,118
0.09952323262140056,0.10649592869239538,0.14614479213583595,0.21835019102078854,0.1969519523488127,0.38440656042519605,0.001458467340318516,0.000854841823356345,0.0020398618244673247,0.006688588438808596,0.001620323067120677,0.006714938224071099,0.2350873022336415,0.41172838688170565,0.7,118
0.06447828321759207,0.1153341984541704,0.08448002516565777,0.19775229274968542,0.18413856233827017,0.20075421487563205,0.0011163004060027939,0.00044635770029370024,0.0010881731206009626,0.003322979702735651,0.001595070100791962,0.0034913697833900414,0.17496455353071907,0.25803464255208536,0.7,118
0.14127836866377214,0.052075477534451374,0.1759005321062601,0.28428001803672787,0.16872828766215295,0.31867796461760145,0.0009613989897426704,0.0007272382848897678,0.0006574504251866985,0.0038747092118566195,0.0015740410680613603,0.0040772483839193185,0.2533240787706385,0.3362437023768628,0.7,118
0.087368639577022,0.09682668881980944,0.25446804301212145,0.1977435735238524,0.20494932020805362,0.3614206927187106,0.002285496538809523,0.0008228467801668563,0.0027806683753573013,0.019549031621953983,0.0020055278007637956,0.01916646720795212,0.3086198242989042,0.3660642444509011,0.7,119
0.1424373022981367,0.1210167679410358,0.028356401288178363,0.22492593667553387,0.2539265058675775,0.06687974292918761,0.0009269064320148634,0.00026543816843619186,0.0012250752859077074,0.0031630967562432666,0.0008014140562349059,0.0032065378891833474,0.20968979490235296,0.2545971453498378,0.7,118
0.1400483929905638,0.0956992384979077,0.14316661313966214,0.27423717153925853,0.17002212621714824,0.22264983160039348,0.0006293079488242568,0.0010541805732420385,0.0012312131015163005,0.001464980404429106,0.0018099050014221962,0.002771619200564013,0.2520032854353626,0.3234727739228654,0.7,118
0.228307290898717,0.18377455155425834,0.1252569936324411,0.2912230324250906,0.21570143498055164,0.23239853656225104,0.00038383669966288874,0.0006881599607411512,0.0006280104960020292,0.0009973745007854085,0.001374526852840785,0.0011566048085649427,0.32866158906490384,0.3396939696156035,0.7,118
0.12225737286774656,0.12222998014304778,0.26521321838590056,0.33824097180684365,0.2696043785559795,0.45104006359911636,0.0016093934959811082,0.000615159047270237,0.002011955523708814,0.01577599027101728,0.0020466902599625136,0.015723610291317858,0.3582548205581599,0.46227616237135283,0.7,108
0.12197579627423442,0.14483747159437507,0.24202466370395073,0.21154681479762485,0.291963631960546,0.44509204637973265,0.0016091355820788804,0.0005644455627437246,0.0014048523229320674,0.005321544094639918,0.0018593390508745422,0.005380783930414523,0.3474345611430715,0.4575294949419776,0.7,118
0.07270331029418743,0.07655613644632844,0.11466046578282497,0.12380939885406163,0.12122009052407157,0.12110540746962994,0.0012350803863071494,0.0012248776559939314,0.001490355924595223,0.013703592542734011,0.0020839351376871207,0.01363145674380914,0.16454028977686275,0.16800497902044842,0.7,118
0.07621719991251277,0.0844340580193326,0.16134702746340263,0.1693249633529474,0.18323811906834664,0.2809331926408508,0.0014414454333679084,0.0006460168085042023,0.0015547495020912531,0.007629788838179996,0.0015462417236283832,0.007696018016963624,0.22170073316864977,0.28327093064811176,0.7,118
0.10324779132097955,0.04630129056597408,0.13315964152658286,0.17263988746017875,0.09398073007849941,0.2144961097741927,0.000865621056946662,0.0005229814505541391,0.0013581942795698456,0.0014526241003420814,0.0015448565572726558,0.002849073194649998,0.1955428921093088,0.242119773788028,0.7,119
0.032450341327403445,0.04351068447126277,0.43723590333642953,0.05063120674204679,0.07634380731698362,0.4611217648029088,0.0005697601629401911,0.0003815922328323016,0.0009616828185840218,0.000817215380479519,0.000689778128449503,0.0010812411230225472,0.44142570296113387,0.4655165379905546,0.7,69
0.11319660678853043,0.10572265654896046,0.23391613715630447,0.29770302255581094,0.2160498117100625,0.38890125752865373,0.000926650914665189,0.0008123137424568477,0.001398157432162442,0.0031727693096956777,0.0016827052815866494,0.0033209320375355844,0.32324750923184287,0.39649278865057286,0.7,118
0.08833232520115011,0.09670848257819888,0.1447313909361761,0.15393111087023947,0.16364415990190895,0.2126690807468422,0.007239190906741923,0.0004245524081590909,0.006665926071003841,0.15591436575406337,0.002162164152025081,0.15588027067401183,0.21220800149706617,0.2539780277039556,0.7,118
0.10888419974009346,0.14564441419554972,0.08095866403310782,0.3309981469387847,0.3402939472680715,0.2576634970896986,0.0015971766014009194,0.0007725698050157991,0.0017240299997734207,0.00830775017235652,0.001868721390438921,0.008351660918513693,0.22523158023067247,0.4237003393589632,0.7,118
0.19104933385716127,0.08586678374128945,0.13102151505476628,0.3262638200312935,0.17501338863394855,0.3441766055068229,0.000888896032245562,0.000470641338353353,0.0011898389554509598,0.00888600470668044,0.001019866894801269,0.008914672593014705,0.26973752711657595,0.4275371166760047,0.7,118
0.09560291868719362,0.12013805982814783,0.10647088783905904,0.1781745775252936,0.20413492210684075,0.2841759111101668,0.0023354438280708233,0.00038768829365449375,0.0025283243268900083,0.051517334505238654,0.0014418560586010529,0.051521263694052744,0.21316288718971127,0.31495805399768373,0.7,118
0.058573383537760884,0.12568636833629349,0.238298656271962,0.1081631080405709,0.20780211843172036,0.3150253720361875,0.0031587401295262666,0.0006793875120671469,0.05662847947498346,0.009311734059411325,0.001487036046175838,6.27496503931747,0.2798876119131485,0.3517477446135354,0.7,118
0.19461028358230725,0.06713216806466739,0.15778580245949267,0.30389181492958195,0.10514272699753241,0.3436964998150327,0.0005217169313118073,0.0009605248629702499,0.0017676663253568395,0.0009256821516530067,0.001656192407781254,0.0024874567416106608,0.2829785078447678,0.3773642699489434,0.7,94
0.09308722451567182,0.05967667546111763,0.059332371858746666,0.22436077883035604,0.1073779462359827,0.10198481899423364,0.000720354211797315,0.00044028135929258656,0.001419962932719122,0.002232227615325044,0.000962835960735875,0.002577377882582388,0.13902658875286977,0.2567768788045852,0.7,103
0.15538039033205295,0.08905443041624603,0.1165555335617482,0.30831164803969113,0.19853775304991128,0.23394248217854197,0.0005447477442344294,0.0003737454882972361,0.0007974650949954419,0.001030003480465863,0.0008549483838868888,0.0012450495275428963,0.23776716505803133,0.31106596547358495,0.7,118
0.10530696899811494,0.12444922727778156,0.2305943339029716,0.21381897991175514,0.2101899582288584,0.44124056854359506,0.0009554747345843886,0.0006683678590830107,0.0011435257060782634,0.0019803496411596733,0.0016077948021664956,0.002093900059617293,0.31229396659201525,0.44269141436258025,0.7,102
0.07625563250936707,0.13622712835395723,0.22450109449505176,0.19352358482457294,0.24664260038463065,0.41277021401050523,0.0009622654835814365,0.0005658435635349345,0.0013014574010363545,0.0019672313458043433,0.0016311320832013143,0.002772192819584962,0.3001015034325847,0.4245467916422282,0.7,118
0.06465157651097736,0.065254063189841,0.06919439217589786,0.10317520609209103,0.08933116156973156,0.11348008681087104,0.0011032478135049703,0.0007899580448699271,0.000932907900381767,0.0023725910746514867,0.001714345465739564,0.0026147329317954826,0.12351704511234617,0.15604296192772743,0.7,107
0.10063220884053642,0.13925270317386595,0.14922783001929443,0.14546622669400627,0.28382171732505823,0.2456450587221423,0.0017309648058537797,0.00045495339062110953,0.0015959762161407898,0.002726199854786948,0.0015036186372685556,0.0033631915739527063,0.2484765373002806,0.3259955538812968,0.7,118
0.13663226475145257,0.08317382469934956,0.1874445554963705,0.32510832438461446,0.1759584665290505,0.33635161411552794,0.001570483747570653,0.0011308790696967083,0.002285060757397984,0.0037902259165425445,0.002013447729156015,0.0031090670230011774,0.28521161290599323,0.3572417395631377,0.7,118
0.15564560789518636,0.06791634998767763,0.10050798930754389,0.30513254227581776,0.132633278196645,0.22955389136174106,0.0007033859997623046,0.0005981731561925159,0.0006958709132760905,0.0011987231285652544,0.0009444182312050575,0.0013209141101357957,0.20732270828564128,0.38211352245289654,0.7,119
0.07553348352043474,0.15921178774115766,0.19402863329574438,0.17679430340959018,0.32675241895780727,0.4494930579850134,0.0008141094181124503,0.0005557552839715491,0.0006875146980430571,0.005820559757885313,0.0012372235325745495,0.00457376232075446,0.2965011253165515,0.46929838234415866,0.7,118
0.20272580537898144,0.05781819019482733,0.191713384505505,0.3312404509408968,0.11699891567301896,0.44319331596630884,0.0010327945420415376,0.0005571904290388965,0.001093250535312661,0.016445470475153545,0.0014918869301013271,0.014871955526663871,0.31145848423798367,0.4589401251845346,0.7,118
0.1342603628659899,0.14224287735316027,0.206282590919507,0.2630532364927832,0.35571110202719025,0.3408339803482109,0.001341164456926194,0.0007965203829409392,0.0011156100144578158,0.01192149739554571,0.0017419430125420465,0.011964761063107954,0.33718880702243537,0.35640885902459796,0.7,119
0.06984744665760179,0.10726971317853809,0.1478494838437446,0.16881913833186826,0.2065110471737519,0.29593310717780097,0.0029396447368665378,0.00078138921999474,0.003040505048772625,0.01852414216984366,0.0020398490238335842,0.018565584855697592,0.22008262070641452,0.301781964049358,0.7,118
0.10414029281489398,0.10958311216115055,0.18382765017066013,0.2404274895182376,0.2922392599069575,0.36433374504908794,0.003796155541970968,0.0011183490060458292,0.004054998265233753,0.021547370089255447,0.002334511125844596,0.021355463060453328,0.27835444111092833,0.36745171360567536,0.7,118
0.16272888069729322,0.11660974211648745,0.23905849837287094,0.32731668796263036,0.22395883515200865,0.4280289520718416,0.00019200569540560487,0.0005669726071282289,0.0007221544354035468,0.0003844948388391778,0.0015824684254699406,0.0008924068230857785,0.34605280432901037,0.4346985311611845,0.7,118
0.1383456498440763,0.11692007037754415,0.19411210884973298,0.2417064026531657,0.2936713809048449,0.4398649434262909,0.0014427289608102422,0.0003022480634244985,0.0015887717262888762,0.013684925303750983,0.0007990630566145906,0.013708050045390552,0.2988193632722021,0.45882611028239095,0.7,118
0.1674625563237914,0.15505326393119415,0.2502115083709309,0.25655745741571206,0.2545003724024496,0.37883969753546853,0.0007363947162569247,0.00010568956378131181,0.0010576473275386502,0.003404524683986221,0.0003761493344298511,0.0034818367619438018,0.3662738322229586,0.43486432703338684,0.7,118
0.1164567052745265,0.11358067355822817,0.18661648754430268,0.286572875851835,0.23486518631826306,0.41541571728281335,0.0012326642237602775,0.00035557693471224735,0.0015650357671989055,0.011839949034293973,0.0012155500239123818,0.011865346461742643,0.2862875025990131,0.41641623197592803,0.7,119
0.13055179933416514,0.09973062825484676,0.2194149349246793,0.33191401561459066,0.3015266862408429,0.4321902504499578,0.0015100456352128654,0.0007011996564112747,0.0016820406715360558,0.008293649419134574,0.001720744736129376,0.007129012570036508,0.3182596329637229,0.44120873651434767,0.7,118
0.09536345851230878,0.135258813990465,0.11352400360592192,0.13676185548572065,0.23824810042648026,0.23269971324269226,0.001457411242047645,0.0007062348294660061,0.0012747223749697925,0.0748827325947734,0.0016510545145972388,0.07488012225660157,0.21637547108273703,0.27788957972355205,0.7,118
0.11783478342569909,0.10078849516105867,0.306944265173427,0.20894975996198123,0.2744899526371778,0.4642516056233074,0.0006225014203876417,0.0006704341807962546,0.0008526573796061142,0.0015779061293910157,0.0015950447346888552,0.00175591562330768,0.3778148188831392,0.47693013202147794,0.7,118
0.051370408129036725,0.04120883222212657,0.1281072106999088,0.12099636791727035,0.09373074991511345,0.17697101666434928,0.0018849255945716124,0.0005343302888244655,0.05508178614313239,0.014106379949579528,0.00204102217299984,6.269147960328965,0.1517457756699067,0.1893863012207818,0.7,118
0.05159005004137896,0.0709556055686617,0.14337394690554844,0.11401133561371986,0.14247902442921168,0.1578005819359669,0.0015351295070904854,0.0007034769344162675,0.001516679571209601,0.005599933874214091,0.0021372986781580394,0.005346380032065334,0.17428637879899656,0.22499239048223438,0.7,118
0.061490223710994225,0.14297282291942578,0.2202989086468649,0.08643803428687064,0.22530733362242905,0.32392029859244964,0.001854381912952034,0.0001881776689152258,0.0022543034295025998,0.01109814927527708,0.0018670121568868936,0.011068834131053418,0.2758233109322795,0.3741346377071321,0.7,118
0.04292224159039253,0.04687169479666112,0.29017054576785184,0.0825496134533154,0.11142851221606659,0.39666046077231193,0.0033868778032960997,0.0006688289820375224,0.003665610509668954,0.09234767910569208,0.002164682692227915,0.0916542090550061,0.3020924496713126,0.39712964921664956,0.7,118
0.13536044732695315,0.09941827311813085,0.15554915080214093,0.2680745985653663,0.2508055606102523,0.4355632076787164,0.0005610979011048848,0.0003436681274970383,0.0009770610329306359,0.0018473673762118281,0.0008538467159506791,0.0019334527463419349,0.2697146801303145,0.4404491271298904,0.7,119
0.055705750226644285,0.0769631443675019,0.10737230431358684,0.11181743341476358,0.1839633519274811,0.24992772699465599,0.0011963809314383834,0.00048306922374712,0.0010415182365517675,0.002555611824026416,0.001100069700797679,0.002675500062356062,0.16356857425688834,0.2963076506320283,0.7,99
0.023204306509884514,0.05495924743363961,0.0894040662871505,0.03942022900516458,0.1261439495967837,0.17328090774955582,0.0020319541392156823,0.0008286292263449356,0.002353337365420693,0.004819967229119038,0.0019975546737509564,0.0052228808351324485,0.11828138439923193,0.17677191567426115,0.7,117
0.03463598478358501,0.33843487265374533,0.08448870910382553,0.08273980478759332,0.3746093860922778,0.16705060375518638,0.0032271846301590735,0.0005865232505503975,0.0028038957909461925,0.008192186657090428,0.001982940486365603,0.008381910636944934,0.3564032725226717,0.3755763460993055,0.7,117
0.0822792616537082,0.1239947003594596,0.13851684110180637,0.19753323143505164,0.30789501257997975,0.45841841858482635,0.0012558076848051434,0.0007949940366722056,0.0015269170907251726,0.034167297671935326,0.0017119593523353682,0.034177216985099346,0.22928391788671834,0.46399901909934027,0.7,119
0.08098583561085243,0.06722223324210047,0.18598815815185618,0.13996005743097184,0.1272547758278484,0.2615114141179729,0.000687388574964697,0.0005929857181457015,0.0006066393106974468,0.001327871801953484,0.0009456334944328848,0.001132267585749469,0.2206084939717356,0.278752417795885,0.7,118
0.04596168443876845,0.05671847407128859,0.21235439001161976,0.08354846799629753,0.08018321785166022,0.2678869857890176,0.00106252896106775,0.001288242994471775,0.0015333320442393102,0.006477682274852903,0.001781826234403927,0.007908581574888718,0.22672049950617154,0.281931477101844,0.7,118
0.07817575900048153,0.11573925944438802,0.11354412265882703,0.16505476263388896,0.25515700077852366,0.19266641491936007,0.0027188241292733723,0.0006576780546505254,0.003107597063126222,0.016149498434539833,0.0018601553106085689,0.017448873788195485,0.20788568355433354,0.2968581691723124,0.7,91
0.0906714665151366,0.09667614856392992,0.1447733376375221,0.18030717177297,0.18322036424237198,0.2394566763323513,0.0011596412266292708,0.0005324877475141448,0.0012909020842589301,0.0036364341669168354,0.0019968042225368965,0.002504652071706026,0.21070713485267695,0.25191796935574456,0.7,118
0.11119520338514167,0.14250371007447263,0.17963585570693452,0.18143026351630304,0.24266993782782373,0.34384925048536263,0.000687211885089621,0.0005198559504827447,0.0005328314142549834,0.0012962004838690255,0.0014671401372108317,0.0009724346528332539,0.28106069450196225,0.36425771307462546,0.7,119
0.09063434037280214,0.09266661600723301,0.14438596535182696,0.18362173748253502,0.2548922763042454,0.31512694150624265,0.002254294251691314,0.0005145160711988302,0.002386822464421717,0.020121946331975504,0.0011987206119652427,0.020694357998354507,0.23161344417818763,0.32269661328603083,0.7,118
0.11430326732167075,0.08967823755176631,0.2690477739241335,0.22836204513246583,0.17241697335969908,0.3360545139611636,0.0011424722864762826,0.0003864865059544259,0.001381446718627665,0.006161494265265022,0.0010806235159048772,0.0062120676239543204,0.32820591198520027,0.36764204630180325,0.7,118
0.12946822368443855,0.12020574715987335,0.16247161637861554,0.27687947323573736,0.23691273914140543,0.32013488068312146,0.0009476473112772851,0.0004193243486546045,0.0011333473114792316,0.0022272202170130484,0.0011547368525059998,0.003824168738415512,0.2767701387778232,0.3346049434892324,0.7,118
0.23008372677585648,0.07714443577829931,0.1984335742106193,0.33955007485227484,0.18550378486639862,0.391618599671577,0.0005887048169260062,0.0006549976100894752,0.0011260188750010444,0.001442700327195734,0.0015509755659435798,0.001615447486688515,0.35028381337786113,0.44215810392870136,0.7,118
0.16727215332948112,0.0873553344186076,0.1600877291177045,0.2926773270509266,0.24042755550491263,0.3980300968164284,0.0016259752279413483,0.00044344007132355126,0.0017141591034166308,0.03095179765169065,0.000916300498290723,0.030959484344502464,0.28561924613239265,0.422147474808157,0.7,118
0.17759702850690498,0.10750993172711208,0.31301794983945846,0.3566341613914379,0.18565806981635286,0.4151351216156604,0.0016415173544446968,0.001150372381798017,0.0016178010125780281,0.0341319893198172,0.0016130850201119262,0.03413790467492635,0.4184674885519205,0.44821742407833354,0.7,119
0.10586960708984634,0.05128712402968021,0.03399746915438457,0.18306874451091543,0.1300579712198116,0.06753411762253372,0.0011223558225459472,0.0005601641749809997,0.0013135409866719108,0.012127495470528604,0.0011359291311695274,0.012138004807044522,0.13257196526644396,0.22430988089653167,0.7,59
0.04596833363252143,0.09028771403585797,0.03064423607285861,0.08818877447620857,0.14719964285696055,0.09692381515066281,0.0006831231721254044,0.0004834445037831214,0.0008163956548295953,0.0014569283664329635,0.0011359284648613521,0.0016516633623449017,0.12042223304214549,0.16992488139807171,0.7,118
0.07873609268265111,0.09462953446895349,0.15488805172144254,0.224028913147845,0.20084393352241353,0.16513459094956628,0.0015440934485320117,0.0007947391683474658,0.0019457954428468971,0.008816116543738317,0.00221469829602694,0.008628031699820404,0.21197864849118958,0.28044420542316606,0.7,113
0.10351009424183022,0.12046395424475212,0.1561872367852714,0.24045952810442084,0.2625438754183837,0.3922150906588261,0.0009549327228730307,0.0006639496865331661,0.0013359264964699403,0.003454499750963791,0.001358056642617133,0.003544621183868446,0.2599913840875809,0.4013851887988113,0.7,117
0.1629851116036943,0.05678553890627145,0.30457760284213303,0.32666749827218516,0.09717387702079222,0.39798393998207016,0.0008220320801716808,0.00046837586641214004,0.0005471561857991586,0.001120420850133641,0.0009338504575874262,0.0011671636698458165,0.36885587389649366,0.425686088850539,0.7,118
0.17993291479869697,0.1309335385263311,0.24293107485560714,0.3537464627882235,0.34186881962646487,0.4575467416800507,0.0008690402766196977,0.0006384913077980345,0.0011280471555429258,0.0014666209335922886,0.0015874800244081444,0.0020879972859881857,0.3747287534992955,0.4727448230675652,0.7,119
0.10971045079388797,0.18586519440728125,0.2434445730815156,0.19179380694521653,0.34024828864721807,0.34903566907705985,0.0020975745976160873,0.0004926359328129407,0.001669998652119173,0.007726065229413326,0.0010511773300566907,0.007764084937160298,0.363668802203891,0.3980827233893678,0.7,118
0.1826087856963012,0.11085171072779353,0.08908638131584884,0.309891038903744,0.2781689898890895,0.25730042013549104,0.0005325994915144036,0.0007603075234003246,0.0007442564125939003,0.0016671151158882402,0.0016965489677400747,0.0017752859789315067,0.24987233902607506,0.39828006732013194,0.7,118
0.01934069276736426,0.09242768166712949,0.3506762481270366,0.037976081070317524,0.14492408512764587,0.4531791328925473,0.003981207060013276,0.0009499758475309037,0.0037476609831598594,0.0144746401638991,0.0016510893955761219,0.014498609913934146,0.36640569755956665,0.4537129939532094,0.7,119
0.09796990350258175,0.0501430395138738,0.13094141949337357,0.17690069542546455,0.16607347338549167,0.2576732232652892,0.0010152240085399898,0.0006117579497760127,0.0005076350625677501,0.0019113918971253585,0.0012897402948955083,0.0010815081971764506,0.20210931069270477,0.26285901434457515,0.7,118
0.06981557132142154,0.1946864496517017,0.06960345776161257,0.15489754445083706,0.22097234449285935,0.1525176894144611,0.0005106731369604432,0.0002771022028650758,0.000864054189182743,0.0016849555425233476,0.00045370050952875385,0.0011649857187301382,0.22729996266729577,0.26117558537544555,0.7,118
0.07511705675226954,0.13647235704581068,0.11001288922180902,0.09736600045918295,0.2635519331645449,0.23118116359968352,0.0023927257164220437,0.0005508891003114172,0.003016283053471214,0.01314933987580913,0.0014162599063127779,0.013159411890034,0.22801770407188865,0.27462754072977935,0.7,100
0.14116148447284832,0.16527598477451586,0.26144151271034793,0.24733838203247177,0.3914453876860522,0.4378774367934979,0.001330350107353897,0.00027184835039899247,0.0014849222518986316,0.0076556437635884045,0.0007957296839351535,0.00769044664618912,0.37762011615924984,0.4645448093636534,0.7,118
0.10464865313849649,0.1733360442961232,0.21408870722902174,0.12268258942848835,0.34531460861846985,0.36885197442007467,0.0009471254278120978,0.0005565427782791133,0.0006859475852354464,0.0025035420163586064,0.0008515727607971146,0.0020041775968875353,0.32034033935522743,0.38872581199992906,0.7,118
0.20691641263662888,0.17931558967940409,0.15230482878321927,0.3343520327548633,0.3093297977337906,0.16133097133367652,0.0007504760173583227,0.0003183098551031767,0.0011128066493814254,0.00457232824205378,0.001138760918020898,0.004602932785364278,0.33814170940712884,0.37224482192023606,0.7,118
0.1797429503091656,0.09127061886423299,0.235248983555985,0.37149459325073747,0.16658122543123838,0.4103145984434542,0.0008558838219355821,0.0005289270371759192,0.0010303499558448536,0.002374028405373485,0.0013860866095509738,0.0024952991440847505,0.3585108858110188,0.4290020848759183,0.7,118
0.18951327006297136,0.1962845786691232,0.10156523939858808,0.3030773443895084,0.32774271435462576,0.2865834990389692,0.0017832281913699151,0.0008967362438827419,0.054050241490555886,0.06665410270758065,0.001593990706974413,6.282599375187862,0.3255734891324669,0.36039907257254145,0.7,119
0.136043749631299,0.12946602663397236,0.22495428788147706,0.1988343251906516,0.21089353413248269,0.2956266804824603,0.000815617260765133,0.0005838320943623758,0.0008684815855685834,0.0016262869455609952,0.001530697338430323,0.0016277772715869165,0.30975183151103874,0.3682291487296267,0.7,84
0.16174686937469637,0.16578617679310598,0.1419960872181569,0.3284710827306405,0.3009820581632834,0.19036695611849325,0.0008028491272308943,0.0008133724214233347,0.05397549638007802,0.0017362784794858754,0.0016223311744619773,6.281465493838214,0.30137182749484054,0.34474436861302127,0.7,118
0.1828125142388308,0.13002795482714727,0.03721851609395982,0.27763310143192343,0.17995680325701496,0.07910658530757822,0.00038380298409002744,0.0006799727519289933,0.001028161432883735,0.0011394263323549758,0.0016565661543529453,0.0028688728162051813,0.232434578965348,0.30994931682428173,0.7,118
0.08697306547585988,0.10253897221202857,0.06995498978786695,0.19943139673610283,0.16054918246447425,0.12846915950469295,0.0009625858553733411,0.000680234044516121,0.0006880179182955267,0.001823914769067514,0.0016400197693939855,0.0012054410425026418,0.16402159752236145,0.2502207008935652,0.7,118
0.18438195327315496,0.0675413111385408,0.2189236738234983,0.35231560088615077,0.226507094123215,0.3619516825519305,0.0008601650436467544,0.00045958085538025677,0.0011456063978846677,0.002908092630786674,0.0009898637110958841,0.0030151469426393795,0.32610419827443893,0.3910367057487638,0.7,118
0.09134948957011248,0.1491678289425804,0.2116586113870486,0.25650392083782725,0.3312351889996757,0.45931127749236134,0.001991749850969563,0.0004684229530155091,0.0022377285248504236,0.018768417653530545,0.0012199255714467616,0.018714084436960654,0.3128950280708074,0.46876030458516293,0.7,118
0.028565153944288126,0.07688352150041544,0.14307890521944822,0.05590174078265197,0.1445054269338965,0.19304477518066382,0.0009644533628347156,0.0004604355840308361,0.0008616815704274335,0.00229645301136161,0.000978293126183919,0.0023762524167504524,0.1824059627321481,0.20270776644947322,0.7,119
0.13190384521564383,0.04508707682574591,0.09739531179026975,0.22646041579546095,0.10019674463030583,0.14929058989299568,0.0008286075849388804,0.0010143260853840298,0.0007695069985125881,0.003230076762165135,0.0015947557693885284,0.002551223876898767,0.17868292120955934,0.2835111191000659,0.7,119
0.06629921958641248,0.13548871585309394,0.30617785946312565,0.12559780244603092,0.19530041972747264,0.42679155527989276,0.0010250697814567097,0.00043981433297846686,0.0013574398164385288,0.015078243568983352,0.0009162226042968014,0.015093474633436355,0.3505101467318717,0.455894861859154,0.7,119
0.13378754050038677,0.12349460483796891,0.22038513854479438,0.3565842378151397,0.23129912402670022,0.4011452836424364,0.0012562562356090016,0.0008609828331813548,0.0013372095115263265,0.0031570556790994075,0.0015693719155466246,0.0032288916280408114,0.3250533959595813,0.434347388915637,0.7,118
0.03387937169781966,0.21535832898486645,0.11750250116112805,0.05023523322257856,0.33448232325333904,0.16221108536780193,0.001158622287394946,0.0007929764738565115,0.0008077935831213104,0.0025416415981358575,0.0014624809387889792,0.002957730720092311,0.27013404851651357,0.3504528420812218,0.7,118
0.0845609926638609,0.05383122218290447,0.33493068653365404,0.15173844045638324,0.11979605096611895,0.42625773261221833,0.0014535708397792316,0.0005560352100293374,0.0013977099032727223,0.004082222674157199,0.001707949633170669,0.004382720266929541,0.35452595305998313,0.44254589288223933,0.7,119
0.0935691383296002,0.08247688403991335,0.2552308754213548,0.16657355648493377,0.14568799775218422,0.2786545823580735,0.005441644440268737,0.0008437685682216227,0.005725151959683295,0.3086611031208649,0.0015770775207963328,0.3100251978734989,0.2916890174958941,0.30383626595743385,0.7,118
0.06465896243665153,0.04146794285398495,0.3359208085436626,0.12301728699776766,0.13264459396436518,0.3802599295070267,0.0008772633002676657,0.000856852495148773,0.001125374199870025,0.003280270064884405,0.0016094948244172458,0.003378400855243713,0.34926090366244855,0.38213941339410123,0.7,118
0.1062522457228804,0.08075278482123133,0.27750958888377086,0.26911825012830637,0.12722715812903884,0.3448315477907035,0.0009781317129734818,0.0006289112084000317,0.0012600520180027779,0.002354921498038398,0.0008732953097274621,0.002360937866750748,0.32582875369937997,0.3557797041397591,0.7,113
0.16513508879446095,0.14412906582555635,0.18148069598800592,0.30541988484381155,0.24022760335746934,0.433065831014399,0.0014171052121576967,0.0004091872801434312,0.001736400942281499,0.0023867046543712966,0.0007863415274356189,0.0023964881708206515,0.30902978134094866,0.48734016481911524,0.7,118
0.18868805411525805,0.11686498502621064,0.2844514943720489,0.3707737087195825,0.22989009129572946,0.493070658307759,0.0010549759327791034,0.000623175872468334,0.0012404793475821647,0.0025468345065133846,0.0014257795589971423,0.004246265609435307,0.4129138983324464,0.49663983393322975,0.7,106
0.07598765136079319,0.16974511959199903,0.18166638039560673,0.12709017098529657,0.2913258443794869,0.4109080009142303,0.001140001112593516,0.000565317004011424,0.001370999391772378,0.004415949756024329,0.0018550999753566,0.00444848746362303,0.28938948186558644,0.4170160948746622,0.7,118
0.08877251480403497,0.14033436636286906,0.1550731551352195,0.18025327886123527,0.22848972223980682,0.39770711725253216,0.0021774806198851244,0.0009210321318684408,0.0019077067178857683,0.025986176749385637,0.0020226451674840717,0.024906816120205955,0.2526775507116327,0.3991085555909967,0.7,119
0.12648254118560198,0.06856425518489019,0.18742459021098987,0.2017009884007197,0.15192169076743509,0.2836324825210398,0.0009427401382818561,0.00037559620410841925,0.0003753601830572452,0.001150190753863578,0.0008482498813359163,0.0006819826896631298,0.2582695889275327,0.30431200261158076,0.7,118
0.11692375383261425,0.138439976938296,0.08471527911487287,0.22367632303348536,0.219611702914848,0.16378018253701077,0.000923791379180362,0.00023025024883806402,0.0012797778009423367,0.005992556214633904,0.000827394394208536,0.00601939997596701,0.2204065587748149,0.259185790362057,0.7,118
0.07402411799107372,0.05035048021920165,0.15908630957119851,0.13862239904103804,0.08578031510303526,0.21233307813631275,0.002769021998311236,0.0005472179515911099,0.0027308298721280024,0.03309060441603817,0.0018520823208523218,0.033106632268981695,0.1924773521839841,0.2267894388982438,0.7,118
0.05813459253839905,0.17342246855203125,0.08617959297907746,0.15636416071159512,0.3607732771172395,0.22861587270135758,0.0011294947083146764,0.0001830497559776073,0.0013049579379078697,0.0032885047885732877,0.00044266163451056606,0.003399093330337166,0.21158082935195452,0.4043762125145693,0.7,118
0.1527811648322437,0.0910045948750848,0.15379467514128844,0.27851002261745317,0.20347466615509724,0.3817099969512875,0.0016283719788478903,0.0005639691375610653,0.002041741705810931,0.032869494406477795,0.001752398351145379,0.033743385214968225,0.2656875791873401,0.3926411754606865,0.7,118
0.10268524622246125,0.14113282181926037,0.2033073395839423,0.21205659362335058,0.3218734388753258,0.3561156638687834,0.0014072165102488462,0.000791763831454212,0.0012724079733973954,0.0032360369940303,0.0015870035701563978,0.0026575690499841542,0.31253553840114356,0.3963759670290123,0.7,99
0.16636190261162717,0.06150911776407371,0.34972715991336056,0.3226111567252484,0.11056761003767708,0.42001686833591845,0.00048317027546053947,0.000665739967804096,0.0006349224969100657,0.0009231717724631494,0.0013198889381025036,0.0010324754248134393,0.4059794284736189,0.4865729385110108,0.8,117
0.15021754695664866,0.09666372347630661,0.2434013271270054,0.32498491095593113,0.1563051724752697,0.3248277188384292,0.0005869903771476529,0.00046653487794888607,0.0007870094841456064,0.0015457820168904846,0.0011166103683223627,0.0016997049293967503,0.32822177363834676,0.35184453608090105,0.8,118
0.11347301459053971,0.1434920363856752,0.17619604337137154,0.2551468361575787,0.25621269152991627,0.47008657088012185,0.0008035577643478429,0.0006336072984884462,0.0012637342651171482,0.0016624766692454607,0.0016466898168179256,0.0030759380774663114,0.27806067747514357,0.49070417122163884,0.8,118
0.07064140660191569,0.16752269271103637,0.2177657572719782,0.09756969621310593,0.2539027267975733,0.3312952408762022,0.0016560039124312652,0.0005474807679997981,0.0016006608210533011,0.005658094579554129,0.001723443949948944,0.005709158438774065,0.3111265343707468,0.3436058608238873,0.8,118
0.06292410470652032,0.09897610778380715,0.07554309183085449,0.10801463962082765,0.15060916681897327,0.16410969195709096,0.0005379645833622644,0.00029648083887867725,0.0006527480140848216,0.0009223590888221556,0.0008702744369367688,0.0009694278941938528,0.15787557233885535,0.20372400369593532,0.8,102
0.1904640982201143,0.06549955198122646,0.129695320719981,0.2587050715197864,0.10478172312657345,0.2520545515776413,0.00047438140899411045,0.0004137265624798522,0.0015674326441509289,0.0009289025421326258,0.001600554765332829,0.002064673272413664,0.2549663438955074,0.2990579503227759,0.8,118
0.04544447022789573,0.10309555808161741,0.3681968004761802,0.14782070390645985,0.16823565797155046,0.4144304493061289,0.0010685723890289747,0.000958606527330266,0.0010514701363199671,0.0023051451439655146,0.0014064962168076622,0.0024289485583044446,0.38905238049380036,0.4431687808225099,0.8,68
0.14985425630949653,0.15208284875767494,0.18093873297385019,0.31445428283746013,0.3322364746713986,0.37984387122629626,0.0009654312529981937,0.0005244479204487121,0.0010072569555988951,0.0019583093772919113,0.0014828256813989027,0.0018056197491342907,0.32524660076146694,0.4343585893963606,0.8,118
0.07759841559454465,0.06600593228478233,0.13475589408990327,0.11268546141283267,0.16934962551017263,0.29112574114731354,0.0011690491615252844,0.0006465461434498927,0.0011808049714131148,0.0035427503088047985,0.0014780104190726118,0.002482093967023369,0.19617254060154388,0.2918902201257756,0.8,117
0.1433974486538093,0.09458843446176579,0.08626708384740087,0.25960070173666494,0.19989821828373386,0.1781045624717359,0.0007359815821215562,0.0006081216497545012,0.001020144121796686,0.0019203984966513765,0.0016045777383802695,0.002033498992680016,0.211158990603152,0.32063056666470435,0.8,118
0.1889893273963812,0.1820211739709246,0.14407704273423153,0.2703947437175161,0.3596962449260389,0.2459967721955057,0.0006899684470516315,0.0004253271474520898,0.0013962934363516125,0.0034277101982791436,0.0009617278387236555,0.003475604116347508,0.32954585072662984,0.3919287637690469,0.8,118
0.14211590216863565,0.11816217318756142,0.22916205209779905,0.270759546092373,0.23813858775725094,0.4619845097196752,0.0014187201227913821,0.0008424826038707831,0.0018806729868446506,0.012140846709289277,0.0017918366670143238,0.012208347178611634,0.33977485815741043,0.4628151283282675,0.8,118
0.09335863108780201,0.09560749874809236,0.19132331222381194,0.2320414093355106,0.31056513274252645,0.35316763409541696,0.0010430536239984624,0.0008216797798233629,0.0010976935784719458,0.002779354574258708,0.0016539253591520975,0.004166790056253866,0.2616466969481224,0.38042224039900646,0.8,118
0.15697570759553034,0.1694526457228513,0.1275581789224012,0.2858249566958073,0.27666330963466634,0.26991094492675394,0.0016188183281942805,0.0007630391865872502,0.0019127000994741423,0.016819071660828966,0.0021856325804059384,0.01524702465047656,0.29888348282793925,0.3379782231978069,0.8,117
0.17242392313117622,0.09729168247332741,0.3073067265815962,0.3248173792385315,0.17770417537834632,0.39507725004599714,0.0012584824880313918,0.0005880235123866737,0.0010867728246122669,0.003670615546680356,0.001787895631996328,0.003881968023072835,0.3866334136132687,0.41319807865096453,0.8,118
0.0834757268981029,0.048771093459406445,0.05069335545850701,0.1975474666185305,0.2186316421290515,0.1139304603347358,0.0009618408911054806,0.0007361430254416444,0.0012907268041401885,0.004727358110163504,0.0016394594732008216,0.004784418566122328,0.1311379817170381,0.27842526344435176,0.8,117
0.1152954105827197,0.16157111223223392,0.1896366702093677,0.19143251406172995,0.23706231321381088,0.2853487263721071,0.0006545435009902331,0.0007171625299633487,0.0010723673753434862,0.0010425187695058957,0.0017203297100228943,0.0020857950093429167,0.2943290860793419,0.3199311767795732,0.8,118
0.04438884014080839,0.09060242537702409,0.19611058460095607,0.1465038037623548,0.14238939857170013,0.2339848917012982,0.0016928527595882477,0.000972973601340121,0.0015246981802167884,0.007349142821048815,0.0020019321510311716,0.00745899248305637,0.22845316470295876,0.24804436309407127,0.8,117
0.07809088084264164,0.14734587616106826,0.20283308661369953,0.1567162511797563,0.36279387197869095,0.41954652774315715,0.002769569511125281,0.00045923954757449184,0.0030014036209720933,0.008735258856067601,0.0018010877412437676,0.008839351237801996,0.29982561739344155,0.44001425681437606,0.8,92
0.11248846026913593,0.12030254865005026,0.1382802998996633,0.2350781515233364,0.34515731858874166,0.25781467643669864,0.0009302824545025869,0.0006905047703043543,0.0008645641477033958,0.001957842033735724,0.00126381389606961,0.001426266967127443,0.2546514779309788,0.34926291026521816,0.8,118
0.08480492545030653,0.12973109985355524,0.10048434249903444,0.24005626842626637,0.23381322581234942,0.20404425082158165,0.0012925852545329687,0.0006535276855593724,0.0016442694012428957,0.008006015070233907,0.0018474906039254169,0.007964678949445969,0.2075332798166538,0.3140231303036783,0.8,119
0.21092791281489423,0.09258639608947826,0.2579731506113473,0.3517021950774417,0.23944463233555252,0.49978498295459484,0.0006492459868492116,0.00031804744537394585,0.00101071644267958,0.001964231531205729,0.0008217461561152994,0.0020022690772170115,0.3782442011245656,0.5151889405681871,0.8,118
0.16685330059926393,0.15309469553511168,0.12230340086311285,0.3027610616379561,0.38386574279297436,0.27579010269522275,0.0025558782128659537,0.0008040424415026239,0.0029764128782737206,0.05806415807339471,0.001828791700690946,0.05807222983152116,0.2906148373070022,0.40532786927103853,0.8,118
0.12060688101863018,0.1263010239963585,0.16687826607250586,0.3554637465850806,0.2665545598182935,0.39575607820306513,0.0007663083381538687,0.00040159664407714296,0.0009731731936653093,0.0015258965294517868,0.00103589360809897,0.0017029591675512545,0.2948168505564385,0.399461578691675,0.8,118
0.18377642875419983,0.16529961079558972,0.16250421326225128,0.3289089607100798,0.3329456088742664,0.3880153603372459,0.0007490657980231541,0.000693578921402891,0.001230960647160311,0.0016306441768722535,0.0014459740592486364,0.0023820217523058407,0.33830329073323073,0.4442221219747751,0.8,118
0.08331284865179886,0.10778849349285248,0.3966017298204339,0.1468383545947744,0.17586715262574004,0.4693169884464379,0.003503748852180431,0.0005688474612847499,0.003666678988158819,0.008801863730953041,0.0019068842683811482,0.008949220939526548,0.42484809950109986,0.4901885324014818,0.8,118
0.02665939117124455,0.10098943826188139,0.14701390439836765,0.0591994988951411,0.21034871388137866,0.36218754477051923,0.001469636856931345,0.0005222098658829845,0.0016074747422398796,0.00295256234426694,0.00098609728665644,0.0030557851814476678,0.19563638755125076,0.36888236966620785,0.8,101
0.06905206927078517,0.0795267161684336,0.28603915653564177,0.13699564269201286,0.14500138862745404,0.4098686654743066,0.0005172302511402242,0.0007721882912913997,0.0009641450919870088,0.0013511442399325446,0.0015607819948021476,0.0015492805786569974,0.30815761994464524,0.45370318527014963,0.8,118
0.13732583647946753,0.1074488640848603,0.11627313563452714,0.2566256486475955,0.17465782167251115,0.28021718050252675,0.0006121968268580048,0.0004792104967563874,0.0009340225889837857,0.002496550996557323,0.000924230225706757,0.002556892575736658,0.22998364749266245,0.3848174336834626,0.8,118
0.1342784380563829,0.055708331750233174,0.009048008945218365,0.18489148457593108,0.12851539698170747,0.021908023911696203,0.0005218411443444511,0.0010422753479155814,0.0009149751334445178,0.0013044426762229833,0.0015343957436312339,0.001520583681762,0.14876622544036536,0.22599596402499567,0.8,80
0.13665478395452085,0.11531434081889817,0.20412145337428014,0.3848811506726646,0.2550654933937763,0.4897608247352874,0.0007487099941556071,0.0006443975840185017,0.0011043669005686087,0.0038949745566356775,0.0015343957846144507,0.003944777790547915,0.3113537308617254,0.5030055151617664,0.8,118
0.25324181859117095,0.1089217240542688,0.15324944325749698,0.3539294478298998,0.17737528802457175,0.36326916270484755,0.0016708870812631464,0.00043706380425847195,0.0011035901348444151,0.005289584960397775,0.0016608540412703654,0.003973964136164687,0.3571207628882243,0.39975742896536776,0.8,118
0.08757811179871912,0.12031522764928544,0.062118280971210936,0.1849653190907088,0.20374744186922306,0.25198308140866876,0.0008195240452076511,0.0005162754599705969,0.001089383957446754,0.0015407833426865913,0.001515349040092595,0.002117811743237885,0.1772398891628446,0.32869490172533367,0.8,95
0.09610214329786805,0.08077953013568633,0.058824065435472174,0.16628232829419518,0.1994703480187558,0.11691141049943729,0.0008051494809777537,0.0006739980211658881,0.0009012729342292814,0.0017605307785144575,0.001690062253703828,0.0015426107183384996,0.1514208060895479,0.2529252323737947,0.8,119
0.06539853815222384,0.16791018917396489,0.19018355913395685,0.14093009293412084,0.30913956551469535,0.3329918205940248,0.0004907737450910663,0.0006371038372870846,0.0007538633670310094,0.001304762868853615,0.0009472936601352747,0.0018297597531378162,0.3003129630922635,0.37113445940468226,0.8,118
0.1285086110604586,0.07926303281360539,0.1763495927425083,0.25602512677645994,0.1547074957957051,0.3221737208898534,0.00047085840370607963,0.00047951793742247135,0.0006920290397941185,0.001010373359043637,0.00123765593459213,0.0012403386083469359,0.2609369416961567,0.35163952555761674,0.8,118
0.17056367706143322,0.18950103013134584,0.24446439992982075,0.31790367362620703,0.3175041953691631,0.3793742330441047,0.0005388718177407905,0.00043220830790582573,0.0007375516284717135,0.0009634140829092308,0.000980065052279211,0.0017368157158637043,0.39615679997103337,0.46870227036353795,0.8,118
0.1727253694694852,0.1693163622566299,0.0795352453814713,0.34414370262436134,0.33034472053628655,0.1855929227006266,0.0006748837674587203,0.00044113857651390594,0.0009475557259597653,0.0015605370934892449,0.001054130468071346,0.0017121404489786052,0.2859771966734516,0.43716923237654814,0.8,118
0.19983383336363167,0.0757511531241033,0.16047284566947564,0.28852892017578113,0.13871481663667048,0.2993873534520141,0.0005847791913401406,0.0008308439572813854,0.0010368052711457866,0.003983747920342839,0.0014180968473352928,0.005588788257598232,0.2912914104001799,0.34787236161322266,0.8,65
0.14689756461622278,0.1393071421701079,0.206847375407477,0.28865814482040614,0.3777866112908774,0.4768565451142338,0.0013295102378465592,0.0009919796426003213,0.001863589521698905,0.0072502894524016925,0.002019517605641452,0.007293086708505925,0.3402150672268846,0.4816324404737526,0.8,117
0.15325648404627382,0.11624494574165549,0.10957662613450891,0.24574857000217512,0.20604215279369936,0.23539090834107945,0.000853972462886601,0.0006735146988981545,0.0008882606338182237,0.0019938619258998286,0.0017346091239298644,0.002130251040212805,0.24364994898396053,0.31264463159867567,0.8,118
0.13425832463768267,0.13136475662968722,0.08047200266623193,0.2414846713417878,0.2242620577108529,0.2614768070059393,0.001541146925834601,0.000625011907105924,0.002418061147786725,0.003997080101571071,0.0011042795973014163,0.004070591564050652,0.23359507619467174,0.3092179530286691,0.8,119
0.10053705651175189,0.09163871358991348,0.1843966959071904,0.23326614412325986,0.22397909968703356,0.41557372170196505,0.0006683646352141641,0.0005248236597536131,0.000922867472559221,0.00154399431360841,0.0015165090895561395,0.0015550712228007413,0.26736012317552355,0.41615004807566924,0.8,118
0.08916190172844608,0.08821762688679127,0.07192607889811777,0.13542231390003695,0.1394518057917194,0.22583680665364525,0.0015931805428890927,0.0008323138653191449,0.001627953478610894,0.01458150698618188,0.0016838633213549503,0.015868828972317006,0.15592369787965243,0.26068210982566575,0.8,118
0.08045833974558432,0.0767650186844046,0.22566456346414082,0.14221556959396223,0.1407602891256384,0.3021323629006693,0.0009398323116541237,0.000553000266072245,0.000895381717436182,0.00274057202155209,0.0012899699903521356,0.0017132729073574549,0.2574575382399023,0.3446288575513218,0.8,118
0.11861551683718954,0.11665443780112704,0.13831091970053125,0.33766833355353415,0.18558484780033005,0.26851261872501986,0.0034485439722490674,0.001556419149165155,0.00307885349308716,0.02380111888653369,0.001781131366858979,0.022565557669152136,0.2408370275647168,0.3907311201861327,0.8,118
0.12803946230441354,0.13357790466681493,0.3630412768285965,0.25471420884118107,0.24341528781781435,0.38805934340547066,0.0013220371275024364,0.0011990990204672222,0.0015034555239685872,0.00429469215742765,0.0017981310810443185,0.004295431928309945,0.4190036528180123,0.43125929366575577,0.8,117
0.17483370315356792,0.058165338072981805,0.08247583362972156,0.25579097872077394,0.11222138892846237,0.1938074690965303,0.0005834546980648276,0.0005429381399091343,0.0012097924761506453,0.0010839720487602067,0.0011931546348390443,0.0023061613694324024,0.2167901398875419,0.2654775530522013,0.8,118
0.10765165081586768,0.12380113277232839,0.19175170922427973,0.2801298360740341,0.2425127507073145,0.3178020301279855,0.0016977529301294393,0.0005760964533739391,0.0018103168804177025,0.0075520348179036745,0.0014154829061182594,0.007644158391412859,0.2863593053093188,0.33753942900795875,0.8,118
0.0800952554823247,0.11652242973525775,0.36638432798465836,0.13964981571162166,0.2666729228220788,0.4398011618836437,0.0009221948587198281,0.0003900083441530492,0.0011994991615401484,0.001633975112188324,0.0010338472401648646,0.0024332935808948353,0.40836672176684446,0.45402417715176785,0.8,119
0.1183786008068695,0.10186185290062329,0.15476675988865235,0.2996194251808034,0.204492415650479,0.4262462104094644,0.000587716772827438,0.0006685403076511404,0.0010097051524267837,0.0018120449793284088,0.0014510615561769968,0.002144572752266649,0.25637104147573503,0.44328545105026584,0.8,118
0.12938549178567402,0.15642667757229597,0.24478099934636222,0.21671425963046098,0.3125550599406234,0.37082526682970085,0.0005146178806182966,0.000492729186341507,0.0008568006239527177,0.0012697398165565366,0.0015084865463528274,0.002098922677327586,0.3450281149846117,0.404666448606265,0.8,118
0.14489989163639833,0.08091534308777129,0.1629960364605019,0.27930464002198735,0.16656030049499748,0.44113127005576125,0.0017324597896909422,0.0007443978423840042,0.0017284361737025437,0.021667481065354544,0.0017936185201816723,0.0216734610681516,0.26173927363367316,0.463867381002111,0.8,118
0.1690618335294053,0.13682391691911155,0.20429100296847172,0.31296082128042024,0.24747514427334222,0.39977920947175677,0.0007379028352271413,0.0002947926319988845,0.0006931701528283816,0.0014503602239659408,0.0008594433105859611,0.0012400600694248975,0.3448746284863822,0.4152462536583242,0.8,118
0.04165761176236789,0.16765906740231482,0.3371330462528582,0.05670293076792317,0.23871282061594506,0.4280357539287917,0.0013915299041239702,0.0006992847965745034,0.0017148704138059614,0.0047902099051910785,0.0017467028287918573,0.004918413073527361,0.39219392318245383,0.4408259806500431,0.8,118
0.1184954755509398,0.15771589314281312,0.2056085024180964,0.22660402331929635,0.23601769981985482,0.3688585752276573,0.0015004222206851277,9.161322020198104e-05,0.0016933297514859463,0.0025162127803524115,0.00019435700928380206,0.002696259410859936,0.31694104034241877,0.37770656685454473,0.8,85
0.13307874333883563,0.0895472202914339,0.2315778939603013,0.2308355341919196,0.17937046009427543,0.3749349793853789,0.0012902993383992175,0.00040091936746326556,0.0006308462451063335,0.001862793022142012,0.0006300370004450606,0.0010889827045796885,0.30638978905882325,0.40087459062542447,0.8,118
0.15014438765844995,0.11370553661229599,0.3434831422636343,0.25263886178710004,0.3287573684398141,0.3687210532250618,0.0009973564110514707,0.00041153406953331196,0.0008025514775192444,0.0016794980520762337,0.0010788431686268307,0.0014627988486770604,0.41007695305243635,0.49580388877379433,0.8,119
0.20807652925052922,0.06070508513872512,0.10742923304865282,0.2665207390245055,0.12616809759106018,0.17191408610413011,0.00045637074039082807,0.0008677246100746788,0.0009038798556206751,0.0007211509976090547,0.0015632821696831556,0.001974132754656077,0.24975270459105983,0.30973852567227944,0.8,118
0.18638763656064894,0.1795322480833662,0.13822218560441535,0.32090812260607404,0.28939209144602307,0.17783987716594302,0.0013105898894483195,0.0006425787839568636,0.0016197112209901429,0.0034085092411981766,0.0019982816112256163,0.003988943715453441,0.31096167859922097,0.44127463140218054,0.8,119
0.14891446660862703,0.2885425264424887,0.1361846801504577,0.25458315463344633,0.38716468847549196,0.25573651719678003,0.0021643155607322757,0.0005100805990228876,0.0025006367658852286,0.005113151082485556,0.0008223911267850048,0.006187531832012372,0.3732162388351904,0.4059378334921037,0.8,118
0.08632014554507635,0.04781945617919033,0.23650319009813348,0.18608184222292073,0.1206442684513105,0.33126111416854687,0.0008748716656018752,0.0008509416805964376,0.0007633264529980937,0.002064163568969768,0.0016978353884785635,0.0024629437986631864,0.27260867363851377,0.352941651806267,0.8,118
0.1716665788773464,0.17205468519281264,0.1754033365338438,0.31903210241177626,0.3151896085426567,0.38192991517481845,0.0019288463464421047,0.0007571212167680774,0.0022370661887183237,0.007395822235945815,0.001624378876673438,0.007235588994245035,0.3418352730552047,0.4270539797376946,0.8,118
0.11105684208257229,0.11551519619962712,0.23335760017381382,0.24433168167821478,0.2604786363575699,0.3519303959221995,0.0026104344391564387,0.0007673646215763206,0.0031174277990049255,0.042261704047749704,0.0018108081114398544,0.04217205524319745,0.3233081693680656,0.3599922651679933,0.8,119
0.12088153925228114,0.1501348079052044,0.2133797287388658,0.2658081983632602,0.3819119665088809,0.46661635943543867,0.0013314059948081984,0.0003821561759802883,0.001556391647606253,0.002585190200399934,0.0013112297164377118,0.0027451364720492144,0.3347300977513199,0.46929631414145245,0.8,117
0.11780206571056345,0.16322973547689063,0.20137719550661964,0.23835701912405458,0.4205064523761586,0.41594975622938735,0.0008537092290044936,0.0005413163097915287,0.0009123908213891776,0.002718951374987677,0.0011553709106185417,0.004361566489236024,0.3259578102123038,0.46881083176486804,0.8,119
0.2247748224070673,0.05380603060088856,0.16770292846000062,0.3249006255678556,0.06165389090091772,0.25793525443389675,0.0008478553542864444,0.0005963736189186393,0.0008623926559160775,0.002023273421013938,0.0018596236685920475,0.0015252477699041478,0.30588382857016433,0.34515248745973925,0.8,103
0.1846352847540816,0.0754270224750188,0.14603206849302333,0.2826990088463275,0.14882811090843617,0.26818661492723544,0.0013698839552819266,0.000785612593455506,0.0014793935244007685,0.026335013220164627,0.0017824592364404923,0.024945414816417766,0.27960831777405015,0.30198416867421474,0.8,93
0.16917084359202914,0.09318451136487158,0.163792497639103,0.25965343707675603,0.2341186778412313,0.25893963173498863,0.0007611190348010653,0.0008608974156340625,0.0010882369125177502,0.0017752649665059295,0.0017444174961945835,0.0027680427016760767,0.2792760999267848,0.33772802710315797,0.8,119
0.11446015424526479,0.12274700393795207,0.24103886774826533,0.21875826274388258,0.2068015804894643,0.41160661995175685,0.0009604450568223231,0.0007388010545499718,0.0008969626349097087,0.0025337630299027136,0.0015821145214686139,0.00237440290653701,0.32513744551551277,0.43106488632803897,0.8,117
0.12625102027282123,0.10646428226955366,0.2142760173930574,0.31006626015747984,0.24494363647888556,0.25514195508909543,0.004507250306154467,0.0008390756853427381,0.005375739476383295,0.03583432616624016,0.0022805875050466717,0.03569541101313689,0.29942868795860916,0.34387095739498885,0.8,119
0.26243706032622843,0.23432020516393962,0.11669429530832948,0.411574704932157,0.39262498709788163,0.13298060769551773,0.0008372599033409125,0.0009429981467237187,0.0007691067783835792,0.0025549220514338167,0.0014241550300384542,0.002680850468707918,0.4025360859027283,0.43082363589451667,0.8,118
0.06911592680199206,0.0848098678097767,0.08276482384155502,0.10963999911051371,0.13469634141455555,0.15817179944651907,0.0010216465724300857,0.0007777958965409158,0.06829805156905389,0.0024744815296815492,0.0015975220481593277,6.2825904413641425,0.1537394930255013,0.1654968689129703,0.8,93
0.05364169434866961,0.14626688835323357,0.2755610571099048,0.11059637834207404,0.31022869811143844,0.3586807774990097,0.005017696833664933,0.0011365875654017364,0.004913968319304656,0.04610449679030415,0.002261779247352491,0.046489660223443474,0.3286734566344011,0.44796934064611726,0.8,118
0.11050961549581595,0.20507748113799054,0.16853866405587842,0.2282980202580452,0.34833640253587284,0.27419633823705725,0.0006970846000785866,0.0010377875444782898,0.0004794488754873141,0.0015303181848735914,0.001724079516146615,0.0018813544712954489,0.33112059184764575,0.38175419481138356,0.8,97
0.10051123920318669,0.1987505751024672,0.21445108168859645,0.19161909642868574,0.329973446254091,0.4041981245177545,0.0006077254105200242,0.00035763913351191884,0.0010392814206476877,0.0012284078849611468,0.000848316794515469,0.0018813398675474602,0.34678689065748974,0.41971702244092635,0.8,118
0.14249058434633277,0.053353205458250695,0.1737468586296623,0.3418822036353939,0.08899301445832392,0.42595202843898594,0.0009239869432339509,0.0007972910255720196,0.0013862859771064768,0.006964021168059498,0.0010795824091280326,0.007007686006802238,0.25853929395466146,0.44393363237281114,0.8,118
0.0894948358642021,0.1368757661532494,0.2968029946133527,0.3091248786525887,0.33879902137346285,0.3936097975487002,0.0006610743897649097,0.0007353020007125543,0.001019852141338063,0.0025093642719022924,0.0018111448437839739,0.0022705227505483982,0.36438994333630964,0.4302069328445279,0.8,117
0.050716379564887074,0.05905259169342009,0.2369558508471842,0.09897828572744352,0.11607856149666959,0.2595447248813774,0.0012418365901270046,0.00044744268568658996,0.0008360515277533759,0.0023097178217836856,0.00101923216639066,0.00177802174919095,0.25371092511163723,0.26386973370980016,0.8,119
0.2017952080102107,0.15663234885613914,0.22520750145275595,0.36543931977490557,0.28185713972264204,0.3837635167918362,0.0014727197624661255,0.00036580309117879666,0.001433007172846037,0.004081575756440081,0.0014487540074819005,0.0037587273108447006,0.38228133508049916,0.4210032009028215,0.8,118
0.14437585478258164,0.17562364783879927,0.16859523089248615,0.28317737114593855,0.31125005180032206,0.3338649137555044,0.05513233095900537,0.00085350753538906,0.0026509662768691524,6.281330852200608,0.0019475089495775144,0.004590802310760811,0.31876655380055896,0.39010875975332465,0.8,118
0.0617834380772958,0.057555787746545836,0.09677071050822579,0.13229219442571724,0.13541714783836245,0.18792462632846965,0.0021920760198831596,0.000991782626903401,0.002092765699404333,0.004166770439613776,0.0014707910910949362,0.005763851505006912,0.15093887721649799,0.19526300054896167,0.8,118
0.18754258597442636,0.200515194416377,0.11247313578486486,0.3271273773545153,0.32628179920025735,0.14925227007805636,0.0007186094541244651,0.00041422902137641155,0.001046847769146887,0.0031919013878258795,0.0009456347929368836,0.003250854841494011,0.3217949897032373,0.3781559971456088,0.8,117
0.12470227932310712,0.03779816902604423,0.07958730606541856,0.22550555298555353,0.10547921047248904,0.1951504636649436,0.0005984387419597022,0.0008468011300096042,0.0009307324905505856,0.000939067114058445,0.0016905199354756428,0.0016020299693317863,0.16933923978100798,0.2605256659067302,0.8,119
0.14285695118169825,0.11467550853621518,0.3283613013961886,0.3452282996668289,0.32309702492482717,0.4064316224198019,0.0007009000769993782,0.0004193691291766681,0.0010006629006232707,0.0019509549153704508,0.0010077568096267253,0.002015367056124706,0.39802710063024366,0.47360447435574027,0.8,118
0.2126154215397012,0.22075924129360824,0.10450100363298034,0.3798696608514778,0.3494044752484051,0.1639938524459727,0.0013892379797427468,0.0007861391358175649,0.0013739559515610349,0.012841432358433047,0.0016848403204412499,0.012870837144675296,0.3790466703020272,0.4089450079411646,0.8,118
0.16887471229758313,0.14148358254356067,0.27983901469108174,0.2951743432866627,0.3982089886662744,0.398410418592478,0.0010332566397888846,0.0003386068852018015,0.0005737269954249063,0.0018129181222783508,0.0008789384834593239,0.001071050182462674,0.3947184429413369,0.48754644230298966,0.8,118
0.1624686647006185,0.16283251215027592,0.2802533597289725,0.33005941806621064,0.3186649521519777,0.4174599581720723,0.0008321125270469033,0.00030873286521396974,0.001119531070205657,0.008360696929138545,0.0007975161609028447,0.008385368839368912,0.39819489077934317,0.43779245574150844,0.8,118
0.08654884927422979,0.14617346630406708,0.19515887010112762,0.14867535508018642,0.2806071918864049,0.41087911543599887,0.0017439033132698822,0.000518023550864272,0.0019345129535023045,0.011527215223138931,0.002245474349583221,0.012097643478908626,0.291857134587008,0.4298865037173541,0.8,118
0.11310830358997186,0.08360129420270435,0.2837721462665976,0.17027363728469236,0.15545746148231937,0.31608651875813376,0.0009591669648232223,0.0003228624858883242,0.0013099233458076349,0.002469981921023656,0.0008015422745797363,0.0025259276140801035,0.3242645205598956,0.3602562059022503,0.8,119
0.16666618890628346,0.15443400294083806,0.2012829122059899,0.3082960447330102,0.3285219259594101,0.33011843653207346,0.0010187281295852668,0.00036075165615626997,0.0007523684704783179,0.002332442784006794,0.0007523873428640915,0.0025590522577605412,0.3485889561570712,0.3712127306024587,0.8,119
0.1737735813829348,0.1539062199940876,0.22705026224853647,0.295287543816452,0.29381236527028987,0.48878286174649344,0.00041071619958644176,1.6583188925126584e-05,0.0009059708296927852,0.0006906096381280591,4.480835865983135e-05,0.0010147840133958308,0.37000620394174893,0.509143086355983,0.8,118
0.254319377286267,0.08576318002691861,0.12838485708374617,0.3963633241480117,0.16382214285151872,0.3031183478233471,0.00016076312896969925,3.598379896913196e-05,0.0008489972178290667,0.0003701112650476013,6.594072179910704e-05,0.0009475488461709869,0.325161419002781,0.4458590100922323,0.8,96
0.18423262852664005,0.08310182640836379,0.20942904130547674,0.32463232741688697,0.21679567998517718,0.4638996924677615,0.0008491269250051194,0.00031309300391480535,0.0008401993997171096,0.0023294349793328006,0.0008549482595640034,0.0015029229275806966,0.3208432945430227,0.48313018181299894,0.8,113
0.13847326366243942,0.10311847918813571,0.23087957918818922,0.26152241428005696,0.2726650804012099,0.41093607276547733,0.0007637444971381542,0.0003428399678285793,0.0011112922489928641,0.005031703881536398,0.0010845056697033062,0.0037551805559372653,0.3246776788685051,0.4238508531667443,0.8,118
0.0857187842945279,0.06489058430708085,0.11925700797613392,0.15445142498462677,0.15296830852164545,0.271425542197448,0.0010768641868806657,0.0006473595750178993,0.0011294227778515346,0.008590185151712504,0.0013600967559210808,0.010212427962251969,0.1799502319242729,0.27566514755678295,0.8,119
0.13352750866584578,0.1806926969621791,0.1900744879098555,0.24054578989864733,0.3679905620902457,0.31245164560311706,0.0005449654304537579,0.000551667711527427,0.0007084518937395154,0.001558865244080998,0.000938593096040774,0.001988657882723288,0.34449007157159595,0.37193954332568974,0.8,118
0.03565649433717471,0.10596022126526314,0.13200884743574215,0.10699589482988558,0.2515144882673756,0.35821485929207686,0.002170828408822706,0.00037902606851780566,0.0023236284401441675,0.004449148278090176,0.0012665720086619814,0.004538553601455497,0.19524774683387214,0.36190056920311936,0.8,118
0.15733384055421887,0.0819006715886975,0.10104100244494776,0.24105810214239726,0.129249443004576,0.1568597362828279,0.000662788817118677,0.0003671397878703666,0.0012484915832843566,0.0023317803807694215,0.0011285473445594718,0.004026743308309433,0.22065144317963392,0.24788767650022245,0.8,118
0.15688160864997003,0.13592201866754644,0.22818961830152124,0.2729549396964238,0.31387184384970523,0.38130566054786885,0.0011293133153789951,0.0007227409305019948,0.001204663632364655,0.006546371057664757,0.0014468298608442676,0.00620039204400924,0.3399601270061653,0.42482138557110083,0.8,118
0.08699040129434671,0.11250665858288583,0.2966761009912136,0.23978376727408537,0.2676551875850122,0.3229318761581139,0.000838472084977207,0.0007624438819711051,0.0008433620405013801,0.0022424191106354407,0.0012077671880007246,0.002329824605362796,0.34146402575222917,0.41253698980414294,0.8,118
0.07513046461544466,0.24543713597564665,0.22052907299255514,0.12725430590133688,0.3952125364288086,0.4694758351899462,0.0015061750288218243,0.00041409018152609373,0.0014920455782890126,0.008371567992565221,0.0008681518957739387,0.008650015316522097,0.3828762764000464,0.4717048923307695,0.8,119
0.1189470522121334,0.16927101509148604,0.2613699083745733,0.28209545713185025,0.3828677498536225,0.4795951252282584,0.0008739628795225449,0.00044188447642449125,0.0009806096942994423,0.0016918145481040758,0.0010061230790539,0.0018621793993358615,0.3771899088417403,0.48919292851700225,0.8,118
0.07617943492897992,0.020374439248000583,0.053668994774071485,0.13367691180093463,0.03496774935423029,0.10557301416327346,0.00042035761163144016,0.001047114341687433,0.0006050524429740657,0.0006126549034652928,0.0016063584673191578,0.0010043061606916925,0.10609475055128308,0.13568186126043358,0.8,118
0.13212446884579562,0.12560614638849657,0.16658398997336807,0.2869559302750081,0.19062010595355497,0.2626479777529195,0.0005567763177516078,0.0004982679385304073,0.0006879794062526933,0.0021376865330440253,0.0015635296832978152,0.001166509273802685,0.2652619567809442,0.3599576182532727,0.8,118
0.12613073402916242,0.23064165815667273,0.12354202119819256,0.20310406248219062,0.3436869704498324,0.2150266083080486,0.0013497064107957325,0.0007601168736913865,0.001324192884925004,0.005849496846771718,0.002016504828261878,0.005976951025685517,0.31143349961967637,0.3510675226856891,0.8,117
0.1386794272312881,0.1341763272243916,0.23384478709159495,0.3813714855894569,0.2765945900985495,0.47042596629925637,0.0005701235814194905,0.0006335671309377788,0.001054270785588118,0.00117642366580617,0.0018377868327011937,0.002125553303884198,0.3408773598166794,0.49687099558911196,0.8,118
0.15931670113751326,0.15721124598188704,0.1371895498403565,0.3095708927855895,0.29861169635304946,0.24818902443641278,0.0009684371797480222,0.0006655465004191455,0.0014639377146671462,0.004483426663433043,0.0015657421710061348,0.004551065472815363,0.2979982510621284,0.32296589545946164,0.8,118
0.1629933107827364,0.15811153072041473,0.2702588675352315,0.28002208271856677,0.31346764428576557,0.4358434346362251,0.0011371743754732201,0.0005457626096992993,0.0010153496588786246,0.010418414389892217,0.0013362571682564717,0.010496370577540937,0.3820075928223375,0.46125417045193806,0.8,118
0.12678972305214561,0.07488927631259001,0.16624344643220612,0.2894368703639989,0.190644331897803,0.3980903048533221,0.0019454778846070924,0.0006362967397664907,0.001969114853573534,0.04714390936510782,0.001292466524748681,0.047148764682948485,0.26137619546025387,0.4069911440535998,0.8,118
0.18975788651242914,0.035395031782018006,0.1772611059528579,0.3038675861264867,0.10846251159262442,0.3135753310587291,0.00070313298129897,0.0009275041838150253,0.0009401708711444363,0.001186754873206075,0.0011783384451674594,0.0018138580188511444,0.28564068247317687,0.3188782274454979,0.8,118
0.11410925028456526,0.11159354403299926,0.11431215396003684,0.2083937874256036,0.3194582591889564,0.19587638544027242,0.0012030894842576375,0.0003559464944650996,0.0014378061848876337,0.0021688434560243053,0.0006016777683121033,0.0023276128583300526,0.22905578824581846,0.336413684189389,0.8,119
0.1350833415722894,0.0784832772705097,0.2989154719871632,0.18822321961429395,0.1297308821870824,0.3365511991749404,0.0009549518035430242,0.0012438029254969185,0.001683509738648721,0.002224899796040125,0.0018030766603962523,0.0035308846835218066,0.3421835137653302,0.38181878434841027,0.8,107
0.1541955178082003,0.09694057864388597,0.214476777540624,0.3701939069412806,0.2923856619897446,0.3033586254138211,0.001206543991093703,0.0007939809903946121,0.0013127162259742168,0.010806540833313782,0.0018613376913583224,0.010822540435099448,0.3229008182026751,0.3804643094382254,0.8,118
0.15320560716173928,0.19582503012632546,0.20845545840347796,0.21006171619821995,0.3163838795511156,0.43021988562594904,0.00042065786970824233,0.00032111875826393657,0.0008860325689483299,0.0017063671949428816,0.0007811801542734198,0.0013391182070654484,0.3627452357563115,0.451020534180975,0.8,117
0.15773946556110008,0.02139274123664005,0.13265223600514145,0.24528408319745887,0.07845146446526671,0.2726421579861381,0.00040251095444032784,0.0008065602135549506,0.0005570688671187435,0.0010391327212602164,0.0011029753882518811,0.0012397061258822006,0.21923365458330785,0.3084351328612337,0.8,118
0.08441702792135095,0.13812540197411993,0.15774145929998226,0.17683427373041227,0.3123967846154241,0.32722415851389425,0.0008088681017844389,0.0007936035529741357,0.0008788947019721388,0.0024658140802651385,0.0014899974675113281,0.002283242328056878,0.24966492672397936,0.36600680544428454,0.8,118
0.23136814539714043,0.11944201251679885,0.10473985454920097,0.3167108980050366,0.1780658678871333,0.28203821704107135,0.0010882804722058292,0.0010374154773304324,0.0012169795627014319,0.006201989347940473,0.0017015332751028067,0.006254987971426873,0.293093664654289,0.4070400000823096,0.8,118
0.14140696375242193,0.13947038791648605,0.19051244422530142,0.17893903747711,0.2244047147132931,0.4549284312913733,0.0026114855081101345,0.000547640619047779,0.002623733158492291,0.009378767748021044,0.000796319527557765,0.009407578033964636,0.31086872221012607,0.47811200947543003,0.8,118
0.12762416666899196,0.12092631629598025,0.18446700029421662,0.24751366884820325,0.2357960921962287,0.40773319239324696,0.0016153156025808966,0.0008269927983876533,0.0019562054375711776,0.01848657992069236,0.0016702066862451792,0.019815677239085394,0.28583142061430306,0.4086694875346265,0.8,118
0.18338452513984008,0.11286566834442452,0.19734642817374745,0.2912010898279904,0.201686922256328,0.38726898047873703,0.0013281415848029074,0.0006305967723919813,0.0014783116607970889,0.025681722705014343,0.0012968768333972425,0.02569369097193852,0.31864670953980534,0.44632067714939466,0.8,118
0.13598659216813117,0.0604179119479335,0.2534938934834864,0.2677090801090202,0.17439024440740664,0.3105834332343335,0.0030281146620036352,0.00037356143849670147,0.004146295571960157,0.021361859232146507,0.0022780738690717506,0.02094772837318848,0.30985643748617586,0.35231612299399806,0.8,119
0.1988134818314442,0.09942208083347227,0.2003498740178628,0.32344779609884755,0.17405026780257296,0.3363425515290741,0.0007476158287510642,0.00031195348558301066,0.0008171808292990539,0.001276167438545972,0.0008567799592213987,0.001497284803557708,0.3265907440852892,0.3682371764434063,0.8,78
0.14943810114132142,0.18513656059167985,0.2555837683685821,0.30423439197157076,0.3564215217796418,0.47755464308937867,0.0007513548539074372,0.0006182335816909839,0.0009380556242960646,0.004437742597814154,0.001827378687348391,0.004736804744413181,0.3834888075352516,0.4790512499055993,0.8,118
0.13229174183794035,0.17114620009475734,0.31347308673504104,0.25196226971645486,0.2590121792482791,0.35565247378272163,0.002619186886714658,0.0006932714851147991,0.002569780252768257,0.01682340000490834,0.0021925602906500696,0.01694690162433532,0.3981777831267462,0.444733586242103,0.8,114
0.1552644093905818,0.18071180211969384,0.16980014681766692,0.34387806315462155,0.26157768175855817,0.35574714574122435,0.0005222033459510274,0.0003712697271236585,0.0008462851560413736,0.0015371319428028052,0.0008191066139628944,0.000959918256246084,0.3261565404146131,0.42521518996854923,0.8,98
0.1320946282314328,0.1602302826551358,0.12527558486778292,0.34400219702967205,0.3004103050814389,0.1982754482361463,0.0008539120948206458,0.0007272512073125051,0.0014060136092859882,0.0022963218302918253,0.0015151694148994865,0.002537591659293903,0.2759578499060442,0.4253656296015938,0.8,100
0.08721339429818123,0.0891908121596509,0.14864824556763373,0.23407020877799317,0.16334031041840988,0.24362868649365085,0.0007505993200897984,0.0007541866412912459,0.0012393500633778598,0.002175697177723812,0.0015677759606443908,0.0022670773162295488,0.21216247578077865,0.28763681967328175,0.8,118
0.11413553858102313,0.04071611168740627,0.12366854099975273,0.20480346934289417,0.07172288351718648,0.26432357209943,0.0009993698054762605,0.0005417102000200428,0.001298826450300211,0.007323037920502262,0.0010296217054801549,0.007353171339377962,0.18579234570633377,0.2734625208319228,0.8,118
0.11713432468562819,0.16198754527738704,0.34624202361895995,0.2761665142077341,0.3043771465917453,0.39279980183946506,0.001254090962126727,0.0005539985532832786,0.0012337170326706017,0.0029202394402264575,0.0017832119501063337,0.0034266471263519893,0.42091160765323415,0.457548070877808,0.8,114
0.16670640863943806,0.164243729274098,0.1304803640949388,0.3106574953076598,0.26264575534253726,0.2280226424739126,0.0006730837937075055,0.00036581478449874613,0.001063132872515723,0.0012709850525447486,0.0012489734122842489,0.0014237045906138057,0.28521078115977616,0.4269307264198946,0.8,119
0.04680569699698733,0.0704804633828039,0.09290892098364156,0.08684882958307602,0.13814181167605102,0.15657677534280803,0.0023246424197136926,0.0007483408231845458,0.002620012258243464,0.0032252832238870432,0.0016414924947567577,0.003776645498702935,0.1358538219868514,0.20649846532115984,0.8,118
0.07392214452498089,0.22087736852717552,0.08759721554602908,0.12808504373373963,0.3450916842100905,0.22315235093094332,0.002252792329628902,0.0005030127024846612,0.0025412626658248482,0.0428537249334392,0.0021124327146799793,0.04286109116105785,0.26167452527443963,0.36282953825174247,0.8,118
0.15293982498076988,0.09185363046336449,0.2179569954392766,0.2761704705201721,0.22836330498446195,0.3157802888867062,0.0009751268778879375,0.0007276528637599448,0.0010936687399980176,0.004158530971507091,0.0016211004991422695,0.0041756127823657785,0.30892150839653254,0.35814480057001113,0.8,118
0.1274143871946551,0.0959868529614416,0.11014092440599578,0.20715553019625912,0.21281380242170744,0.23026900638230136,0.0009353864270056967,0.00038696522625934114,0.0010470098179108868,0.003543301076961658,0.0007984540429843978,0.0036446452624661063,0.21859376980043324,0.27931666279684336,0.8,118
0.15967156763614657,0.08468156604681273,0.09509185503673687,0.20937434782991127,0.14048675309280412,0.17104159764157406,0.0008968024925286967,0.0003967639787060962,0.0011885000560409734,0.0017605778322966614,0.0008158206670958457,0.0020425049391235017,0.2161939982237173,0.2242580369839546,0.8,118
0.1430448591714835,0.022789055968666025,0.13105675578228584,0.17548736563889444,0.05271972594970392,0.18471568072998423,0.00028339859179443705,0.0011728062352030137,0.0014970469875654365,0.0005578944786019946,0.0014784757146183297,0.002299134388713542,0.1958489335615148,0.26018275828853915,0.8,119
0.09258833999462861,0.1113983079083561,0.08229990601580078,0.20205145830084603,0.3456126261330365,0.17746563123763648,0.0009231130553978667,0.00044065439175051886,0.0013261928554081088,0.0011452652325356638,0.0007636261023437896,0.001654912720767232,0.18669231325566693,0.410650315232476,0.8,118
0.07597216428436976,0.12101921412722944,0.30892002119115525,0.1362762887418658,0.28677089140848816,0.5108210539217183,0.0024046268603045646,0.00047013682646697267,0.002894921288438775,0.008273253782627776,0.0008729233590194507,0.009163708882828248,0.35386197790107204,0.5213590433050846,0.8,99
0.08294720092477435,0.05737445668146519,0.1028516675060977,0.1398318796924694,0.1268369671546382,0.19007746953554783,0.004413175044558519,0.0008181160294919111,0.004290491221348395,0.040948103834769864,0.002201555689466339,0.04095404557699189,0.14964072285984137,0.24864589469406204,0.8,118
0.16442136987105627,0.13122203470497318,0.2719634324020361,0.3439209416458425,0.22297091828662835,0.5169775772703383,0.0012492009430751002,0.0007042733696723671,0.0016768652915984175,0.0033742336062685396,0.001783653893194126,0.004595823187368175,0.38061460001570324,0.5288649833100594,0.8,117
0.174870104301851,0.09421939327362971,0.24246211455740083,0.3762695909925535,0.3045838703203886,0.3721807517484925,0.0010121167176288307,0.00028897093276055694,0.0012715695624725843,0.003374672783842847,0.0007861334383827412,0.004014934038429008,0.3371032289788308,0.4510358430249566,0.8,118
0.09720919175068997,0.15976884776307326,0.11417719428941145,0.14913436348432596,0.204013107746793,0.1796311366852878,0.0003262309228288998,2.118210162281939e-05,0.0008697908422286392,0.0006285213503409715,5.009427325841642e-05,0.0010138444749945297,0.23159303604603712,0.25456619798073704,0.8,118
0.16055175049052378,0.14735737539104107,0.21437618104416054,0.3483834007044903,0.3084389739430693,0.5196209760208694,0.0008819189917548651,0.0005143322766291339,0.000885450506103616,0.0043162455453416015,0.0012448398858439513,0.004348553836372303,0.3490687086770604,0.5301839644824755,0.8,118
0.1904368349285941,0.10526829225041603,0.258187463912796,0.32858785720442246,0.19894684587112063,0.4250985264619691,0.0013444100188809004,0.0005546661567000137,0.0012761039994673056,0.006488246693526323,0.0010866548231567852,0.006393126560674922,0.3494064178434344,0.5351916665034734,0.8,118
0.2774664109476605,0.14215437994450364,0.22562431562244584,0.37258402971158355,0.14838643227561196,0.34194115352645954,0.0006209740854270551,0.00017370958810090023,0.0008944096150467329,0.0009960152247927567,0.00046812870636750437,0.0012700169758215196,0.3962369452319145,0.5104436523530663,0.8,118
0.1029799187105298,0.2691413100758794,0.20711154733871603,0.19636064854231183,0.41261815676532715,0.43427918378007857,0.0012246888939351087,0.0005222473711853845,0.001081862562827188,0.010527745498607022,0.0012505845884731581,0.010556004003795902,0.3789626804157509,0.4881803266814296,0.8,119
0.049060197126652536,0.1032426695362237,0.3161401965075365,0.1925471378732565,0.15023256972578108,0.4142144172301413,0.0005738207131189154,0.000707080841693408,0.0008238371928562569,0.001361387576306855,0.0013037957608613704,0.001623179797457741,0.3452475837687575,0.4252321370267238,0.8,118
0.08578643829130984,0.11631180362981777,0.08377833355781604,0.11406876478050226,0.1453778323104826,0.17331340370745163,0.0009051273902991237,0.0006313537227972543,0.000928675725217786,0.002237717601946909,0.0014729178255005748,0.002378295059823232,0.17727587373347373,0.2510464519805382,0.8,118
0.09494806560903414,0.1488736876290346,0.17320590839122357,0.15684165617728255,0.20302798097326974,0.33073126814535364,0.0009855132304618516,0.0005472292461041427,0.0008923943865552818,0.002225265776436114,0.0014107663506610635,0.002477827341546557,0.2679445531212139,0.3481970029954862,0.8,95
0.0957880179521694,0.10308607261231106,0.16367874048493294,0.1857678056924741,0.20284008303396175,0.33083616538977145,0.00178979306977445,0.0007089122056890997,0.001857407152765116,0.008744801732527563,0.0021309163947500487,0.008470174140103093,0.24455536437846043,0.3483130382382594,0.8,118
0.07640147790894411,0.05670596521588211,0.030211118834985964,0.13457825827995137,0.09229108014357311,0.06997173658536258,0.0011325887364074365,0.0010782747105363975,0.001223998483896556,0.0022013933609161818,0.001886316281173528,0.0026351925275096555,0.10783480625608056,0.15505368514351678,0.8,67
0.08315586892883868,0.16543753609492065,0.15769101323210882,0.1985320607705972,0.3503999864667837,0.47907269741512365,0.0007396009468220153,0.0004415449027499956,0.0009956282887234266,0.004963284838350512,0.0009679416417918141,0.005005252610298494,0.27658489214651133,0.5028819401280038,0.8,118
0.12138622092244666,0.07327062596375389,0.12612762395137217,0.19948020796307386,0.14527040847412087,0.22285142490508886,0.0006935481128076781,0.0002957523008906168,0.001126282973923825,0.006775782163235267,0.0007927876528286415,0.006819901949662199,0.21217750694282517,0.2635812186070284,0.8,118
0.09049360785706331,0.12740787270287546,0.12418506234574174,0.15954572917592225,0.20322121926255926,0.27052145661546156,0.0008458052114378755,0.0003256504969560004,0.0007012880736805443,0.0015929139611619014,0.0008675454777764546,0.0014787472153408032,0.2183014392663751,0.30344806948984865,0.8,118
0.14283023204746045,0.045246406071318544,0.1604695433634617,0.2613144696760845,0.08632349912752854,0.2937693338122686,0.061610545190910616,0.0006700089554141144,0.0010978125766274158,6.2824853367816615,0.001131747897335389,0.00581200805761295,0.24253821138601805,0.32006679431500185,0.8,104
0.15718706981133837,0.15411920134784104,0.2399376277822863,0.3279505586829874,0.3453567155056184,0.5034056654337989,0.0010806549646562216,0.0006142502222292583,0.0009771911122089681,0.006689949805316786,0.0017699740316242663,0.0067339773286312354,0.3662210601770587,0.5249505361452582,0.8,119
0.21208993498231551,0.23531812219220724,0.12347750007428854,0.40625183398511755,0.3635894744508479,0.24846061711126322,0.0012643250047153591,0.0010150400733046098,0.0015279582060623543,0.004879479636706874,0.001748469099474903,0.004892096531114998,0.38125370149867305,0.43542237849740983,0.8,118
0.10375173495174897,0.1469618828228359,0.06827996822653039,0.21902330688984745,0.20087425028902092,0.1019458101358751,0.0011825018167528408,0.0007087762361437013,0.0011605681569178048,0.011187104160170769,0.001514314961849561,0.011206411671009553,0.2133022614008874,0.24256685191704228,0.8,118
0.09668285761661656,0.17816848845577868,0.07972958389169367,0.14512318984165362,0.32054155535530854,0.15685292156538966,0.0012264545108463581,0.0004587819091230654,0.0006434984636874797,0.0020125252703917518,0.0009591881049666462,0.0009529625295661148,0.23968698581540487,0.35626268374046494,0.8,119
0.0815320905568827,0.11464708075117519,0.1654942273369751,0.23005339172637812,0.2623012170498833,0.3910224052500093,0.0016631571680693444,0.0012509099254649214,0.0022080872040124164,0.021806102964195495,0.002115061534978091,0.021823516046420632,0.257189760285084,0.39521562821174094,0.8,116
0.1510529660026471,0.09382753291729683,0.12651538663723308,0.30689508240174684,0.17711044932843167,0.26188006648660717,0.0545536571663798,0.0006944669489716292,0.0008295395107919907,6.281598613806086,0.0011011484209250688,0.0044009005337271034,0.2683545763257085,0.326062505468967,0.8,118
0.1339192660882708,0.2009227481201928,0.16942556681830456,0.31386573182340843,0.3588904794552549,0.2671366802347713,0.0017673141279332465,0.0007987258628045266,0.0019354791403604196,0.03742139398518346,0.0017819117641690863,0.038944053053082794,0.33032216561259403,0.4546407915336703,0.8,118
0.13264809543572517,0.059568978125272884,0.20038317241467343,0.26975935056485856,0.14156874727848676,0.29391548564868386,0.0015368146197994605,0.0005105620837245912,0.0014742986951360808,0.00449216240772099,0.0013344190428696834,0.00458341804069029,0.27698296223777613,0.31862363689333606,0.8,91
0.12741502077775585,0.14507706236098977,0.19898509097171801,0.22724189492586744,0.37152836402510764,0.4463083778369933,0.0021925960185807843,0.00018302977336838203,0.0025247023834866727,0.017991297539226903,0.0018244839214280884,0.01803038751509467,0.33420759617920026,0.4577396969247825,0.8,118
0.2131794142109637,0.26382785060224506,0.11296739185498104,0.42506678158333344,0.390737638700705,0.3099171357785032,0.0017616543368470395,0.00017350108914553894,0.0020930549211938994,0.012080147480882042,0.0015997823858511229,0.01210752124361969,0.40319168795008337,0.4544768423415182,0.8,118
0.08980495128227997,0.1265770353809205,0.19224475689074094,0.16568658931973024,0.2861508062128594,0.44836423608826925,0.0016819519373929865,0.0006967230084603298,0.0017717442472281633,0.0054462656186484715,0.0014181762204589776,0.0054945099130763175,0.2768653719664043,0.45932562764563534,0.8,118
0.0957487722833923,0.09231997661844274,0.13363815076724603,0.2363490918595417,0.21072915680272875,0.220521474793912,0.0008533902701672161,0.0007065269814546455,0.0006893697826431252,0.0019918538769445604,0.0015967810619992862,0.0017690717746770002,0.21874959441904582,0.2729228197312449,0.8,119
0.11784341609315127,0.2517705398237998,0.10760663942834749,0.1828765642636389,0.2667068824611777,0.1303399185897947,0.0009627516741332943,0.0006167627527579231,0.001269738802412093,0.01611577319293822,0.0007969627385655542,0.016116257278098844,0.30506403159570883,0.31714562895897636,0.8,118
0.15110699766794813,0.11517956430167195,0.11516604702645057,0.32723305771751865,0.23865808134169703,0.28430011934323945,0.0006007939318688526,0.0005693772597509331,0.0006843287260237819,0.001063549315176049,0.0010045986314099475,0.0010141170957052026,0.25398983745339215,0.3533995544305957,0.8,119
0.12839093887526568,0.07934527580861182,0.28230677632267653,0.1889128802679428,0.13383256127797488,0.4292356979329597,0.0006996518664137735,0.0006273947353819524,0.001016796869843486,0.001281189066937749,0.0016499919808180552,0.0020880123654378746,0.3348803532794982,0.4318969473600476,0.8,118
0.0806333903755006,0.07760640638927593,0.14549967623523544,0.13584877323390449,0.13188531124374728,0.2754277785396916,0.0010361612618600422,0.0006863522138903079,0.001224659505739754,0.002043770171304582,0.001590081580664482,0.002727286303390919,0.19144471649710507,0.294428933898386,0.8,108
0.060414036894327325,0.10149482449169867,0.21709197720310833,0.1791926457647235,0.1374883217165781,0.44017139638861136,0.0006763508166071317,0.0007469435956526181,0.0008478383763940086,0.003331370534940481,0.0014594125462699115,0.003419322129449398,0.2571279823637588,0.46985052050786935,0.8,119
0.15394820483724,0.14009815362029784,0.1488230284981699,0.24445925264026275,0.2853115202224501,0.27242148940949706,0.00074779689675411,0.0006689683016474213,0.0012245728012639139,0.002853811878440027,0.0015474582433495643,0.004541352893467687,0.2859295175005113,0.3376866578694083,0.8,118
0.1593683429346915,0.09979875091796321,0.4642953027302883,0.21662328525956157,0.16213974802880823,0.48594905718376086,0.0007063114682659684,0.000482657146661809,0.0010434559841479055,0.002513762179792156,0.0008237483119180045,0.0025855472214482145,0.5057420845011965,0.5473481432305224,0.8,118
0.082671972006302,0.1413981842200615,0.371547268795339,0.2649124320622043,0.29009229117286345,0.4425081885681125,0.00527503721920282,0.0018411281064489088,0.004844313909691678,0.18191436665611105,0.0021343773375614994,0.18110530146997506,0.423884972674021,0.5153917355671986,0.8,118
0.20904890086608577,0.12475683105186194,0.15257416706362056,0.31603787404702505,0.3314623804985756,0.2734943427295201,0.0007553959303031977,0.0007017525301614869,0.0013617514637013894,0.0011612034173860142,0.001662363229735564,0.0024204444500310895,0.3237186458546468,0.47251191423320194,0.8,118
0.27083702097904605,0.222192212213876,0.12381360859943442,0.42107303394562867,0.33164645279311267,0.15045669312878598,0.002027222060921226,0.00034805828248497524,0.002315026502665218,0.04518906725970928,0.0008609502706640182,0.04519458471973348,0.40545567310724234,0.47298879765521346,0.8,118
0.0811447849102076,0.05317656618268399,0.12419618289461269,0.16338112294271764,0.1005666295984188,0.27834707147910176,0.0013125115446182415,0.0007386306133300954,0.0017392739429128324,0.005545538072619038,0.002044400849066319,0.005113700698803458,0.18020670989473056,0.2804324146762156,0.8,119
0.10580302984424542,0.08381234007129355,0.15734103907239327,0.2554293593391099,0.16159245983397033,0.3921699201246414,0.002243510140608437,0.0008882367235996741,0.0027187960930756157,0.020758935580913462,0.0020536932137178443,0.02076953267081061,0.24069268334796554,0.39637384019681543,0.8,118
0.1818730100554141,0.15830889606586226,0.18573259684255736,0.39409062451792864,0.3680051895522166,0.3701205756827878,0.0014155470007404852,0.0005212946581510381,0.0017362347693510622,0.004545635556157834,0.0021462792131905495,0.005005997961842867,0.34637329499669856,0.45803580961902474,0.8,117
0.0678070770841816,0.07857332213084703,0.4266033096758121,0.11276587367447535,0.12696173467345467,0.4482709322981807,0.0010044451958913473,0.0010544373247157945,0.0010084298191554537,0.010075229942558828,0.0014450254180919941,0.010106918672190268,0.44191069153780443,0.4614837958666841,0.8,94
0.11994192249425127,0.12853638731015227,0.24777814108989105,0.3308164115518172,0.38661862327825147,0.4880932451407122,0.002326122818332233,0.0009077024678146801,0.0024211302589494696,0.01930492031315012,0.0021666061863456765,0.018947225332365702,0.347026274836251,0.5193533287447704,0.8,118
0.11656452550849815,0.1752953158007408,0.21087658442029172,0.20557937017912503,0.36665908219646637,0.4315628159830083,0.001001661806990419,0.0004008163645175559,0.0013095817449672198,0.004562686233581026,0.0012906555653169338,0.006186212155642412,0.33844168878516,0.4599685975063352,0.8,118
0.04865453483156406,0.07807679798069825,0.24688861571180426,0.1067722732577979,0.16976870855008794,0.3960022348755985,0.0008033415861924681,0.0009520803109329283,0.0009102766234492919,0.0015984626199907481,0.0017335200003475437,0.001555496361862474,0.27520391621542944,0.43742731550586816,0.8,119
0.12139208085396791,0.10469766038850835,0.10670137361888664,0.28161304102263873,0.37831374397123363,0.19207630740324505,0.0009332315164054019,0.0006020133373029939,0.0010291298587741424,0.003543960127992296,0.0010838506565176431,0.0052037848502246575,0.22708906215608635,0.4070913409584388,0.8,118
0.1436607944739641,0.12450008331473321,0.14193014977519147,0.3859580624674692,0.22983183229946816,0.312288186364742,0.001072795830424702,0.0006427165321781075,0.0012945219920616302,0.002502208314413723,0.0014291663361849505,0.003457458817865744,0.2670334141890576,0.41621404321535915,0.8,118
0.1402868644641314,0.1259348587803458,0.19926287168166978,0.332993673096306,0.3498704364201375,0.48556327963876666,0.0004731213331257188,0.0006161669704947115,0.0009447962620501529,0.0010506454206931082,0.001610132843353984,0.0012503918828259408,0.31189575815510184,0.5320758204936585,0.8,118
0.05979542965961596,0.058613206489669896,0.19028396952678467,0.14289533552188655,0.14650441101181344,0.30598471144685624,0.0009994424815971301,0.000878404586614109,0.0013298238269802943,0.003971386225193996,0.001817557299957917,0.004048265065434167,0.22286021827115784,0.3225913916098645,0.8,118
0.14090141001105924,0.20953084610409412,0.1574714397293843,0.2693127138815947,0.3970592913079042,0.30111190302334667,0.002443621057155105,0.0009211959656948456,0.0030327057409076158,0.0063906315522822,0.002178068513228215,0.00729235262673722,0.34156626662936634,0.4683552145342356,0.8,118
0.13790899906433268,0.13917713516190652,0.15071506157389683,0.28599608826550377,0.3507031300596148,0.4420776371305901,0.003205656250214407,0.0010156133129632483,0.05504271984227063,0.11642086202815138,0.0018243334967242841,6.166767800872342,0.28044827816228585,0.49553957978137797,0.8,118
0.13120862848204332,0.14311255012986462,0.13846777443432606,0.2987018232279133,0.3753473077384209,0.21563626105552874,0.0008943709311071565,0.0005641320719871281,0.0011509128277974706,0.004566595800042261,0.0016941887032725367,0.004624512786778889,0.2703661306941883,0.4399041101892973,0.8,119
0.14879720011886283,0.17023446834963346,0.22969517007752535,0.35738637367797166,0.4059907878386626,0.5447380707154834,0.00044279991129465493,0.000529974701857216,0.0010155035801009916,0.0011005636642789085,0.0009481866620582036,0.002138840212789095,0.3929498033871808,0.552607021010077,0.8,118
0.1609985341705846,0.18016233226926126,0.2446312849659934,0.30235841234048016,0.3083615510816574,0.5092064516881325,0.0006245213855975226,0.0006015913268856445,0.0007266825802128016,0.0021001891339125223,0.0014409300493975485,0.0012461144264159785,0.38843748707265263,0.5157202527342644,0.8,118
0.10810250606779466,0.10455793456908148,0.15992829958776475,0.3011500680883319,0.21983504611005222,0.45419266644441997,0.0007992122793040831,0.0004700157151807857,0.0011551839285444255,0.0023715056399156165,0.0016876751671976997,0.0026992136598258387,0.25581314629858926,0.45923149094454124,0.8,118
0.21477661135184853,0.2197212581014113,0.15329630790294466,0.37237396989406457,0.4012735825379947,0.25163027601406684,0.001433868553121058,0.0006208258386523522,0.0016339555162916332,0.008696585439202514,0.001733702625874689,0.008718339026513977,0.3863494880307,0.4357558679625619,0.8,118
0.0915203760615614,0.08174484542288905,0.40915432780957733,0.27910712301478996,0.19517801362534498,0.4510578129605572,0.001780262254081751,0.0011309830020324822,0.002156565469583757,0.006960833117745868,0.0021116333019133293,0.006758110030125497,0.4393792418849295,0.46412085671280845,0.8,118
0.10356144782194569,0.09208170805849199,0.23787248827957724,0.23272415738646757,0.19032084120661996,0.3116795374504726,0.0009148212387280236,0.00036214622112924814,0.0010806240343742275,0.0028525268022256967,0.0011604198182770253,0.0030123997958035886,0.2982869202946903,0.3224537660763764,0.8,118
0.036512433538730876,0.04829967659107057,0.20720818246007378,0.08341794814809614,0.08933102506899435,0.2335381334138559,0.0006620642423752451,0.0008237897691354175,0.0009139928626381812,0.0014893623073536921,0.0015769514285008113,0.0016348195084162076,0.2171285649779288,0.2595372833693909,0.8,119
0.10222300961160363,0.1357702619497707,0.3111265716793349,0.23086585882658,0.3360526575563629,0.4183807458531427,0.0043030863831411015,0.0007867842485687346,0.004215553376888584,0.08370211066218847,0.0022274212727839693,0.08307960192503416,0.3825911393920178,0.4776223355191955,0.8,118
0.10626371419631286,0.12017110303298759,0.35372248103820986,0.2114519610068818,0.22671767273605237,0.40562412612779414,0.006419894250323275,0.000684569588712332,0.006232470317530675,0.3051701291376059,0.0014248096070199612,0.3051626759273476,0.4029494693300487,0.43445598389117035,0.9,109
0.12902209973756812,0.3498403197212978,0.17134858636961675,0.21152840680835588,0.44841089518610305,0.26615080011093106,0.0023244792302837738,0.00035116380976878245,0.0022602439818538624,0.01851092035139701,0.0008211186568142237,0.018177568103766806,0.42246432951135643,0.48263785567718503,0.9,117
0.12798597647815915,0.12142804346351575,0.26631209645953186,0.32923693605092735,0.1524334905801096,0.4192703447485496,0.0010196240242615015,0.00022818355933910844,0.0012315190575541294,0.008293167582493322,0.0007992368561158258,0.008328350873669343,0.3627321225924658,0.44597360147873627,0.9,118
0.12021559075903226,0.14282200741121517,0.12993472519006705,0.22386504658917314,0.2406466530234015,0.21642976926174406,0.0006953940708348125,0.0008004697336659452,0.000869022098632821,0.0012733733514829204,0.00176938868221721,0.002149837498069962,0.2464175915414289,0.3224166593948805,0.9,117
0.135296137759903,0.07313116274393004,0.11480496926200684,0.2881273506809868,0.12697005327148975,0.22084522213221774,0.0008638663221488743,0.0005328778497621316,0.0011610393649289488,0.014743102955354859,0.0013228748013816571,0.014761506005355418,0.22167337804020665,0.2886662805061346,0.9,118
0.19904338030412735,0.1097927134873604,0.17917559119125148,0.3105535379171657,0.21783065418065423,0.41830773324625214,0.000482103645552579,0.0003919243677784783,0.0010249006526558756,0.0025421745629432557,0.0007965830399676577,0.0026622290819964256,0.3251518075509663,0.4439953345373738,0.9,118
0.16190724881033455,0.07111441188547495,0.14196402911572625,0.25280068732374394,0.14947498209289128,0.2837870059817364,0.0011569271024122114,0.0005582218940448,0.001035001422210683,0.002937973082487666,0.0011362312882870207,0.003077396425087864,0.2506206671634443,0.3118072773588143,0.9,118
0.05739940539814143,0.013711686619455737,0.03120844494801293,0.1730877358483759,0.020112635090499067,0.05258323302396756,0.001900082122296185,0.0010078673876329966,0.002504324858703,0.013138960652363973,0.0016163300690942295,0.01316155479174852,0.07085498271844784,0.17633128958594313,0.9,118
0.08946289571506677,0.07512088585554574,0.09700728589331241,0.25566830710075483,0.15169020795416027,0.21895937118311093,0.0015931495534330623,0.0008062158746362564,0.0019650609117690997,0.009945698526665048,0.0019876079612743958,0.01110426156955846,0.17771389880417404,0.2764962939484624,0.9,118
0.11034377344553178,0.23871533644195556,0.3305645253139366,0.3066219945636137,0.3717055469860131,0.43773147684126706,0.0017428804421660176,0.0005017583962689753,0.0010232866105460057,0.0021707401044932517,0.0009363000694626034,0.0018485209788621226,0.45309083369716324,0.5265122055428028,0.9,79
0.13256613912077395,0.19877127247166415,0.23382717750628884,0.3898847973035222,0.43832463436851143,0.41542562780567094,0.0016255034457462385,0.0003700826212471116,0.0014164096294037604,0.0064059250441350635,0.0011454178507570578,0.004979151135958149,0.3838303607782939,0.4940349162200567,0.9,118
0.18287359154790356,0.17033295245402685,0.19495672671923728,0.379028953600524,0.31123893515804024,0.4220316591368324,0.0005553091852699654,0.0002582219757106009,0.0007933347508609481,0.0011860657140085884,0.0007935292304270813,0.001143555368026572,0.35955111305234766,0.45424946284780426,0.9,118
0.14967780637914102,0.15218485696550665,0.09846263305816065,0.27835845750690524,0.28253849433128075,0.16438836294216577,0.0007156726276523199,0.0006934843074966317,0.0007028687513371544,0.0013590211895460058,0.001480280634437503,0.0011435942263370302,0.262028366110459,0.3023665621527845,0.9,118
0.12073963004750167,0.1307354931652515,0.17623459509206513,0.2368519141813803,0.3860209242110179,0.372036309863612,0.0007178030854226149,0.00063584610479349,0.001077056636228416,0.0022707752699988593,0.0015202897549525252,0.0023803681371306618,0.2935578566534421,0.4411055632750134,0.9,117
0.1090533967081805,0.11140086364209285,0.1265701499308385,0.22076122604530563,0.283881470455988,0.43845794373238994,0.002254720024023839,0.0006979758478846603,0.002443413287552052,0.017980812146384362,0.0020811359717587408,0.01792839520393566,0.22469360774255745,0.4885221270690624,0.9,118
0.2620983896803092,0.23745469294823118,0.23063800936306386,0.448570670823119,0.3972493094476764,0.249147736873872,0.001132033313380783,0.00018493561127641445,0.0012511717157946893,0.007170377686689822,0.0007619487684000781,0.007413383522360206,0.45210922410053817,0.5175456184169804,0.9,119
0.09381547320744464,0.212627258865998,0.2826381957209664,0.17685887435867753,0.42028507109209534,0.49485559369862814,0.0008891076330125802,0.0005492299134302733,0.0009149735877526419,0.002337571701669261,0.001231767936515249,0.002419504585611798,0.4069320176369356,0.5474286764958218,0.9,117
0.10115599628848684,0.10510513525145332,0.05313360063453921,0.15050488575565968,0.26660184617947574,0.26896308247255396,0.0021929924162870226,0.0006264450428726955,0.0018993803583162707,0.03269974484540761,0.0018095259239584438,0.032883363430013635,0.16709646176083354,0.3961769963516845,0.9,118
0.13915021748359074,0.18114015020468013,0.18167161992791267,0.26181554964737,0.44712592999126577,0.5058139966697236,0.0013618635140617925,0.0005686836591323323,0.0013808449260452821,0.003452426213935489,0.001532054530260063,0.0026197066477049447,0.3301633528763722,0.5494393669569342,0.9,118
0.06415983686647436,0.24130812028436147,0.20740060204388067,0.1101994104507272,0.2691764656358361,0.277178291652479,0.004279587411950756,0.0013331445165625253,0.05721041355965579,0.014061042781036592,0.0018917791006789475,6.279039680209873,0.32781909696595096,0.37897952255061634,0.9,118
0.09110033734572268,0.19479024928525585,0.37572321208899634,0.2636362324957233,0.3068677540262106,0.5305276684609901,0.00272889713359159,0.0006709290100965469,0.0028571921725727093,0.014505081977591594,0.002051771043174444,0.01493626084421562,0.4530618497467207,0.5417946897555689,0.9,118
0.16867230939036076,0.06672524005587703,0.253858475194517,0.3074431104685314,0.12247251323215391,0.3749807902427488,0.0005732721970416174,0.0010286214287698909,0.0007616343915905093,0.0010672061046562709,0.0014290128888294618,0.0015937414254003635,0.349478790828521,0.3836508336341087,0.9,118
0.09066307359312267,0.1716720871874645,0.19544443597957495,0.20971247605190108,0.3803228520949231,0.4672058294969948,0.0015580163278357555,0.0004188721304431767,0.0018009163622154352,0.007133005390394576,0.001112251712552581,0.0072219755417686216,0.30527862663215044,0.49408168450337603,0.9,118
0.20573908056928758,0.1530844839773875,0.16501360926856204,0.3794552887893475,0.246278766725745,0.32275298569033234,0.0013702538873398772,0.0008408069612075114,0.0014963139000384695,0.003565240416231741,0.0016713492550964881,0.0035090909925238334,0.3418118466967331,0.4153498745459376,0.9,118
0.19486462908633653,0.17540714504036165,0.18718517646044847,0.32688172485136613,0.34512158708101925,0.44556017490471955,0.0009893158335372862,0.00017019184319845367,0.0013278928442970836,0.003811514361162782,0.0007824354361423147,0.003229944189615974,0.36289533122875534,0.5274505587120187,0.9,119
0.1739068489586587,0.18442575841451597,0.12508237301562786,0.3435443456333421,0.34687697692114106,0.32299475862533067,0.05447756107351858,0.00037919119898743734,0.0016162285070708679,6.280611675657713,0.0007354507378313779,0.01349214052014791,0.318187808838023,0.4734025070909125,0.9,119
0.15559315857871067,0.19936219194620614,0.3051603959687478,0.28123821765339796,0.4143332823696413,0.5339670748413676,0.0006013789971293456,0.0010599455525644019,0.0006512341723733742,0.0014505447483292855,0.0017892744911857106,0.001121175908040506,0.47002110671925745,0.5407733498905863,0.9,118
0.13915178567657885,0.10335274655163611,0.2206927023057278,0.17183460448649862,0.16035970315575485,0.2692399901779036,0.0011216628700378086,0.0009175486729662615,0.0015436186997628933,0.0032917601607527214,0.0018790881311442353,0.004229413579914576,0.2851350117026152,0.34420522919029145,0.9,118
0.14263474355835098,0.12792566985654277,0.22296541239635875,0.3183720901804673,0.22722762108369726,0.3268734826301229,0.0009527176365285074,0.0007688112846029499,0.0006779152606938515,0.003435144683637148,0.0015923233411129223,0.0029988652545621663,0.328222589637946,0.4252875546660493,0.9,119
0.0564619956180304,0.13722596786492922,0.4914111414240664,0.14188145544485034,0.30510079916455357,0.5768226683042769,0.0018229415803123455,0.0005290842022960499,0.00215093778936008,0.00884943689386608,0.002115475163595004,0.009123742315953809,0.5214794566279408,0.5893480507552603,0.9,118
0.17006420867265648,0.1657394280700199,0.1160113568099857,0.28918002684292343,0.2748669389236201,0.14729376578169756,0.0009588128678853482,0.00029370300790774816,0.0009500418126027163,0.0015618860055207628,0.0006072938240753167,0.0014304528997595156,0.2840930167804617,0.3763771903503528,0.9,101
0.12351733663453165,0.05438738243387749,0.18876791702237672,0.301446350381045,0.14243820341852356,0.33012882185659204,0.0007878481019739724,0.0009243305441275422,0.0013338180277891586,0.007342884660526572,0.0018793316295097062,0.00860399341299134,0.2564192869342171,0.3543655199871752,0.9,118
0.18558368113832174,0.1550734321858571,0.28562652566927876,0.40237863755616965,0.33295903340789057,0.45302069536497436,0.0005177389985458534,0.00016793533626806965,0.0009890393704503507,0.0026778884599507613,0.0007308306449231861,0.0031307691698057027,0.4219263129140609,0.4861323059152774,0.9,118
0.09379800258349084,0.11667119902890878,0.22510113428289175,0.25801126575326866,0.20562143311179418,0.42887800658770403,0.0006661933721639568,0.00041115711926276285,0.0008589551580034761,0.0016878398408878281,0.0012996008182924318,0.0018027863022473944,0.3032013732123471,0.4465086338476438,0.9,119
0.10818629527241157,0.12504836374561157,0.18311637038914477,0.24353127193638452,0.2184375857022763,0.35641297982797143,0.0020732533089971392,0.0006614929971911655,0.0018717996045143333,0.008685981830431788,0.002155635865976002,0.007895653577472461,0.2787510283215981,0.36233840486807556,0.9,118
0.13650302943424,0.1303222219592082,0.15578554069521258,0.24195412718589424,0.20857195525906305,0.2997369519563189,0.0018807120385090153,0.000356168058284919,0.0017715930455537339,0.030148862725283054,0.0011654640943974393,0.030168613707028502,0.27143298222476747,0.33792049712945466,0.9,118
0.21333317333008914,0.15153712799264177,0.2740198224255311,0.36944879753397875,0.24131595286257462,0.5380162917678251,0.0008988065345550872,0.0006229815645176274,0.001046276396353973,0.0026547740231395167,0.0016354060637103762,0.0017125319004507311,0.42030301521111235,0.5612117598193255,0.9,118
0.07893368889533152,0.07522196503396615,0.1090834268389347,0.14000428216904373,0.20760891595067743,0.22597277795640827,0.000731260399143259,0.0006090744198011413,0.0010534765081950058,0.0043007876940190926,0.0020640628488939328,0.0036926814695880106,0.18032875799130757,0.23363831669167695,0.9,118
0.1123505467254385,0.17826750926937282,0.20051667779007662,0.22194001933872112,0.2583392357830157,0.3845799182919456,0.000983637889931829,0.0003305577233810487,0.0013303221974671528,0.0023953034668453554,0.00106391687540075,0.0024397178165886935,0.3190339629021626,0.47091752168098094,0.9,119
0.04166890180784186,0.12510652777786854,0.5397680078895434,0.10093378977794264,0.26992857858123714,0.5786514548904186,0.0027766741894512874,0.0008331502991002863,0.002633093311881135,0.03766338106085898,0.0010059966809981002,0.037665314556690976,0.5626932206200603,0.5960347400167668,0.9,78
0.13224476604568086,0.2322604043724771,0.2947010565011929,0.3600982361446655,0.4653287409904183,0.5736338962109261,0.0005673579912475637,0.0003987743186848921,0.0006612646649195242,0.0013026195069663071,0.0008246590290096334,0.001049957022017045,0.45916031696335885,0.5898651881569059,0.9,118
0.08775506745963814,0.07808212102553996,0.500892758969763,0.15859607727145458,0.12632764903269023,0.5699303157177232,0.0008499766442552973,0.0005533453834173273,0.0011030513455907063,0.003585077798615055,0.001435123724710996,0.0036654881744846435,0.5174814110359881,0.5878261846581695,0.9,119
0.06103741652943741,0.093917552337937,0.4469045906384472,0.09525903285323559,0.15307135503958472,0.5300362243594007,0.0017210917624356453,0.0004399783114399346,0.0018507921551644381,0.004838116958746447,0.0007218066101749576,0.00463688512311089,0.4625228836337617,0.5455769218080422,0.9,118
0.05126338180940591,0.14367782839413268,0.1999853160705912,0.15070059691878115,0.2634212212990841,0.3726887921248728,0.003054602394977197,0.000649396815782821,0.0031051005829422925,0.005329867427916357,0.001327104311502847,0.005187328847985562,0.28030132656076434,0.37485922628361407,0.9,96
0.11830832669994318,0.1112737405255788,0.15345046428033057,0.21618804591507929,0.2699767865669672,0.26533730260530897,0.05473911002858082,0.0007947138551751476,0.001733058294716131,6.282603863406055,0.001540216489219759,0.030094003509734346,0.25304785068417845,0.30874100522947245,0.9,118
0.0722569630449393,0.09348026311167988,0.2520271888235586,0.159513856327246,0.16836902323341385,0.3319226007677947,0.000893757655840537,0.0004435046831762114,0.0010162106961505242,0.006473242785604905,0.0011155495362273338,0.006502277375843801,0.2892091377562653,0.3442109912006969,0.9,118
0.12630059147762032,0.147417190969523,0.24397991256488064,0.24655743921938358,0.2485581388583907,0.40302105094442364,0.0008968535648570446,0.0005527286990600262,0.0011876942386306961,0.007900702781167501,0.0014222060321937846,0.007935683879403577,0.3396091432322554,0.41995271556555286,0.9,118
0.17663462410046796,0.09801400549299402,0.20613477885833167,0.28417667511471234,0.16151951724947752,0.3171177896787906,0.0010154307696278728,0.0009024335367831349,0.0015454757080991496,0.0014310709608781336,0.00133780652402693,0.002474351475719505,0.3108320491373762,0.35202677051467723,0.9,89
0.0828110514144205,0.048363243532099046,0.20566809471889386,0.17454528279555134,0.16156375348335283,0.2618247203283563,0.0014566472717420097,0.0009063699851554688,0.0020160798993735683,0.00491799445131047,0.0021607015006923636,0.005220653651471618,0.23467199403185168,0.2899257979973935,0.9,119
0.11505979339185636,0.1132968087521683,0.22539504027746562,0.18093132233267226,0.24824699538812553,0.2957734883276291,0.0009824045092282677,0.0005349538812266904,0.0007736997058666788,0.002206296413398867,0.0013550074847521465,0.0017053212068762758,0.297018154377646,0.33482454650138993,0.9,118
0.09261752123111218,0.12304868553501978,0.15428568168607776,0.28221025417357926,0.221550773014295,0.45190309674301865,0.05416149928375502,0.000493643959913315,0.0008796983533338334,6.281660999613879,0.0013415625869765552,0.0061272909258440755,0.24765224300513117,0.46424177811494427,0.9,118
0.15850469217761337,0.1650504695223848,0.31930416489151836,0.2886218066792027,0.2985768501498537,0.5632076660301822,0.0008008849652288889,0.0004031701000666416,0.0011413038584791254,0.003373151186956136,0.0009853236523678088,0.0034289075470725905,0.42545238543174596,0.5856143779579578,0.9,118
0.23212900968631003,0.23045742173275452,0.3662923880266983,0.36297028002851467,0.36857028360372934,0.4440034090239816,0.0019762169721412497,0.0010375602883486584,0.002247087004029278,0.04064837459598128,0.0019969904851588893,0.04067926740748873,0.5161705531685713,0.5625565690502706,0.9,118
0.10508254850344192,0.1448484785437401,0.061498244800000414,0.1730645545710308,0.3564794864384573,0.21590810764225055,0.00136790519929375,0.0006174266565733175,0.0014983518937714095,0.004226062856245161,0.001867921755601798,0.004532152857347427,0.21625411055800242,0.4174710519597642,0.9,117
0.20171013166998503,0.06776621214534415,0.12428992014976623,0.43747318380747274,0.12965476845410207,0.3375621400036062,0.0012612242519600709,0.0005936452816262019,0.0010665939671091397,0.003104119817677886,0.0012678946347879222,0.0032045865826575426,0.26769209259418303,0.5230138002263472,0.9,117
0.18308436955219642,0.1911390898532557,0.17565173271829648,0.3751725930980103,0.29752108952901896,0.23877899198167862,0.0006858978875274327,0.0006317153754688624,0.0009239871766282592,0.003147930506449015,0.001979153992745397,0.002592098909293128,0.346405808987998,0.4267553537544798,0.9,119
0.17020669854848824,0.10879458820893824,0.17359082510955243,0.28311335007838156,0.24830174436040914,0.31317561471227134,0.0010006689977126093,0.0007910973543757432,0.0012315614232081688,0.002616486783558747,0.001962208381745212,0.0023024162372498047,0.3070492264925697,0.3287881492980402,0.9,118
0.2259081325182653,0.14428277264980674,0.2759168129199357,0.3584334063282252,0.2691514363733702,0.4978564403869457,0.0007385637754846256,0.0006643190900538681,0.0012663893371768792,0.0010665684603883285,0.0015055148353371184,0.001921895620903058,0.4247799681961326,0.5284958182668746,0.9,118
0.1111508288778215,0.07775809752261854,0.15048169909086856,0.25719295771841455,0.16851366979436944,0.2688468140551638,0.0011543814321276426,0.0009120798831353747,0.0011987215727040496,0.0022886041067904372,0.0015844580323324253,0.0023623904887486447,0.2304046851006057,0.29191591154738533,0.9,118
0.046851773159077195,0.16213868572454596,0.2807053793756291,0.0915809955860518,0.3213139446077496,0.539335501417289,0.002551441605737904,0.00036862121811400263,0.0026819116539494427,0.003432050693554567,0.0012718401448164052,0.003524121961349491,0.3527743776768008,0.5636851156606199,0.9,118
0.16103596650629476,0.13498546594794492,0.2872725007068131,0.40448150349689477,0.22861229272534428,0.5341056187862192,0.0007615811629234601,0.0005943955979160553,0.0010882673512560557,0.0029288215549245766,0.001487870296184357,0.0030169647555471357,0.3861779383518839,0.5792206069437768,0.9,118
0.14009937890940533,0.30074231662329615,0.2046306287781335,0.2525741339637569,0.4319184593055855,0.5354709299644002,0.001631659942414455,0.0007432346796321375,0.0017512427516374533,0.004536072443928951,0.0019766898499100627,0.004565984392611133,0.4190904108573873,0.5848418544385685,0.9,118
0.11014938975543132,0.13220900230805901,0.3775185013161191,0.21670513951516202,0.20618967590447645,0.43783033110433595,0.0010984870649395676,0.0008116350836720657,0.0013231440621085876,0.015799096287467784,0.001674372023220294,0.015816673183048024,0.42272225911673483,0.48255617372330883,0.9,118
0.20408858216144213,0.1554168075549161,0.2506450259871106,0.35648363612487766,0.25510178267964084,0.5693070481273826,0.0007552300194411545,0.0002460890575393375,0.000865400358320435,0.0018901423175044507,0.0008201219055179454,0.0014721319057708904,0.3920340258842843,0.5928912137468825,0.9,118
0.222129159528007,0.23262982697485293,0.06527460055445482,0.4622444701602107,0.40409802903588854,0.09960441447749943,0.0009699023047882631,0.00020204985975010478,0.0009397249222411726,0.004027468616673691,0.0008180776601429685,0.004055056912839028,0.36308887275145846,0.4672631538212558,0.9,118
0.11515800602883872,0.11376161497706087,0.16836445982466502,0.24234017973635377,0.24465023545484657,0.28933087856448014,0.001988949812342875,0.0005934602413641547,0.002350149393979744,0.01600619516146387,0.00135745572607604,0.017440690027610062,0.26131086348320415,0.34784326248176756,0.9,106
0.06139327962470215,0.07326305031490266,0.1927773802347379,0.143647494958619,0.18489510706558115,0.3391776495859008,0.0008732448755547425,0.0006338266585454718,0.0013595287508997257,0.002835740686183197,0.0015891620348578162,0.0029456705309952314,0.22826427031700058,0.3486146235761764,0.9,118
0.04508929437067392,0.042536410672299484,0.09159079893367089,0.1028092420784017,0.1303666111051524,0.10253320385636025,0.0008494595853100948,0.0009492931200645247,0.001017811862496583,0.002542218530463991,0.0018319769698561528,0.002490341441770294,0.11814095606290054,0.14581354421450743,0.9,118
0.10870221059929536,0.08859985617200702,0.14274332005982654,0.19888309666182444,0.13360390546004716,0.2759636206913351,0.0011482471472848486,0.0002933552636098247,0.0010746256851777655,0.0048107940043156106,0.000602341757430569,0.0048748189059588665,0.22389036853469138,0.3062020697463494,0.9,118
0.08607562407767874,0.083227630063119,0.18245154199350513,0.14433156605496328,0.13827150087484508,0.2884989046500932,0.0008424747975252399,0.0006605689259756008,0.0010582592274426524,0.0016463754006763587,0.0013962518749961461,0.0018774941607611062,0.2361901820463975,0.3240683010581471,0.9,118
0.11939741451482398,0.18590403200654987,0.3266672950338952,0.20358018244278064,0.29582081458545834,0.5457856941995163,0.0010127798279954557,0.0007532087837025911,0.0011045239267761461,0.0038576287917935215,0.0014756169420767629,0.003932189336883329,0.4310727039478482,0.5498386010185159,0.9,118
0.14316319773549138,0.10932456930385351,0.13493768942811307,0.24123472785970917,0.18635301494067236,0.2190311517569549,0.000986002593971661,0.0005704393132899652,0.000468955015533868,0.0017793608235141534,0.0009141871748782338,0.0019477263382263743,0.24434563483160868,0.27378772713098226,0.9,119
0.1824891290509356,0.11492100184729812,0.26171340565260376,0.3527675339825347,0.2184928748575376,0.3789874961934502,0.0015178979930844244,0.0005566799040468229,0.001648228470442053,0.006153420562964307,0.0021843254707842874,0.005867514512987171,0.3763495057676946,0.41894460577375925,0.9,106
0.1773382430263131,0.1259703625090284,0.17929883346643563,0.3550722834682132,0.23958830605653852,0.3857758337990471,0.00094372274588736,0.00030808079582020316,0.0010306518086192135,0.004211823171709789,0.0007881377722235294,0.003151780257671044,0.31274300969803054,0.45535783214760434,0.9,118
0.2197933257244713,0.08609554497817556,0.29750389927045856,0.44679024304576664,0.17238948507999924,0.5538902084845682,0.0007239178261723487,0.00043306046633000296,0.0008989006573856519,0.002401782462527091,0.00125519640401206,0.0025254370798168946,0.44647313174527437,0.5855379704444731,0.9,114
0.15872372914576907,0.15085117943502352,0.17478221462256502,0.3394602550145148,0.25704335982097537,0.41490244260710396,0.0003239415295322709,0.0007980464715504356,0.0005108781914418369,0.0005609558130222903,0.0012841618132998223,0.0009230521268204228,0.3155020198343572,0.4405658014216236,0.9,118
0.09532717178670998,0.18493804499838487,0.07002262827494855,0.17463551594455393,0.34237092774994776,0.1243219439700683,0.006622095702056152,0.00014719082792836942,0.006751830104892582,0.09413176859860231,0.0006776703952748875,0.09413266243284091,0.24277401124094375,0.3624110214946625,0.9,118
0.12790421088546142,0.12835641928217942,0.2755480510982848,0.2032500509484649,0.21931261699153415,0.4767331490441378,0.0007922952599780265,0.00026829632735022934,0.0008345609912201496,0.0014264241096937358,0.0006585012393611755,0.0015913617430252103,0.351248969065332,0.49840253442476123,0.9,85
0.08215755390485682,0.07414849860439474,0.111404744272976,0.19482078475888942,0.16360501361914354,0.24284409355066067,0.0008546479572973109,0.0006825251000277686,0.0008980951836511357,0.0015836665785893267,0.0013148400623745823,0.0017606750316168096,0.17432965111013038,0.2792792982134765,0.9,118
0.15053984682328098,0.04724483448771334,0.15401318061596284,0.22348530881808654,0.10488535580933128,0.25132082049646376,0.0006361139942562048,0.0007670676132935536,0.0008105077923982829,0.0012456231825275221,0.0016503909003672268,0.0015837974930885679,0.23170860693243514,0.2934436383455544,0.9,117
0.10020446377127518,0.18007787477079945,0.2172427138899962,0.1583140521347185,0.3165752089742774,0.39893265485450086,0.001558392789123179,0.0005399705666688427,0.0014959629995240315,0.0046962947180717585,0.0020986285078521405,0.003790895621436974,0.3311661479271743,0.4457167387349326,0.9,118
0.1314772157372248,0.11383631237226674,0.1131333062653573,0.33990713646386594,0.2694723543485378,0.16499581923844409,0.0007654857102462927,0.000592845515079521,0.0009878248336736232,0.002094365880819543,0.0012792158536289733,0.0022086180173304104,0.24142529509544902,0.3696749135494532,0.9,118
0.19462951556311034,0.17401406935975838,0.2883445782634151,0.3506033117534653,0.408402534128648,0.5068478750821402,0.0009294318091631502,0.0006714533286939373,0.00115704216079495,0.0036220311151757834,0.0015151398754261747,0.0037017576963886967,0.43899821767354713,0.5664204196094673,0.9,118
0.1469990987045684,0.1208943753064157,0.23618127945428757,0.33209526026666825,0.33009280232397087,0.29288619839607677,0.001767031871562819,0.0006642225821350385,0.002035166636920638,0.005505529026432754,0.0013743363835362898,0.004251204736064107,0.3355183938987489,0.39996968810951505,0.9,117
0.11184255405380336,0.09900246111794106,0.26506254513032695,0.18829158148254002,0.17692488347785323,0.32583956417596177,0.0005226695390516614,0.0006788708581022277,0.0011113235923869156,0.001964393364854211,0.0013667076665022093,0.0020641139305723755,0.3137088239495942,0.3682624753854131,0.9,119
0.1699967404576334,0.13112194682316017,0.12088661929433539,0.33416210869538365,0.20452646226697552,0.2840574246882569,0.0013411880722687237,0.0009584046146859481,0.0012213201842393038,0.006956997285389566,0.0015638996026231533,0.006999096703496965,0.28982824379763966,0.3858462562626646,0.9,118
0.08322777413673678,0.20568033504434322,0.22009559542408155,0.15601665181043628,0.3669563621300722,0.4442897025245812,0.005658194195990886,0.0003427029399808666,0.005870778310019084,0.05494957016820523,0.0020001421992292823,0.05500059525436596,0.3511418704083279,0.4494821632956302,0.9,118
0.08064420771897862,0.25012995441705504,0.30247844458752204,0.276050186797691,0.4745167797460477,0.5326243975126588,0.001122166517932179,0.0003165892150546809,0.000862571027151465,0.0014800069413025696,0.0005960493983086235,0.001592977083596292,0.4499794930643099,0.5627711644923846,0.9,118
0.17072343294719525,0.15456663320337014,0.290083083540675,0.3631111723084165,0.28419993298505286,0.5490609955067107,0.0008669421746512805,0.000557984025172666,0.0011703680275046721,0.013416070306774497,0.0010436008293503996,0.015018193762347698,0.41257438123999957,0.5841828661747674,0.9,118
0.1621479070663637,0.25153462532480586,0.27055317551879837,0.4020981806446386,0.48749397835318836,0.5560945090736769,0.0007903262092403317,0.00029778633834956654,0.0008218008820548558,0.002169404630183447,0.0007824478747088248,0.0022992427525365677,0.4556384065474821,0.5778958414960341,0.9,118
0.12119620192407117,0.08744630444905119,0.16368290687572043,0.2812227491454322,0.172934110870487,0.25561861571506517,0.0007250208745690428,0.0004784654025816508,0.0006940566449975367,0.0013752916556750705,0.00133028890494713,0.00114921989555139,0.2382484047950588,0.3336002461767328,0.9,105
0.12448865928906894,0.045406432183705034,0.17411772483213894,0.17494381614251442,0.10508621856360292,0.2853879438829289,0.054351990442563995,0.0006417365527686511,0.000941105352371727,6.281818131875891,0.0011187960418188175,0.008262562667999851,0.22309092819430673,0.3344501723013899,0.9,118
0.17468278014275498,0.13724496202650785,0.11021540281475792,0.42502238381585755,0.3385903687771762,0.2368224284231547,0.0007314804103849783,0.0005922407280066864,0.0009743973593797977,0.0024195003152827077,0.0014498108968495904,0.0023762051987441246,0.2916761091711545,0.43673037588392427,0.9,118
0.08610879076633111,0.1033763924938661,0.2159367371040672,0.13480322920255094,0.21536792607110497,0.2767480572082083,0.0017760773040253035,0.0005935530636237783,0.0015486479545764216,0.0043992872414769235,0.0018789809844084182,0.004673856976253665,0.2705325420033233,0.3015183343970882,0.9,118
0.0998130760319375,0.12747949526145466,0.21155291688647615,0.19813548163006206,0.28921932688527097,0.40412008859867127,0.0014866774436838033,0.000734116070339407,0.0016575259914506522,0.0060882357451638724,0.0018661341566312828,0.005954835681121429,0.3054196297265762,0.41213028585593625,0.9,118
0.11844035470968016,0.13172111254837135,0.1006224526503459,0.19654275581093855,0.2636718924686524,0.19333098340588878,0.0011448463540982227,0.0004491112363240731,0.0008856758513652684,0.0027721359692529646,0.0011327087935275593,0.002561531391982008,0.22873692943775592,0.29640346667147666,0.9,118
0.10912648642572385,0.09925326010655779,0.32435643061661135,0.1683061548121338,0.18915535157258467,0.42723343931735713,0.0017924794024978363,0.0006753453607309538,0.0021914487636909607,0.007936287219304727,0.0017511953390312307,0.007885890292025799,0.3650006157666486,0.4610853300534317,0.9,118
0.12783545137172633,0.16025183824785436,0.46885732915414524,0.25274234970324816,0.3138027293884182,0.5825063141642735,0.0006417946468335793,0.0006555646210200449,0.0008011979095243303,0.0027149510120421105,0.0011836823051136758,0.002807058550857649,0.5282144551719832,0.6024765898489268,0.9,118
0.16184269338180524,0.1341504999383063,0.41403882837288214,0.31046330803506567,0.24454787669561587,0.5609044903992612,0.0008154750428904498,0.0003949479059450809,0.001146496716445258,0.0016949054052175505,0.001091910328376633,0.0018199187156175967,0.4842436138833655,0.5731791487075034,0.9,119
0.20933427860013767,0.18426225125269274,0.30048638850181597,0.3381605894934783,0.37810832236655256,0.5821851269082858,0.0010372591563741664,0.0004569658578707413,0.0010956849112591432,0.006320547123026543,0.000930040793565623,0.006368630944971532,0.4593267935831513,0.5976632436122483,0.9,118
0.09122767620319794,0.17424062828673667,0.1200035916346639,0.14489043296886225,0.323644689526791,0.3207809978102854,0.0017520563174103188,0.00045407370941255706,0.0017284648103195598,0.005119282890059251,0.0018298728177170709,0.005171345985604869,0.2576178016111932,0.37441362779067505,0.9,118
0.1221163507995993,0.09515079323409618,0.29879348238373565,0.1783797306724538,0.1947409909564097,0.4467030047215909,0.0008380296260829542,0.0006971085066521287,0.0010062652895657656,0.0014633153089523843,0.0016399920412984992,0.0022921601312950735,0.3689010461289761,0.454322343821955,0.9,117
0.17802265186125407,0.09778600483607967,0.22504101008564373,0.389786269441175,0.17826413045021658,0.5159074790641978,0.0008657569469636555,0.0004933723333088686,0.0009573471203471424,0.011280961087122732,0.001290603316518063,0.01130890203549062,0.36568197097222077,0.5520022168700457,0.9,118
0.05829967525125676,0.028969460620922486,0.18727447267182942,0.07229455954052523,0.0504597522172718,0.44760817292008853,0.0012668507772097845,0.0009687318485164298,0.0017853401219389737,0.00268684529986557,0.0018170598167794871,0.0035162797246022226,0.21448827538416187,0.44990825055702616,0.9,118
0.10289829300439297,0.11874933996546216,0.3030084624594386,0.21889023598642152,0.19856904167302658,0.415691872634255,0.0013126618075963634,0.0006541496549929335,0.001340002312800812,0.02629338105470347,0.0012999733224487997,0.026286939535303144,0.3616875475932973,0.43134783342914196,0.9,118
0.06630276038751153,0.12329661423894918,0.15405641344161392,0.1674672740087067,0.25360788569810183,0.32192195143158475,0.00530021144396502,0.0002755450010729239,0.0047799268206129035,0.036622993924458,0.0021855638571601776,0.03692065107732523,0.23748162237533263,0.37320558148487754,0.9,119
0.19869862998729754,0.13216915111671973,0.20336263267186394,0.341490896051999,0.23680829936828,0.36889126474868666,0.0036798467995358864,0.00025978401495455094,0.0036933248101588315,0.08719439357032766,0.0005303855708995719,0.08741095725496706,0.34214881662647034,0.42661536847344284,0.9,79
0.25822586548231474,0.14138468831369155,0.18117605538930473,0.327882576759573,0.29271583984742344,0.3690238554375427,0.0008823500594732161,0.00019001662431847777,0.0009952826526058224,0.0017467334190826023,0.00042853085205302177,0.001916340206793321,0.3805309145175128,0.46829377436036834,0.9,118
0.12372488178418373,0.2007294329493407,0.19919849124842695,0.26647728075710164,0.45426261242711263,0.4762190018231849,0.0007017838337139743,0.0005777707302677938,0.0009697518602056819,0.001994011948143082,0.0016438607053052556,0.0016410555439105856,0.34385322392280676,0.5565175172232224,0.9,117
0.19119438861283938,0.21651420624566983,0.2842748793223325,0.3280442804496562,0.37635678497950115,0.4843358743945681,0.0012858184837808322,0.0004098565657244995,0.0012225162296919244,0.009653648449525765,0.0008310159107736137,0.009672741994670275,0.45278179354353953,0.551311121772722,0.9,118
0.15567343787251928,0.13631099241768568,0.10977337862011796,0.2902401056554076,0.37071363623089076,0.2698031080218839,0.0007265059412510277,0.0006981981263393446,0.0006801746033521188,0.0013058395332787853,0.0011404966691289792,0.000994790679559765,0.2694783133537957,0.5077276212803565,0.9,119
0.2831936166055059,0.044606002695129585,0.2910108365812997,0.40465696793708006,0.07779833106325391,0.3869092884044554,0.0006377621440176907,0.0006032126812182262,0.0012406601581976238,0.0045130829531701,0.0016089085556190152,0.004576567145267552,0.4144974958310432,0.525370953423501,0.9,118
0.2121199739156234,0.10097659221639592,0.2975818241426731,0.43711330795660575,0.1767545116388614,0.49109535303702173,0.0009902061436317913,0.0006612632541824446,0.0013350472872534992,0.001791285891249661,0.001534604636923162,0.0029072994068639613,0.4141118078267033,0.5002250749271218,0.9,118
0.13608783883421965,0.09291364722069774,0.1987128964849481,0.4393066024168413,0.1912731736696745,0.43351378911609395,0.0014296896227611782,0.0006518603608985792,0.05434556687730946,0.003121298619854551,0.001391379461635922,6.281888305825978,0.2891055893072712,0.47917662045054554,0.9,118
0.10852635529180367,0.13069212856101334,0.15328142078019774,0.2496437689984941,0.2500157683364729,0.4198292894559915,0.0018679449304044584,0.0007064678936661807,0.0020557057185998542,0.006801615276648576,0.0019068572899134661,0.008418081253923071,0.2678808665419668,0.43128200697467034,0.9,118
0.12876238430882916,0.15234864293915681,0.22118392663318173,0.3391646503651271,0.4240013415167778,0.492376877576545,0.0008111981256904399,0.0006921852782989616,0.001068507931943164,0.0017343800790410313,0.0016411198849869413,0.0023616342760959252,0.3476251881333696,0.5061652512387086,0.9,118
0.07501652727855057,0.061343298367748995,0.131226395406152,0.13584002816982202,0.14720185660726476,0.3131821895423063,0.0017657033206246514,0.0008037027892185002,0.0013542434481940398,0.005077838933993606,0.001334634471159779,0.00446275156872189,0.1808048500358219,0.34013202737017145,0.9,118
0.25691697027846855,0.25489476762774443,0.023228393810200965,0.4352789387580989,0.46063111702104476,0.07063824955097278,0.0013626839211998182,0.00027086601566327567,0.0014876052044252763,0.015470122161110211,0.000731687241845913,0.015508105146604834,0.4063500461342755,0.46260260493341715,0.9,118
0.16301217231406953,0.16358723523209923,0.1524856772142762,0.28500831978207736,0.2627619873586531,0.4884034575127408,0.0005600199064944516,0.00023324041188693622,0.0009853618779743496,0.0017272999604560635,0.0008017834397990864,0.0016817151997639002,0.3070203374403084,0.5145537450795198,0.9,118
0.19071329641746373,0.1737503075129778,0.38648555543076807,0.43865421629192736,0.3586517563895795,0.5347097100138376,0.0007044372585396368,0.0006270028073474073,0.0007870148148250649,0.002998035111729219,0.001558291957136082,0.002459974921902419,0.5088948307022579,0.5950571776198271,0.9,118
0.08040381529476616,0.07220043181789144,0.13325304193543702,0.21321681145363758,0.14635095598610054,0.26992388175773985,0.0009567892739076604,0.0004158319691672245,0.0013571143521819739,0.003890677182366853,0.0008736077368125539,0.003367183364365367,0.18832993467307138,0.31861414539399946,0.9,118
0.15371704342834228,0.06987726565565597,0.17434665747013242,0.2890540558190491,0.18858509534922516,0.4102213167046259,0.0007332165444643531,0.0006378093902087775,0.001133269842054297,0.0015187357582480132,0.0015516543018830042,0.002116086044547716,0.27827669944773203,0.4114720365874628,0.9,118
0.2506044159804644,0.1330149137603877,0.13740839709671482,0.40105181118370525,0.2615254248919589,0.24278874111521778,0.001095026194540114,0.00038668491161760626,0.0009691114585743197,0.012220662500918023,0.0008462412625559468,0.012241421400125851,0.32829015238720316,0.47971343445591963,0.9,101
0.1687626409845619,0.1715069777385938,0.07067840715647658,0.3246791008007772,0.36137804394827666,0.25205418637309546,0.0011222487365514233,0.00023116108495669247,0.0013697692133056941,0.007099615414376537,0.0007930176609391992,0.0071283505000026,0.2782673825308328,0.42021825946700153,0.9,118
0.17604366340465613,0.2305222795057833,0.22618651741808632,0.4197757038523184,0.43510634338796916,0.3378098905446529,0.0014987911356683754,0.0006853721260487395,0.001393161919801643,0.005143932119856309,0.0019256355609744702,0.005117812779386166,0.4212811559713187,0.47506891286046526,0.9,117
0.21270985160726957,0.1939370785437214,0.26054039955008235,0.47153385142384574,0.415311068790925,0.43569661854300684,0.001336387271825865,3.957918969935743e-05,0.0016287346830363917,0.004904877729519308,0.00011345298148346394,0.004956897529899806,0.4629809268402786,0.5258818750057156,0.9,118
0.1429204279958053,0.14109813073835878,0.34297522698750554,0.2412731039891112,0.2838034303635666,0.5067921069316228,0.0025450835347358195,0.0010475686939933086,0.002403880456590324,0.06866533380748585,0.0019856658854946474,0.06754930876207732,0.42886543818034184,0.5428691781720053,0.9,118
0.1805385320572973,0.11753028919652059,0.24945698265876612,0.3538310652817076,0.464271011319129,0.4123942971671092,0.0007111779369290059,0.0010071179301710956,0.0009275949880183812,0.0025108247324410193,0.0015841683026211195,0.003015339712912679,0.38431926792740684,0.5229958125621902,0.9,119
0.14582779670591697,0.20255005994627515,0.25416454169120406,0.40362951203514746,0.3240166929101252,0.5641051365052884,0.0012105165252688044,0.0006228391189495722,0.0007530186837015297,0.015693863155851417,0.0012134063100595616,0.01570036795948837,0.40455732845168013,0.5943443769406673,0.9,118
0.11760593707726831,0.16115490081604847,0.23901362251371702,0.30970796439414405,0.35227931052531825,0.49131714885163347,0.0017707008982814178,0.0004690451980277691,0.001963545509440831,0.01189396990579189,0.0012507735363805964,0.011678745940197466,0.3434980187686387,0.5378077572896955,0.9,118
0.11311120149767508,0.16908001881684356,0.22603151909881739,0.25110557527170346,0.3997747524295814,0.5151020785461753,0.0014543131905656122,0.0007569923248548143,0.001898126198763578,0.0036937253453988017,0.0016145225611865488,0.0037761687376716147,0.345123919265159,0.5188009750392361,0.9,118
0.14559486147745693,0.11350924422607135,0.18830061094466835,0.42028984011116927,0.2662834105019851,0.2900782209899799,0.0006710550234757975,0.0006879940499523853,0.0012312311732702215,0.0011910681852871363,0.0015118626968979587,0.0025188601781289677,0.3147601708214214,0.4360858739499008,0.9,118
0.11791317508511147,0.14715673312172622,0.20188812155939928,0.2325797278799983,0.3968148445574537,0.4384978421494118,0.0005183061094352456,0.00031257651595014075,0.0007652610515029701,0.0011806969624572616,0.0009604563021341009,0.0009810062034480982,0.31915201825997735,0.4659368117869934,0.9,118
0.12469764521799472,0.185202445321383,0.3173688672094143,0.306647913905693,0.4580441516224064,0.5335323282992576,0.0008231881574083919,0.000558039454405232,0.0012932819069825232,0.0015275987495297905,0.0009554930666229398,0.0024333552555475535,0.4464770667829425,0.5449115544031715,0.9,118
0.022203717690847412,0.028653023669661392,0.1096171823047039,0.04171496514324643,0.05260949398756371,0.1833918177618431,0.0021112672659493606,0.0013297413720772169,0.0029106229317590908,0.00976056834241712,0.002122350937891815,0.00972665011920315,0.11733153791012806,0.19078890406678628,0.9,119
0.20869652365055347,0.13480044959997353,0.26182384021022037,0.38926241960040064,0.280926101012728,0.48312519185870606,0.0013115421186486202,0.0008382038925811339,0.0013954132223461175,0.03340761681771409,0.0017573852321368655,0.0334158432606626,0.40737315285500714,0.5130297173129248,0.9,118
0.1346143079545376,0.08656134601051847,0.2739642410872807,0.3668454297928496,0.21203911947847873,0.37054548810324445,0.0008502437984482822,0.0006665735026131569,0.0012066592001041395,0.0022667812540139165,0.0014344633450770888,0.0022210490233753877,0.35695815029013767,0.4122832076334904,0.9,119
0.15740154302930617,0.17839529223017037,0.23527115010897307,0.4181641612872247,0.3193933135055873,0.5399164793348076,0.0013596092722031592,0.0007083062318265122,0.0012071267745000893,0.0040442896531655,0.0015863057516998236,0.004115524338187848,0.3800969741104446,0.5752455647808408,0.9,119
0.22214453421953706,0.20257831634962914,0.10717741111505806,0.28872161289475273,0.3273131937248142,0.11155382481382994,0.0009716427917772941,0.0011889436701721789,0.0010332355772992136,0.004666377797411414,0.001461859465634624,0.004705283328189758,0.3383191723111796,0.35355156510482233,0.9,118
0.10983983074151284,0.14514292805093384,0.05798022206897805,0.160573191731312,0.26536548256021847,0.08488312527078541,0.0012096279238939709,0.0002753361418377831,0.001562508346152417,0.007824413408628716,0.0008165084611611029,0.00784693938841885,0.19508913701742153,0.318662063092667,0.9,118
0.17592799636820347,0.15274205600243537,0.29925944520992187,0.3614150315302149,0.30914622254703855,0.5012657041586968,0.003980023870668675,0.0006342712057157167,0.004115780078864019,0.03420742117360254,0.0023375611722404877,0.034430294147494545,0.4308377328428403,0.5069278174625075,0.9,119
0.1524496301541193,0.219677092730803,0.17855446354324928,0.2878550650711255,0.3647904915533333,0.4138011261520418,0.0012427196452349848,0.00026293543020961793,0.0014062062788649271,0.004180633195599137,0.0005821165511981086,0.0042107602996046545,0.34295561576018607,0.548347654777185,0.9,90
0.12761656232500668,0.13127090593099314,0.33231741743622967,0.28425281203742536,0.2208015124185031,0.47194936041534435,0.000775207491012789,0.00020722066459624247,0.0011208844818515213,0.0009631178509115212,0.00047032024949344997,0.0016206812643668744,0.3979759548184931,0.5485312343523066,0.9,72
0.11628253207258854,0.14053921977469852,0.17754018910986452,0.29111466569073274,0.34185324420582297,0.4766993515359812,0.0022316301857857215,0.0008473664406725522,0.0026251712227058042,0.030836801102091527,0.0018272663738017059,0.03190490174976146,0.29382221773964207,0.47962914501755105,0.9,119
0.14130449236852993,0.10409727586950278,0.2876245303962777,0.32500809768316596,0.31587980225332063,0.4695006923637782,0.0011644269699397113,0.0008350359355156823,0.0012212907137504271,0.004399113905452445,0.0018737997258730932,0.003913410335128598,0.36347432077393815,0.5171145594026285,0.9,118
0.10514030426944158,0.19969235728639406,0.18854570127181636,0.2510439340683827,0.34600877786855266,0.294303338995804,0.0028735627743819146,0.0006355080161028449,0.0028101887573065486,0.021233694334757747,0.001616113458488222,0.022496424528634762,0.3380192864520951,0.36440796132689196,0.9,118
0.0831727144309725,0.2193590107020712,0.32937217270011226,0.27786007855632633,0.3359395170569628,0.5264899590277093,0.0011468835924621184,0.0004915888200451938,0.056508349881340875,0.0029441055098691216,0.001529756984979036,6.281446153704929,0.43645385332863346,0.5767810827903755,0.9,114
0.19646778644066865,0.23010721864106895,0.21538247834095495,0.317804199965519,0.4242132667127961,0.38446230836388573,0.0013315809297148164,0.0006092261838901284,0.0015180553455433799,0.011657445152192802,0.0014981390057934238,0.010253681119406721,0.39973433850560935,0.5769199898320383,0.9,119
0.11437007352253394,0.1601720313121175,0.20107584710512416,0.34030529591180064,0.32485881340182343,0.5591447507160394,0.0014192532244199265,0.0006803204314966949,0.0016587025804936065,0.004379961689259235,0.0016734561595934672,0.00397863772060103,0.3296268337381452,0.5612420988418466,0.9,92
0.08275489569824333,0.16527904968378768,0.15504304746137493,0.21410870116008993,0.3370229055073999,0.4240515142956683,0.0006892576322675524,0.00043374007997567024,0.0009248093362703663,0.0017146008859282302,0.0009841286275360517,0.001466505553442632,0.2667505835035135,0.4564818986733939,0.9,118
0.11300524214314743,0.0977566137119993,0.44068901702495533,0.23277649197943368,0.25395484653619976,0.5505200554320676,0.001075544175571624,0.0006824163519014692,0.0012793714315020182,0.0025716420935064654,0.0019779245390829647,0.0034122399312981333,0.478793454733679,0.5713567443235256,0.9,118
0.10698603255657803,0.15070540361184281,0.20664607359450365,0.2328790761057908,0.31783917787427896,0.3908121298147281,0.0020309053654905492,0.0007027654505435796,0.0020582578479737927,0.007231815218361248,0.0018731515315757452,0.008292755704818022,0.31662499648613196,0.4103320901393427,0.9,117
0.21296651734538669,0.15323277576167593,0.18758314949124702,0.44530518280203296,0.26515593370097107,0.46300022458894324,0.001173223419720752,0.0003125351772860487,0.0015382491344979508,0.005523164024826277,0.0008551362325766032,0.005453971746868236,0.34832081355283606,0.5270673926526838,0.9,118
0.15695987774802625,0.1921277297456749,0.17488357388432543,0.37959998849303267,0.3230988797112739,0.3117726324598725,0.0009902624167416817,0.0005602114573535938,0.0010725066314587323,0.0023861677894023714,0.0012345180811076661,0.002382518078354323,0.34797369798790123,0.4060591932987262,0.9,118
0.1211432135244883,0.1520733715669239,0.19165101959740893,0.25832299934690406,0.30583601471482613,0.3689901435835904,0.0012047900085055015,0.0005803709105922648,0.0011446427211409711,0.007092641900595775,0.00092338377322565,0.007128773771356567,0.3108850375808608,0.3929066912993957,0.9,118
0.1412776662967265,0.1574388329887845,0.3439398833574811,0.36328532261983865,0.29804201826494214,0.5216292145994963,0.001165720441474527,0.000773465170947287,0.0013345203732870574,0.007040574814324407,0.0012579748476454489,0.007070244698529127,0.45898039044090827,0.5325892837029971,0.9,118
0.08204695940259212,0.1753302811503413,0.16760688098259743,0.2726411366181817,0.28579966727223266,0.2798361397558947,0.002421792485547765,0.0006659229592023797,0.002667932981350372,0.010648022464720963,0.0021711262274612952,0.011181858257235833,0.28913040198854173,0.39126997172320777,0.9,118
0.2302687209275798,0.16744033837875352,0.26647733856669686,0.3578134233000675,0.3515905147962039,0.6135661614242047,0.0011729298481247454,0.0005676014356751464,0.001144800153379781,0.01168171720722988,0.001083665843994941,0.011720180290900384,0.43426462492936024,0.6189259020338074,0.9,118
0.20538067701697693,0.1330354327739072,0.35527976888532237,0.4308859802906115,0.266847569470887,0.6087810220711496,0.0007598724329024601,0.000777963005271205,0.0007097355305547702,0.0015851745698098885,0.001472698606150763,0.0019416267878732407,0.47460771558645576,0.6206484723159734,0.9,118
0.10891975773239644,0.11759096017438554,0.2164005415962174,0.1927598218959887,0.26306874392572405,0.2690660895472247,0.0005617313542573868,0.00026806405106720443,0.000756353591530072,0.0013262996637708468,0.0006817551496224317,0.0011931248365204539,0.28796334554420566,0.3467125863352919,0.9,92
0.13878579009800007,0.15518980164792895,0.15455011755805695,0.28983890083978675,0.29144027979917825,0.27418617004692913,0.0008413286480794356,0.0006166161642332229,0.0008698568683629706,0.008377612473312257,0.001556183462963892,0.008770668081603317,0.2974667697398254,0.3375923110497211,0.9,118
0.08661301858550095,0.058319957168458794,0.07430076797305989,0.16086684132248844,0.10831305632842239,0.15827782951229585,0.0009287589084418299,0.000674406685145911,0.0012653497008686938,0.002699540493785846,0.001587872896203768,0.004147932419347633,0.13804622113765747,0.23548868375115373,0.9,118
0.08347470471245759,0.059490831025823004,0.13715650302096108,0.1533107875182004,0.14961358959939447,0.20982973642606348,0.0008636644576660574,0.0005975681267964523,0.0009096624843019822,0.0017519261418397214,0.0014487265383891501,0.0018789263890859331,0.18005578084084417,0.25313938710348055,0.9,106
0.12005089880702374,0.11131264367365477,0.09658754688281147,0.1908827844428981,0.1799201984539618,0.21245802543863818,0.0011811660027588535,0.00047423396121408176,0.0011467703526729532,0.004068637904805827,0.001482478634100115,0.004170253292327342,0.19962079897082066,0.31286108192844364,0.9,118
0.17376306671909658,0.11384639390925949,0.1696543440436504,0.4100364723678851,0.26126558350358414,0.41994952157869986,0.0006252351700812832,0.0004194848027619819,0.0010456813250656306,0.0009184393462846607,0.0011755076092799799,0.0014857389814704192,0.3146564838747069,0.5329417989376198,0.9,118
0.14026759541411915,0.22263418453833356,0.25726967433392606,0.2488890091330903,0.43174788683204846,0.5588756198073084,0.0019244296282771491,0.0008585273093759088,0.002059847522322654,0.0034684094110160046,0.001976056746333388,0.0035540700915996926,0.4170793357025891,0.5648570321546168,0.9,117
0.09814111213785585,0.11819319829174453,0.216403326242442,0.2073633519745927,0.33301274553344246,0.4329026650706351,0.0010811865160092814,0.0007530655016571131,0.001775977146805271,0.0025440928394417917,0.001790129027694376,0.002653953057564329,0.3041746442335524,0.4401872978173005,0.9,94
0.12080524968977671,0.18482777496563918,0.22946785073321305,0.23115678470425852,0.4406284069070207,0.5168800928568262,0.0009372852940145,0.0006294066838472531,0.0014302883299149522,0.0050370142475383295,0.0017994420141966838,0.00433285521005522,0.36712963208464716,0.5393509776854638,0.9,111
0.07613808417125516,0.09895236835678965,0.2462759134658446,0.1463782447241029,0.23917555045860425,0.29176545723003394,0.0022997800185451172,0.0003831530596665861,0.0027018081819275546,0.012151697763763014,0.0021206737247303487,0.011201073222120606,0.2891815410697784,0.33148165820748365,0.9,118
0.06721985805638786,0.08737633281214711,0.27028308877127405,0.16491292031059873,0.14975273106033327,0.42451097383574043,0.0013162134258451967,0.000786332401667248,0.0014900283773636974,0.011967992849920783,0.0015722415199184714,0.01047930422435761,0.2998202686541156,0.4563754797905717,0.9,118
0.2357490197649814,0.09010548081477374,0.10670577537472548,0.3828157223311325,0.28040801129895787,0.27047206713688055,0.0007511397778676877,0.0007009410775716283,0.0011203869486335193,0.002368890862180173,0.0015893377053470825,0.0024241107453455424,0.29121211679467474,0.4294675604028616,0.9,119
0.09343548822576786,0.23560408445164063,0.28769605997215575,0.26184494566307526,0.4856055908557787,0.4656136002196518,0.0009342253886213717,0.0006673911649520529,0.0012447334984575086,0.00809264999200865,0.001601273763191191,0.009699445827242137,0.4322814831921668,0.5458545880739246,0.9,118
0.20167664162172838,0.055931300450146354,0.12310063878072672,0.3734878228595315,0.12295507871027608,0.3089213358029867,0.000740098640346989,0.0008481665415220229,0.0013784109388375594,0.0038593962394426473,0.0015002095278974278,0.003932811625559696,0.26280897989509616,0.41381503939694875,0.9,118
0.19447036083118643,0.1972468821046318,0.23425025953492282,0.29970190145928627,0.41045078431506243,0.46579512361128783,0.0010082208706796894,0.0006424744443180387,0.0007052990861617519,0.001338719999115695,0.000830412898182753,0.0014294039118516455,0.3999783652402179,0.5481963302554306,0.9,115
0.16712072959303056,0.04804153706362528,0.19213890553347385,0.28869369318444255,0.10937849567356989,0.4025417586041898,0.0007564913051535078,0.0007346789197436333,0.0009308227556101126,0.0013832689756598793,0.0016028469752302765,0.0015272374465333804,0.2862656510189558,0.42420124500077305,0.9,118
0.13000635688346718,0.19416111418068402,0.2288376392236427,0.31332009811230305,0.4292057361437397,0.47904713388568476,0.002437473475101585,0.0009700147351787008,0.002740885347199389,0.014235787802597155,0.0017746241277755148,0.01421829264468677,0.3912195577644642,0.507336834115018,0.9,107
0.06500749256945056,0.2909955657185109,0.3327737264363785,0.20479182350973876,0.4770098836984349,0.49297612363688836,0.0038786870769138473,0.0006051817289482583,0.0038508178555735286,0.04957854430628705,0.0021088767477888126,0.04960856228573496,0.5022171944416675,0.5926985977029957,0.9,118
0.1415016275222189,0.1560433635298611,0.12901776243825477,0.33248307809065125,0.4063581342177488,0.20136342061442766,0.0008038321470397843,0.00039596924991335073,0.0010479932956225218,0.0014648243137416195,0.0009763224616562427,0.0016548679163332913,0.28730118450271513,0.4103280621563864,0.9,119
0.16286673721351383,0.1485140828367637,0.13374357394085598,0.2725055706604975,0.2918918631708269,0.36660696724740754,0.0008386526887686834,0.00033225439221462545,0.0010302877409667543,0.001974560431502681,0.0008026940695269325,0.0023549190842985235,0.28624042961163015,0.4155915122693392,0.9,118
0.1972953572941801,0.1998104050919946,0.21135112090454916,0.4156186953357565,0.40534979953546557,0.47684995590219437,0.0011113058142477048,0.0006128685894725216,0.001345363330526277,0.003220420602453533,0.0020385948372754203,0.0035175388154506937,0.40685921014671506,0.5873789754617822,0.9,118
0.15702844966693344,0.15837625635289823,0.18353757488083408,0.26176343886351655,0.22458656134812321,0.2779910794143716,0.0012952523818070898,0.0007630538206912475,0.0009159103876118537,0.00525887820701465,0.001460526564690423,0.0045608117893958244,0.3083287734160814,0.3454722554246707,0.9,118
0.15428306005720885,0.1757840740217166,0.13343258829828417,0.2655700034074842,0.3845787595552946,0.40002647368335004,0.001431024418494341,0.0006651846555684086,0.0017872367164527478,0.004101235261043001,0.0013056897970198933,0.004725203423100233,0.30489272486825497,0.4979021398136474,0.9,118
0.119856973862685,0.1753102676413339,0.24158555290419512,0.25792507000343684,0.30186198861978264,0.44938992205466965,0.0009478248846273595,0.000436088704488086,0.0005359769676385502,0.0015788288650360194,0.0009377461237363438,0.0011151345491531295,0.36366069159942416,0.4716592657119936,0.9,118
0.06814332704010913,0.11403420415398813,0.1878492091807223,0.1536151579387072,0.20999964815476507,0.33987317560665253,0.0008790681758864686,0.00039235672759048673,0.0006889354324643356,0.00156111508147605,0.0008337001275968703,0.0012865306100655616,0.24174240550728449,0.3788913992231737,0.9,78
0.2950688236884451,0.09272717905616147,0.27366581964955683,0.5003536110580508,0.17485591790505167,0.4254704226811021,0.0005615807576329679,0.0002940936887902245,0.0008955340113424161,0.001287634947857108,0.0007221170886153594,0.0012696562839040748,0.450464399299805,0.5260817394659092,0.9,109
0.16073727026840615,0.13468000300253574,0.24812192028528884,0.4903004867468854,0.38323346774793104,0.3439246215896912,0.002780564744182259,0.0008180963878480111,0.0027527810853942296,0.015762543290706255,0.0019333489369861567,0.015742660536410824,0.3835990328249549,0.510448592668484,0.9,119
0.08058401813601804,0.08512043997754089,0.17997487593286782,0.19785425296791112,0.12074969606928054,0.2405244381932475,0.0007798536286595974,0.000795958318760414,0.0010271622500370966,0.0026204038278674346,0.0015330650842082516,0.0026071307860529025,0.2212446163409129,0.32748305602564987,0.9,74
0.2881017357857208,0.09251462522792651,0.1419840315373246,0.48760781558595045,0.18702633893288334,0.2480420035901767,0.0005563238600166032,0.0005184608753318016,0.0005758131821212236,0.0013073678204610362,0.0015330646340240284,0.001309912929678969,0.36600194052530965,0.4913955558091979,0.9,111
0.21012179230982023,0.112397125844172,0.2844489182351682,0.41282346493332095,0.17758133999696143,0.4922097466452599,0.0008093875040138393,0.0008151593286676896,0.0010249312418134026,0.006540793646879511,0.00146641680028059,0.005029684168656345,0.4132088621525354,0.5293102755913375,0.9,87
0.0995215305727185,0.05806785617560011,0.25908371437152905,0.17624101724490135,0.09532817364636871,0.3472104317904953,0.0011917830724826547,0.0007597552980531016,0.0014301106345749226,0.01103126595893511,0.0014432373597422984,0.011044498567867933,0.28753514190896495,0.3928333848872986,0.9,112
0.15306593823203818,0.08262834068574446,0.1328828983109973,0.24640965521536187,0.23267290377717922,0.2902739585147626,0.0006181281113001436,0.0006814031774287447,0.0011322358198031968,0.002186744925097406,0.0016806778936945266,0.0027967376786757203,0.24137118044460237,0.3223214661963971,0.9,117
0.09607422763893943,0.10674352480295028,0.5016001989435593,0.18968270281500063,0.22677052584367088,0.5607389698719635,0.0020475697930651734,0.0009667559946784227,0.0022576049172956824,0.04214376506136874,0.001698009109731169,0.04215107092881154,0.5292173314042666,0.6054494783888317,0.9,118
0.08029293797425302,0.19208322689691104,0.20197152244483343,0.15455624077480964,0.3728078497952697,0.3792376010298783,0.002023266814124085,0.00045304308919008374,0.001978110751140424,0.003224567863657546,0.0009971979346951043,0.003391131255429114,0.3204712829851334,0.5072084537118763,0.9,118
0.0794667381979931,0.13233460021811075,0.21533356952649071,0.25733754742133647,0.3123530018350792,0.340728979237831,0.0024761995555415126,0.0009884353721515144,0.0030379037247271513,0.04416391509521422,0.0016778152838010651,0.044171011331093135,0.3016439291532438,0.35740032383778525,0.9,118
0.1856993569508057,0.17262892931085771,0.11921110593529918,0.3537566044336057,0.3311526507594173,0.2285123518474529,0.0017559846740015496,0.0004586390003901512,0.0018537198641862583,0.0047063257802282266,0.0014463667477462305,0.003862724744354895,0.3169178530651183,0.3767438807992394,0.9,119
0.1663115581653708,0.17696478816412947,0.16678558638814675,0.2924682820941524,0.34352239531751,0.26539482447009866,0.0011052853000007438,0.0006966436956604577,0.001069790105419055,0.003624237704067834,0.0013148985700102145,0.0036699197476299794,0.3277288765294564,0.34494211239301176,0.9,119
0.052660292464429374,0.05881140137477655,0.41671857358131864,0.14031257110187303,0.11508519457394725,0.5539343959761295,0.0019930586618658653,0.0007410899792238364,0.002295034883635717,0.020195410843569128,0.0018907789105867545,0.019213373325076777,0.42849605347320363,0.5665615545034542,0.9,119
0.132774089000241,0.14262621438647316,0.27362875521532304,0.24508000843598102,0.24029298695651924,0.46931214632825313,0.0011794388918840142,0.0007704359285597192,0.0009285625304026892,0.004916187170778963,0.0020126391533499266,0.004549220671427712,0.36430167895642235,0.5065151551673946,0.9,117
0.2113231229333534,0.12050213753452577,0.27615925899529625,0.4257955239833215,0.33327481453844504,0.6361003141821104,0.0008518824825002028,0.00047762674019675755,0.001345730509165715,0.0019104482829601643,0.0012868751961352398,0.0027734277023552245,0.41351356751268215,0.6494673968571043,0.9,118
0.2579506985389449,0.2510855889163857,0.12161091419355276,0.49409201564563376,0.4948116935798549,0.20366277680327752,0.0010181640019194837,0.0008287935960530885,0.0011184711564773545,0.00188885900181468,0.0014616919232400827,0.0017169394806969551,0.4332356734831267,0.5067387759014124,0.9,118
0.08153555470791979,0.09863459582838435,0.0952043763578334,0.16388407896773383,0.17912111825711086,0.2803032936024913,0.00408525961936826,0.0005680799545489709,0.004197359415769556,0.05896587765248129,0.001702859950390767,0.06017868957425199,0.18191928928882828,0.301593013797885,1.0,118
0.19857564113174042,0.10372131702531961,0.243050400263296,0.34810541448753496,0.27270305471474793,0.47904476948146935,0.001004835712005605,0.0007835919349298898,0.001208045974783665,0.005067521891097826,0.0014566516859765427,0.005106889365088296,0.36534972753381134,0.5156160811672803,1.0,118
0.14121951510572398,0.2514282227794031,0.27096980237470397,0.33340346072296656,0.45432669710161633,0.4480471931579328,0.0005267026049026293,0.00022319122561052324,0.0006893697724743878,0.0011605419140847673,0.0008566251674023695,0.0010622083103002389,0.43794499462066494,0.5845951929388657,1.0,118
0.07387101457373783,0.07073859062734084,0.18699249746776617,0.20386614000204786,0.11241201945995002,0.2216108866983517,0.0005676137492409847,0.0006387600625926244,0.0008342715292745633,0.0012140896391024114,0.0015307220655427778,0.0013953604118022156,0.22135100117152004,0.26934639964874335,1.0,118
0.11119130607480547,0.19522408247799455,0.2045521088457795,0.1982519841028174,0.3992120170089239,0.554825980137679,0.0009949064555250025,0.0004728813983049415,0.0010654109966957224,0.002107134217769424,0.0010250248721991873,0.0014343612167657671,0.33872165239498764,0.564339417121669,1.0,118
0.12968701474305255,0.10412417483003897,0.09900273109533018,0.2288798273962469,0.26778757552580545,0.1439668884727891,0.0008507452061194387,0.0006949009514458606,0.0011957668903356913,0.0021855429438577545,0.0016865398219464423,0.0021531041924882643,0.21823463025331136,0.271786205546958,1.0,118
0.0815060891103438,0.07786245410727478,0.18561645883868352,0.1375980262169699,0.15186426795979174,0.2474336318829041,0.001180458391493874,0.0007251324038963403,0.001734460720741213,0.003530145947155283,0.002101740158162002,0.004472139157378319,0.22692457015330733,0.2596377832778659,1.0,117
0.12776926571396816,0.1622366678855581,0.1741116927155163,0.2789807121458553,0.2943634212360839,0.47197569710960663,0.001955357051945787,0.0007558975197802578,0.0020120560701512706,0.009227696330581736,0.0019696632528396485,0.009705807800784338,0.3075468433670526,0.4727829802673846,1.0,119
0.20376942974628398,0.08356514935736149,0.24146929906718848,0.35893911788732213,0.35242294290773357,0.5875328563456625,0.0007203021957265135,0.0004101828258618356,0.0009219944310102907,0.0027353226482507154,0.0009513609841766968,0.0028409250268641717,0.3704193498772818,0.5914320576120178,1.0,118
0.10335471691729302,0.07200924715020413,0.22098323241143794,0.32533414755345075,0.10606880795912689,0.3536135797368375,0.0011083062302514048,0.0008126780944810489,0.0010680198073087111,0.001996911260817247,0.001579528216749393,0.0020908995156565524,0.2958358479310547,0.36441690403537785,1.0,119
0.1714151893497306,0.1512617011012194,0.2769683558879072,0.28659226624967515,0.3919639965438228,0.37270166561685214,0.0011998859795851727,0.0005709009991457101,0.001155452903018146,0.0032894514511241923,0.0012938868387812885,0.0040283622007289965,0.4032843507005466,0.44092703697662206,1.0,118
0.09553153634607205,0.2576518573108594,0.3243882142080678,0.1714878060457547,0.46259076767410345,0.36556698352470246,0.0016261962364982803,0.0004632584990825098,0.0013195085512547622,0.012253816655905747,0.001407063499522021,0.013034613520827465,0.4516650898545908,0.5841335089560866,1.0,106
0.10531112893439454,0.10675370611500072,0.1625287106866818,0.2613296901529419,0.19451836060325733,0.34991929371433267,0.0013556786331737982,0.00041947774842278937,0.0015562784723753469,0.0020151369619356707,0.0005471214987549655,0.002312213338581781,0.2502165401504043,0.45542532119597123,1.0,118
0.22839187924303844,0.12655928533621838,0.2473229551436852,0.4629142228545161,0.2689914912919055,0.4989048272009312,0.00108104450277146,0.0005064300353779298,0.0010681680647467212,0.002562127372714218,0.0011945831923331762,0.0021766731447403487,0.4059586141267611,0.5481297492613586,1.0,68
0.1202585191436788,0.09393419894457634,0.04510403453891921,0.23697358653844464,0.2034666491754327,0.11535245574066345,0.001391516292455341,0.000995785306718288,0.0015881055794999422,0.012230942034377246,0.0019147655023512566,0.012257259744877014,0.1763853428004364,0.298337870934181,1.0,118
0.22223951194731617,0.15860966617364114,0.28253716071121643,0.4628338385483704,0.3237492838434995,0.6361805701280138,0.000644355144176067,0.0006709720611789507,0.0005708288677574139,0.0016281899016696855,0.0014961730333805101,0.0009381554650129686,0.4365730272383776,0.6423962925719293,1.0,118
0.18391350270239817,0.18970795075109528,0.06343363926590091,0.3362897210682474,0.2576695294414612,0.15932323813729826,0.0007898672845408664,0.00048821450197419046,0.0009773439348447779,0.0027341389205184363,0.0011684607314701445,0.002828172466147083,0.2836251533328719,0.42500441345975026,1.0,99
0.1118040544411734,0.13627784436768425,0.2244891702983808,0.26238598226893073,0.22802135218522832,0.4539045037182798,0.003983254843221317,0.00046793422373921247,0.003849242306738473,0.06573079898420042,0.00207493782424395,0.06535428927370601,0.3172661822588646,0.473049972634979,1.0,118
0.1013124814047668,0.21517101276892597,0.2500498135524492,0.20122567138422476,0.39713532282276054,0.5261528343012789,0.002588925334322509,0.00055038010667857,0.05583605609148148,0.005000257900745764,0.0018440851142298431,6.28041784901454,0.38430922780945403,0.531429688671792,1.0,118
0.15553716837546003,0.20503258161262106,0.15910943734982413,0.3531182789556399,0.43491548452263423,0.29248585769384844,0.0012661005809600804,0.0006979149191068551,0.0011799483259111404,0.00431094860601311,0.002011871674590271,0.0034270713574486855,0.3409974053022254,0.48731250035474344,1.0,119
0.10559585157152396,0.17480987399493142,0.41938264697436517,0.21625005705958372,0.28859981611513696,0.5668294427083422,0.0015345481114649308,0.00043238669850896935,0.0014872864067150566,0.004943067143165503,0.002168517066159392,0.00438016267862773,0.4813465657745818,0.5771701259747585,1.0,117
0.09386311531936578,0.1826717042039233,0.08209103382629761,0.19617376835563072,0.20504114793582848,0.1618606234452492,0.0012855701826096438,0.0011047662459520735,0.001233945436416055,0.003912147204503169,0.0018690279346380567,0.004042743072679267,0.23156288318039464,0.2810586025908354,1.0,119
0.2012788413584991,0.128658255046937,0.1314235235574235,0.36985308796886035,0.2175311301548251,0.31994850268022135,0.0008212626623109371,6.150797614624595e-05,0.0011556646733656502,0.0010999924837726827,0.00011689969836981007,0.0015488689408913459,0.3130688785245449,0.42701069596330393,1.0,118
0.12221197405159745,0.12317935991284064,0.3395947434941223,0.26866261003969366,0.2733664692783589,0.4217646531201627,0.0019601954218429474,0.0006756687325132838,0.0018030006112944284,0.004425670222752753,0.001676663557944047,0.003967646851140261,0.39609962873181453,0.45025652081709344,1.0,118
0.19952247801440345,0.09729396829786985,0.20655797858179878,0.41368744821749753,0.20755358329938986,0.465318612761778,0.0008465097421676929,0.00041113242708134797,0.001096333477594867,0.001697010157351686,0.0010490306040080721,0.002106213008350233,0.33331387739685825,0.5082225697061197,1.0,117
0.20504286327127763,0.14743033449281995,0.25758111868762473,0.40344982559533715,0.33922502937036153,0.5666551168014119,0.0013127262623842551,0.0005447060259195156,0.0017028340393455638,0.003219734409238617,0.0016283196762212349,0.003393745219000932,0.42562688163701917,0.5797080179832218,1.0,118
0.2170449267178294,0.19841925329908566,0.23418247004155088,0.4385189992003643,0.4914473056666495,0.36736830349551447,0.0020382944570186204,0.00010957055616270006,0.0019176712248441723,0.023833902946962304,0.0012868976773336982,0.02244462994234686,0.4450036747791229,0.5109511441922139,1.0,118
0.07183474591560797,0.09020961053936156,0.056743941818437976,0.1347951596498045,0.16410731815103288,0.11475057975594503,0.0006610935288795248,0.0005521673465460869,0.0009293392116580929,0.0010463027530871472,0.001721359906710962,0.002307127624642913,0.138268062368494,0.2022418254121697,1.0,118
0.051402082350706604,0.08917271591079097,0.14860287431046806,0.10564249624696319,0.1397120569934014,0.22991340618022243,0.0007891676239267507,0.00048181613954139253,0.0012918017393694998,0.0021941254359707507,0.000982821121695343,0.002334117620480969,0.1926439925540704,0.24921724639510048,1.0,119
0.2178331008033873,0.2354991823427441,0.27325713591081346,0.486159555518814,0.48008394800464227,0.5591282399160737,0.001159097881328961,0.0008766998752585456,0.0014928231582754597,0.0036288393142167585,0.0018358274686346432,0.003462789437377989,0.4843470694322214,0.6253169910205707,1.0,118
0.23093847461897737,0.1525688728460823,0.32260916716166976,0.5034757002589569,0.38043735394221634,0.6481203401984126,0.0006781909772361159,0.00032207620427061667,0.0009571845195432999,0.0034065762659474252,0.0009514817718268842,0.0036688114203640154,0.4849211573244194,0.6552614319627947,1.0,118
0.1641813132020789,0.15238018101219988,0.2648537822118564,0.3321785986962459,0.42223195662288043,0.5518546860395146,0.0011054046600273732,0.0005767762085805718,0.0009839479456175797,0.00442084402990317,0.0011033136302759927,0.0038980187563695257,0.3801685544817145,0.5850184865516362,1.0,118
0.14800752538935733,0.08288820845031475,0.12885677952829405,0.21370719162308435,0.12774985008377415,0.36392154147370837,0.0006963749772624232,0.0006288667045215541,0.0008630561526886316,0.0016170308404274136,0.001606927959240334,0.0017234995109398632,0.23142171623754765,0.394777680468582,1.0,118
0.1840600186248366,0.09431039930221831,0.2816938066277842,0.5091270543691692,0.2371632946896503,0.4713440401612083,0.0012346441208005898,0.0006121071256520143,0.0014240637854055253,0.0040169014373989675,0.0014243136446697724,0.004081997651218305,0.39552805511247774,0.5546393825631075,1.0,118
0.29095720599969205,0.041491237053406585,0.1693041370202418,0.35647442857645745,0.061664029584741265,0.3061324724803297,0.0005471718440016644,0.0003247330639932452,0.0005709607928847391,0.0010583434458215635,0.0010123216266313406,0.0008572414565062303,0.35160159102708716,0.37717129311651115,1.0,119
0.14457474518651203,0.2525947809258704,0.2620856352596351,0.3401674357772187,0.40469390965708224,0.45680069162506454,0.00099013177892407,0.00029125145212031414,0.0007278259839645353,0.0013525608133921896,0.0008072959829389936,0.0014435229059093224,0.4391826467368575,0.48871180952311577,1.0,118
0.08863580721446625,0.16574879612199458,0.2184526395634799,0.2173987317475961,0.3424511153850819,0.29769870123958697,0.0005285289105855715,0.0004574238358236755,0.0008745715418504873,0.0016161257171024568,0.0010049822452582458,0.0017841831567309008,0.3260695621678004,0.35220159249259514,1.0,118
0.12262378951058826,0.18220709912677618,0.16193743627770682,0.2241325535004845,0.33479333950483275,0.27114626133495656,0.0015542588074810438,0.00021543913822225555,0.0018603592618968321,0.01857408297870944,0.0007670240639932047,0.01859112609261304,0.30928194566364947,0.396228950755816,1.0,118
0.07817480079901587,0.13306512257570366,0.14979648470479218,0.12568812757807393,0.17630703547267124,0.2581858264934839,0.000545357729884218,0.0002823588124410843,0.0006337717239163662,0.0010481285603862744,0.0009402790448942433,0.001225873485928064,0.23139360408393042,0.293320323618959,1.0,118
0.05493991944305607,0.2597663612338079,0.2650060678796046,0.09701804069923883,0.3895331367087874,0.4642987175603419,0.005087592255367645,0.00038478016049792424,0.004845038799825312,0.13744844553561242,0.0007118970911679234,0.1375424156686298,0.41135959673264655,0.5341380939263227,1.0,118
0.19253506133994353,0.17071964890162677,0.29518492296097915,0.30682125032922974,0.32179664407363645,0.5917499342061413,0.0005987953571975056,0.00025739991830491383,0.0009928310640191051,0.0012790442305967709,0.0007895883844063062,0.001501333729486909,0.4299836944053987,0.6096907683507191,1.0,118
0.11051387045363668,0.3009290453730975,0.2967598961949584,0.2203419451822136,0.4758740023394181,0.45390500803467915,0.0019152474184662967,0.0007668774806080311,0.0016879463694176647,0.005356150476816146,0.0021464064537637384,0.005709781126793878,0.4834454633208771,0.5326693943966955,1.0,118
0.11887280785346344,0.17800455925352873,0.2263124918429272,0.3919203174405558,0.3421548619514022,0.4038209814526771,0.0015230884423037513,0.0007334639384136291,0.0013883749522626426,0.003910120922575366,0.0019109262533367755,0.004611611364258028,0.36180638001471227,0.45456553009549944,1.0,118
0.1020582800177563,0.05795101664968864,0.20855389031944335,0.27643132234221335,0.1628683170442716,0.3872866172993781,0.0009975965690079108,0.0005158707280314504,0.0008623955495903337,0.0033088646750432105,0.000980348331818301,0.0033718871084202906,0.25194089437506834,0.4295855631907538,1.0,118
0.25878439477499865,0.15949440927785952,0.29794613868465025,0.4894288859597147,0.3104124669359425,0.5973033737103901,0.0007769827659604894,0.0008455845949032719,0.0006290117833972258,0.0026927993673897532,0.0017286068978734637,0.0020358657039807326,0.4818184353501071,0.60683302290621,1.0,118
0.07361108039919761,0.10594358756683979,0.17567013848613622,0.14518540088410503,0.17231940431257117,0.18823600438762073,0.001034680696095052,0.0001570446262062174,0.0014081500431141574,0.00768358383092671,0.000812264486258707,0.0077060307736858125,0.22414480008722248,0.2608669394951523,1.0,119
0.11895243139167369,0.23564525838170594,0.2706060652034617,0.25198253040952856,0.3895385609597105,0.6356112021346334,0.001276321226427458,0.000641724223942833,0.0012439933065256429,0.0035967764322832885,0.0020780507148108196,0.0037845862003542674,0.4135483005560347,0.6517076993102181,1.0,118
0.18972891690547658,0.15823520994671753,0.287501269638829,0.3917003730517903,0.27886616725997543,0.6299726953252979,0.0009876525272441577,0.0005745940676362569,0.0013979983796313118,0.009574668709692258,0.0017764591958965292,0.009607257917336964,0.4284759522022317,0.6514159694253036,1.0,118
0.0792615347966579,0.18901345339006947,0.43392730997893975,0.19211001530702843,0.3322344743022493,0.5468618234860568,0.0014727609369480459,0.0007237145150574638,0.0016851040933397825,0.009705063258200308,0.0018178628464726732,0.010898715832785122,0.49459722965764025,0.6086853655738592,1.0,118
0.06380762637433351,0.08139179844855104,0.1807532704620606,0.1701563026324215,0.2055622232771148,0.4868461760103799,0.054625822005117126,0.0012872839006400818,0.0017094979439874537,6.281660166161263,0.0018067227427792654,0.004047472291780707,0.2461539900168824,0.48993703561124297,1.0,118
0.09820593937713921,0.10031617394122792,0.08090175390949107,0.20536879728659058,0.21842002843000477,0.1341070445773188,0.0018594421629390392,0.0005361100515401035,0.001879288974965928,0.013567950244540938,0.002135083843202157,0.013448882907387993,0.1794849925067678,0.24175632171951406,1.0,118
0.15645934709308734,0.05589176041553739,0.2281787550035364,0.3132849808575659,0.13123592582246488,0.5809153247111704,0.0007725708449378903,0.0006927967627197261,0.0009777960283718031,0.001836825636655881,0.0015240437491080838,0.0020252929857318414,0.3154042962558752,0.5996397106999287,1.0,107
0.24891885184062054,0.08203708760347517,0.2875079754506291,0.4451042456352396,0.19350749638829814,0.5837319376483393,0.0014746767050383453,0.000585797339513993,0.001165951280996506,0.006336813884192605,0.0013551229187662717,0.0049154579238082086,0.43636109949834995,0.5998263044703204,1.0,100
0.2408822655415416,0.14082315395142675,0.2133786944924117,0.35248439077921023,0.4377942263643136,0.3629229447478582,0.0009588625754430449,0.0006402715235483753,0.001360713835863252,0.001928707971330823,0.0017749743386945571,0.0034512027992454897,0.3928271764226378,0.49104584184115807,1.0,117
0.23237656091678985,0.21586269499067326,0.29386810673944536,0.38029750328070244,0.352354201753157,0.6166295266081115,0.0012088529674010146,0.00019728670437217075,0.0015383394183745536,0.0025958081842363256,0.0003207604836173994,0.0027152077198664415,0.47146488385896884,0.663925497239563,1.0,118
0.0855021252406406,0.2195941107516726,0.242626310372587,0.20840682532270494,0.32429294713050005,0.46639570924495427,0.0018804832190638854,0.0005921477058525676,0.001620405872123912,0.003980840586612633,0.0012269639671917965,0.004082689423772101,0.3788360938260182,0.47195560086290694,1.0,118
0.11459986576842053,0.11553714737377681,0.1591587301971713,0.23688404757448306,0.2942030732261688,0.2711198615383349,0.0006251768902897681,0.000810240799021369,0.0008328643490623863,0.001286255428742944,0.0016226425919234622,0.0014875640928031508,0.2499398956733841,0.33645863237598655,1.0,118
0.09347571354441211,0.15087806222319305,0.09650217341406328,0.11992377501669962,0.30124065060025157,0.2615314299166496,0.0010184057299040495,0.0001875993444918455,0.0014261692272060915,0.0035250319210944348,0.000651819580403501,0.0036416882006498064,0.22005108755185188,0.3112172290585722,1.0,119
0.05937457583835895,0.10640478006713702,0.22570098700933908,0.15326546646467828,0.26230964302368454,0.4185018312617269,0.001258299109447896,0.0007877870806631273,0.001377204978676103,0.010019913428443772,0.001457025309566179,0.010025445052926685,0.27668498748541,0.430844146867906,1.0,119
0.13197410122207082,0.11467311729647674,0.22141383768485937,0.215889885989652,0.21578283712602545,0.2570935656634775,0.0008246057474219434,0.0007533305390917778,0.0010052714444171327,0.002773669517099009,0.0020085448916906667,0.0025007935798440073,0.2948830733972571,0.33824820729585914,1.0,118
0.17166562616063416,0.2748358778196529,0.10370678365730056,0.33068179814578796,0.45273653955366666,0.19516554769720337,0.0011137923523430685,0.0004472376634578473,0.0009580112225081553,0.0023137157204184966,0.0007046986421879176,0.0028586817862867875,0.38454718453678327,0.4900035418750298,1.0,108
0.13151398491384403,0.16261746692856457,0.4026005214819281,0.27605947923120766,0.2679788828785512,0.5765792854450396,0.0011684816227762853,0.0002399385000574341,0.0014575060681503481,0.00452019190579378,0.0007992604415529847,0.004564355762402883,0.4782489012438922,0.6195761330625206,1.0,118
0.22908289374938418,0.13372924240585515,0.13977283015212458,0.5304120911200064,0.24933915472971624,0.1924025837160042,0.0014770982695137193,0.0005216691023840389,0.0019609914390842265,0.0034565107834491626,0.0011479503640897115,0.004586249935410569,0.3385170498666161,0.560471172920007,1.0,118
0.1797095935747231,0.18288726640499756,0.19209000985196037,0.3261028144380399,0.4805766417769603,0.3680059988026829,0.0008811958076288536,0.0006438537540045827,0.0009275437137414883,0.011805087869127595,0.0014750978730981683,0.011819097287255942,0.36775132529782484,0.48083450547084916,1.0,118
0.10508901515458179,0.12076095822078747,0.4438715193160164,0.16889753644081335,0.222772131194114,0.497034360507914,0.001214139476300486,0.0011015278964058846,0.001333221307449425,0.01782795896697087,0.0012150486750902578,0.017843657380789413,0.4789406988346424,0.5461040310413735,1.0,118
0.21609745213702353,0.12058875693429164,0.49274648259783704,0.4265031769277173,0.3369216865169207,0.6114784094096306,0.0006947474621757379,0.0004446419080194429,0.0010270158679311896,0.004115327012667244,0.0011085262052918932,0.004145686529864356,0.5772242618059477,0.6484206945576851,1.0,118
0.14693399412779296,0.2233464570830507,0.3275887015035963,0.28619101064673746,0.30749537070596766,0.5955857085210038,0.000649627551401132,0.00037329284059963764,0.0010493785203579227,0.00252944844752076,0.0008405755998026621,0.0025863782728954288,0.45626502454593765,0.6520120280965334,1.0,118
0.1252442838265437,0.06880620001224252,0.4232697267024893,0.16892459785284336,0.22818052703082004,0.49289210427544894,0.0009267538805036138,0.000590995491849009,0.0007208622036644235,0.0019464493249095813,0.0012649019299789677,0.002045064239264871,0.45472566543977444,0.5036236312575044,1.0,119
0.1591162221205973,0.1802632183138195,0.1394240075732355,0.2130945179037895,0.2364020959410558,0.2220177202494443,0.001576090844437269,0.0005511645224000314,0.0018831795647481831,0.0047999095225033095,0.002049935680924042,0.005022519091906874,0.29340434102128155,0.32377511842126155,1.0,118
0.038674802231875444,0.15635520178573867,0.25306590709322324,0.11353725263793138,0.2622701064764047,0.4411905012396505,0.0015207342196608146,0.0008626246927436268,0.0011412063804505186,0.003437104111286171,0.0011075735017671562,0.003484745024457947,0.3323752365945062,0.44627819123439566,1.0,118
0.12079055471520676,0.13676773806642112,0.1510419909720997,0.2368254928177386,0.2525588181524604,0.3390395830651484,0.0008019447041495626,0.00047320252129811637,0.000667428919875487,0.0022040213814280563,0.0010326215187558968,0.0023176962914506216,0.2593598876147502,0.38516661249373346,1.0,118
0.1161187367190568,0.15160876931875533,0.2957651693490191,0.2923265466776884,0.30035744840319595,0.5322718540874432,0.003602551156380368,0.0010719247251202771,0.004034112606909011,0.017826460043642134,0.002268533770203085,0.01790611388884722,0.3915785056878541,0.5500640192159781,1.0,118
0.08997343828852042,0.12125778231565368,0.1299967726500871,0.1746225818869981,0.2562729919887546,0.1486665828325887,0.0030210870559319236,0.00031720987185117035,0.003629303164797644,0.01207764947493195,0.0011977305861872178,0.012153122796963789,0.21918391508926166,0.28443550169079174,1.0,117
0.13093458106133685,0.11301034989693914,0.16632857401343337,0.24918443823321126,0.29245965205288493,0.3738000452042786,0.0011265473774632474,0.0006867531958990101,0.0016488441383889346,0.0036071622712188223,0.0013324241393288805,0.0037082235757952553,0.2796917439457885,0.38833548967980785,1.0,118
0.13547339037130673,0.1308969594585326,0.2424730106862872,0.2737513116433975,0.2555215833551871,0.3452533082086766,0.0005555214874246394,0.0006521903624245114,0.0011625631854293031,0.002941314679677731,0.0015915381671951223,0.004610770636197081,0.3401584766279373,0.4045697030688537,1.0,106
0.12959409454067744,0.14381205888831267,0.20097617079115107,0.2682480763677448,0.2580071306755341,0.44011657981226876,0.0012772108653870064,0.0007536597347787567,0.0017281470371484076,0.0025809320224872145,0.0016529293489773167,0.003471177630342881,0.31602337641593253,0.44191461574848667,1.0,118
0.21552864741314195,0.0696304864547124,0.24617540523868997,0.36677671637515225,0.14345784444288126,0.4833471088146315,0.0006106182120547649,0.0006660869057828052,0.0009921325643964093,0.002485183780738698,0.0015952762267919252,0.0026091523888747137,0.36235003286708223,0.5175424838463776,1.0,118
0.0932373788620667,0.1066920672536265,0.36180454978190724,0.21603012899097093,0.23629271612001057,0.4898567009877085,0.0007695801368443692,0.00043719118016211425,0.00104281718235994,0.002371296024964345,0.0011362326295603908,0.0024634472302884625,0.41248307628469416,0.5013281188876789,1.0,118
0.10749564605082215,0.14170083416012672,0.09871194905570965,0.35011327274380155,0.19371404537789177,0.1348544453090576,0.002218328818288518,0.0010513390334582842,0.0022693649969006188,0.010269589567305282,0.0021433940319501854,0.009916455881956665,0.21921972165419212,0.4010458860547271,1.0,117
0.2519998078641458,0.1690118669396109,0.3362235963882491,0.38989847672745326,0.3330142546388436,0.5798953577996683,0.0008950746283711993,0.0005436822230628474,0.0015212463270602359,0.01617269786757436,0.001420755299825327,0.01618475651426987,0.5073147965600295,0.589782787490466,1.0,118
0.08065100443387747,0.10902605783557268,0.11348055457639922,0.26050629863393104,0.22566268156740404,0.21271421804523907,0.00025702574657872335,0.00045075259769020707,0.0007982294042100369,0.0006664175831354591,0.0007625495277953018,0.0010383476795408075,0.20378071942992845,0.31423405882353656,1.0,105
0.18808490184972576,0.16231974505760993,0.07472878637528722,0.3529732446127567,0.39298950798129034,0.14122691718359717,0.0009299170629924086,0.00036878990736258585,0.0014159975946899936,0.0022565860241666735,0.0009205792395093337,0.0025555917878266055,0.2863312823495512,0.4476415114638073,1.0,118
0.1595351980385611,0.10108277230439937,0.07607961572779597,0.29767953629571214,0.34096909561505667,0.1854320171847177,0.0012166375470846033,0.0005326312832642465,0.0013717270720122819,0.006038474670113647,0.001648168374809078,0.00615576325114553,0.2371507654071291,0.34158938243363546,1.0,118
0.11632576897511639,0.22668693182094546,0.24604045478625985,0.2845888169706696,0.43266599425758134,0.553227471137034,0.0008651131343128013,0.0004517445423032265,0.0007504494327297258,0.0015416664231457933,0.000995066120064142,0.0015067810698654593,0.39143236037163703,0.5953904072290226,1.0,118
0.21972252578364815,0.23723680855098667,0.2241090532345489,0.3423630113899188,0.43120033554073595,0.3850099026515734,0.0008220691864045407,0.0006472487579230223,0.0012921218007346242,0.0060437092506977486,0.001532582482690701,0.006058657334523154,0.4403221954382961,0.5252191982460663,1.0,117
0.056587897378596076,0.0670388811079737,0.17736085199421645,0.15511875394230154,0.16482846649028537,0.2331383251062854,0.0009433334307912606,0.0005809530812739264,0.0011891670287881352,0.010546848077314763,0.0012373013355678752,0.010574997177668966,0.21043501256170555,0.25073892745342585,1.0,118
0.16390089211652745,0.16201590189191808,0.036824678167022167,0.30339641360042247,0.30278545860957645,0.07777489864852591,0.0010130711394141822,0.0002761527097299077,0.0009984292209233607,0.0052936671175141115,0.0008009750399953219,0.00423871730958858,0.25828555154630395,0.31778447343227006,1.0,118
0.18727271203606982,0.17688471144147208,0.16538277478782928,0.34139948816360977,0.3326077193629024,0.2316670788251413,0.000987109368753181,0.00042285891115443036,0.0010308604630127427,0.003704054516830868,0.0009201155579705023,0.0037215768239400315,0.3293611384752597,0.4085262136538591,1.0,118
0.15524338949088343,0.19652723457239668,0.17788122800429554,0.3158351672722688,0.3445290920807497,0.28687778254167257,0.0011687697910533162,0.00016060060179116277,0.0008795892842198029,0.001751167497992201,0.0007329730284488245,0.0023147913980121615,0.3385625442490964,0.40362682432500396,1.0,118
0.2137146261046607,0.11933224424300903,0.2182252168947808,0.4044890352457879,0.20591056616789383,0.4796927533408751,0.0007358541346071907,0.0003979842346689559,0.0009426414303171033,0.0015263890960923732,0.000840743543164324,0.002521078430599344,0.3655099591948127,0.5143565567263828,1.0,118
0.10858573203579396,0.16925292936570696,0.1903728429076025,0.23934791770989047,0.2662141613821867,0.4505098602064728,0.000916429347449337,0.0005126668979894342,0.000954200786274281,0.0020414118243405888,0.0012109127410994125,0.002112261251849823,0.32253841336610145,0.4550876940079444,1.0,111
0.11463193294992273,0.1581544356116912,0.182720430647314,0.24422653998784508,0.23441629089855756,0.3417726281723399,0.0007650529795293953,0.0002761046090849109,0.001187307745596094,0.00401469267238852,0.0008199681533858083,0.0039602271192917815,0.30255087595664026,0.38355156837481835,1.0,118
0.2413452562756292,0.10650349776636571,0.24340532331044648,0.48480632248615346,0.2793222400701892,0.6380588432323239,0.0008591949194890838,0.0005033065441629516,0.0011139647083022158,0.0014080067319746092,0.001549118466068089,0.0020761289702484476,0.40903444689110297,0.6428480481069352,1.0,118
0.09699875320776655,0.21266784244995418,0.2677255205496808,0.21950553502388234,0.37720966680990914,0.652528295830583,0.004510635763446988,0.0004893928719319459,0.004550163168486102,0.1279730575174105,0.0018239833778013193,0.12793089406100772,0.4054630615490304,0.6784988585919844,1.0,118
0.2013103929103128,0.22262825639023587,0.19245750319251542,0.34407930908362283,0.3644214471811463,0.26274287830331433,0.002788375055892802,0.0001927716737410518,0.002863904900249581,0.011741746070078829,0.0010779117157182494,0.01204198442486848,0.3829316999478545,0.4348316096935057,1.0,118
0.22847253184697583,0.19754471032918067,0.33887415363964973,0.5388548316708417,0.5337816561486064,0.6859318910093464,0.0012672961879975357,0.000793756383929862,0.0013736311279191023,0.007840546819939398,0.0013617463123568596,0.008173004370688353,0.5391073067422718,0.6964676104652555,1.0,118
0.2276634059018259,0.2030800555500162,0.49675991617662385,0.35718640101416,0.40726206189938036,0.5208091595631035,0.002086877765227912,0.0004321589235576975,0.0023845320699470793,0.14525514344326762,0.001248565247383815,0.14525667198776215,0.6006547774111104,0.659329509731371,1.0,119
0.23137088301230294,0.1535068979801178,0.520754958521565,0.3804874228098864,0.39440063461330577,0.6565377545117136,0.001327319496995494,0.0005860802084424846,0.001315055290835518,0.01208894184378062,0.0008799196586872782,0.012115114496374257,0.6221356915471191,0.6729003600463379,1.0,86
0.2712895239312098,0.2212566582645885,0.31097026190983434,0.3727849648524455,0.39836593477959636,0.40798090055445446,0.0005139542012705873,0.000440099260573836,0.000906245579982188,0.001676155689417591,0.0011710134094815583,0.0017915334347144984,0.48949437554393754,0.5858930094935358,1.0,118
0.1796875430952602,0.06546810924261019,0.32253422398867615,0.3273382479002866,0.13232396435571878,0.4735435420160455,0.0019075858021470203,0.0011566600095287106,0.001983783635138844,0.010513058959939703,0.002107199994444864,0.009707020559845514,0.3813710692145068,0.5724699233507299,1.0,118
0.16677553558522074,0.022821597108808808,0.23607108746460526,0.2080992381718545,0.052993664854355735,0.2742735579682543,0.0005637347397045589,0.0007041814114408624,0.0007364308000302685,0.0013673273178029799,0.0010355346119828024,0.0015645329873503755,0.2933540871368916,0.32410662544221663,1.0,119
0.2757837008521464,0.07531623551729615,0.2705188453402585,0.3414628577848876,0.11695353353426327,0.45018293745864146,0.0007586052796808028,0.0007990749244114816,0.0004820557843500407,0.0019500851798399665,0.0014978378796670078,0.0024765039946099687,0.4025960520479545,0.5174197813021545,1.0,118
0.14031556743587695,0.1428527111209436,0.16577333825244503,0.2939210105528698,0.26372142193779347,0.4850017971104883,0.0009701657082546235,0.0006014584835320523,0.0008196391743911147,0.001615820186623873,0.0014742267908896545,0.0016230919707131974,0.30389610368251646,0.5124501331360277,1.0,118
0.19980553797498463,0.1289115874736399,0.21368085053265748,0.42875023200781703,0.3156005160423715,0.5864454449983659,0.0005365987626691516,0.0007111845980994667,0.0007898231887840569,0.0010826192792319222,0.0015284915711375469,0.0014008453300977664,0.38737118038936036,0.5911785687092004,1.0,83
0.1670859329215678,0.2018130688079793,0.3183012331700142,0.3855760644674392,0.4001248368688993,0.4869848923355593,0.0012045769034958991,0.0004943700466893408,0.0011888437196652375,0.0043709418846527015,0.0015172553748258322,0.004460584760507036,0.45973894806637555,0.5335192580066861,1.0,118
0.1638206095390238,0.15585807255113074,0.2268031395892131,0.3411404982920325,0.37501176324736063,0.34141302546860713,0.054602078907842265,0.000828310890690873,0.0023566649790357384,6.280374494743871,0.001993088335831006,0.013489483693067683,0.3679990971257251,0.40135178716029063,1.0,119
0.13122082752820358,0.09197557212344354,0.35717694015621526,0.3958556412956125,0.17088888227946825,0.46803414013502875,0.0005082322491191699,0.000931764511681095,0.0005545166675700553,0.0009439457293018982,0.0015706433450716761,0.0011256008112408011,0.4043568270347543,0.6164807826484889,1.0,118
0.2787562487925518,0.12457342338385757,0.30373137598120975,0.47258467591852316,0.33922674943058967,0.6026178259995063,0.0004120186805716695,0.0005626638799316266,0.0007111956992902582,0.0009526724858881508,0.0013936814850035104,0.0011977785139249963,0.4815482684609063,0.6261716999338355,1.0,118
0.24642634064559824,0.14783030371862468,0.21302959508711522,0.4174054679259481,0.34659256652208686,0.24739329502240262,0.0007448745226139614,0.0006966989244554463,0.06538703047509006,0.000982327420423701,0.0011824536546322512,6.282284966926536,0.3874364425672271,0.5332307053179793,1.0,97
0.047898252912628905,0.11404797741721764,0.26483064325444533,0.09079479312494595,0.1889252817824031,0.2942582538214796,0.0012877718974548193,0.00027272700487199756,0.0016539500262565728,0.0038652143984738013,0.0015183532427758273,0.0052722846407196045,0.2964742619952054,0.3479550940372355,1.0,119
0.07161674495848665,0.07709234660400782,0.4197869835616673,0.19098955635133735,0.23560755025659394,0.5379143355779986,0.002554007004192177,0.0004264739598505283,0.0027323321479327633,0.044008476150728226,0.0010805881202811118,0.04398147370299865,0.4391691489652125,0.5901389205046969,1.0,118
0.1421521584867609,0.16002662811980695,0.4428248718368278,0.47556777447093185,0.3851352791560268,0.5441084023649426,0.0011582154287631072,0.0008283081000242726,0.0013256377805035925,0.007076653803273825,0.0016772993826896787,0.007115820023539943,0.5310432265028378,0.5566086602476642,1.0,117
0.10411048088621949,0.05699631946896035,0.268547690944273,0.2150545799340183,0.23402659764489456,0.36358694715582324,0.0011896301094563955,0.0006962533159033529,0.0015510305111413188,0.0022055285538986613,0.0015250587003775573,0.0028458161667768156,0.3027654826367294,0.389945953308428,1.0,118
0.14935769587703462,0.1020128300994964,0.16360324523730502,0.21836126520850432,0.19963813458785726,0.2388299519095219,0.00010763941699150916,0.00020501599178474592,0.0009384577344788246,0.00032929814866461404,0.00042268644950735346,0.001396381630882626,0.26315821751277374,0.30219923261776244,1.0,118
0.1216891999449426,0.17165568912094611,0.06590075768327078,0.21192778118110828,0.37468208771733186,0.11545924095465578,0.0007266330166640066,0.0002003835703213237,0.0007414566587056472,0.0012026141799432732,0.0007280296584138146,0.00099816220049731,0.24283428978433488,0.397696290251834,1.0,119
0.1159488044339246,0.17515515762650938,0.07657537218576668,0.19378987254736912,0.39904746395781326,0.14927272039566863,0.0021421097517121675,0.0006024263767190207,0.0022473379976012805,0.012941609185773584,0.0015320229724036238,0.011452358536864438,0.2486406226240969,0.42605765082592634,1.0,103
0.16292397584722326,0.15107832132199342,0.18608931592822991,0.2605609193636433,0.2811369296442842,0.32831949356836715,0.0007689580315993714,0.00030816805513214385,0.001100726599022142,0.0020930283821261053,0.0008058887327566655,0.0020343063326193622,0.3253942679355579,0.3903384859440565,1.0,109
0.14813311987017147,0.2965612696304271,0.18800870637626665,0.23728130983445073,0.36476953962216035,0.32839120404326794,0.0009360321725098311,0.000707946933582718,0.0006360463843726099,0.0015619116632972219,0.0018158501174636577,0.0017470813260263007,0.4052662774530814,0.4260062797577204,1.0,117
0.16226926804932376,0.19991840847905046,0.28350887394109486,0.3775018348165005,0.383360110660021,0.6588934580746723,0.0006108869642187388,0.0004156859367469722,0.0010785187801508325,0.0015814646165002166,0.001753866253514258,0.002335592770014161,0.4398355659275311,0.6806784581092724,1.0,118
0.31176693111779064,0.24376475738085854,0.27382157005530994,0.4926360515549654,0.46145622068094894,0.38167517240210025,0.0008539096576535629,0.0005023403794329485,0.0007378787207692679,0.001974541293833454,0.0011446427418200789,0.0015175856129627796,0.5106188601218015,0.6076904782341883,1.0,118
0.12222211232880703,0.2066888067749372,0.1650409014830149,0.22853906222233472,0.5223691642964438,0.28302975378980455,0.0011046339364738276,0.0010230905037177439,0.0010329486307826155,0.003357925181410648,0.0018475061076914656,0.0022769193409026833,0.34055191256241457,0.543030452561055,1.0,88
0.13631909431486164,0.10707419029390619,0.14180182616878417,0.35974770897159364,0.15564051105433374,0.3455501336258686,0.0014909203863153913,0.0008516301099545543,0.001315163008229449,0.00620346784087622,0.001988216318633773,0.006318053160346171,0.25944117525887794,0.4176239411950478,1.0,117
0.20199385062920192,0.1285621969636073,0.17939701729808646,0.5226078251930308,0.24731418846127526,0.27033279902304125,0.0015066787908392086,0.0006412940954839805,0.0013534125947695902,0.005493881721760019,0.0015515936897255722,0.005544898477907179,0.34983778415897937,0.5621135630802605,1.0,118
0.07198057968481587,0.09477716651785978,0.4181533660624607,0.1482617749337994,0.14727777024456226,0.5418430151415945,0.001428424196493502,0.00018729417914827658,0.0017567155865074108,0.0023175567872573133,0.0006916544512053369,0.0027242708087618084,0.4411098425638465,0.5470120693753454,1.0,118
0.0823063031835911,0.15057236653186098,0.15568780053352682,0.1627704361146771,0.27076175460029905,0.4066213803821309,0.001787624702689259,0.0006999781158047107,0.0023817153762128018,0.006913096025834342,0.0017046360794381599,0.006903371192026775,0.2590679427633178,0.4150543699986907,1.0,117
0.12048209036005483,0.06453133704141427,0.19125343470046405,0.22175264704881098,0.11864236950651158,0.3007893405272758,0.002036219654300702,0.0005922987442426316,0.001779593005929262,0.009532826327649513,0.0020224984629957365,0.009650553930296235,0.2625644737993618,0.31450282268932617,1.0,118
0.2331172185694655,0.1731055166193098,0.21900563260234243,0.5027181384868311,0.3765340285490304,0.2941331890627782,0.0008104905432291527,0.0005295370381758342,0.0008906870987375899,0.0023376773866448097,0.0011734860852354867,0.0034046221659105314,0.4112306484745138,0.5322852289009679,1.0,118
0.17262903571009922,0.2199847073012572,0.3973206838746692,0.44226551102327344,0.5011529093630486,0.5712732532797968,0.00042834749751907426,0.0007473736543291014,0.0005845483248439062,0.0016967534246503657,0.0014586946906830628,0.0018130686708621724,0.5666045955610369,0.601681876201359,1.0,118
0.2273957751201821,0.12491276759977035,0.28083126746746073,0.42149651083518785,0.3584480081664082,0.6070848045081688,0.0006347539121292461,0.00039081977795150626,0.0008843828634910111,0.0017496561495813356,0.0011469975586813064,0.0018201036763611234,0.4392578656097963,0.6284505209480405,1.0,118
0.04149771061841137,0.12168079738803796,0.20252882915562087,0.14720922587247995,0.21285300198295698,0.2863443656704722,0.0011441726016418775,0.0008748413850669732,0.001123171765039924,0.0031182214676402226,0.0013844066560971813,0.0026850377391324787,0.2514706698811771,0.3141632982586918,1.0,117
0.25595169933967654,0.1398713460243817,0.25782379887468965,0.5280671433906745,0.2977529272713524,0.5680450538149867,0.001537823599987388,0.0001505265322632423,0.0016736664405269152,0.00932479487460669,0.000795372943618089,0.009360471650567526,0.43909558997329584,0.6062032995659133,1.0,117
0.26199382337411126,0.28733036608451645,0.3827634671137673,0.4601224060821966,0.4798369271388544,0.44380266134978624,0.0008764993456509494,0.0002725801076807309,0.0012384138732281027,0.004680212643094289,0.0008533559324659379,0.00472596964979155,0.5818608274579798,0.5993875747264976,1.0,117
0.11115730979588342,0.2643229243363085,0.3162338547459406,0.2651304146180628,0.5094699455053726,0.623582681340853,0.003684237402546416,0.0005763558735912943,0.003840902626313442,0.020104826365172856,0.0019045604081089351,0.020077830636519356,0.4792158588065244,0.6286502335793752,1.0,116
0.21204500825157957,0.06840439700692834,0.2329307104686421,0.39376764464132175,0.1931699879946406,0.5248739562216951,0.00041713534463626767,0.0006176276150855197,0.00094419112761924,0.0010817135112035636,0.001523255250634653,0.002775736709678789,0.35849928454920577,0.551490097196418,1.0,116
0.05514925334139797,0.12414450965600575,0.05807225012771641,0.09763756406856894,0.25671961719724534,0.20471407542764697,0.0016070682688669926,0.0006418500122466598,0.001608132114861611,0.003237488678751621,0.0019206140318823728,0.0039035208312319103,0.15369412356935444,0.33196187367505586,1.0,116
0.19653879363235477,0.11575857315346778,0.33055199764228604,0.40402170260094566,0.21120934613194456,0.527934494977559,0.00139268287769646,0.00040725681053455646,0.0014978943518663924,0.006624959735458846,0.0008465807431827788,0.0066490449389791095,0.44333589148631886,0.5304484504370506,1.0,118
0.08577723177040543,0.16116116914386439,0.15593548067653837,0.24066166843328668,0.38921994317896513,0.4410461496398508,0.0019991328570693346,0.0008537798657309986,0.0020457964878606506,0.011693715176745112,0.002035256615342096,0.010936703996665686,0.2609802394432279,0.5459036664804128,1.0,79
0.2148013024288513,0.21484034672051086,0.23734655890268452,0.4036494060387207,0.37064852618947963,0.44118003865735345,0.0015221574895975584,0.0007520426698206154,0.0015456977936770763,0.030425594040238035,0.0010614903818278454,0.03043384412925043,0.4311865770171711,0.546067688771085,1.0,118
0.16451736742057774,0.16677607605528802,0.2955900517043059,0.32939028413572974,0.3805512705402813,0.5408471365566525,0.0009920622272796002,0.0005702126878476869,0.0014480075931744719,0.00599994405963078,0.0014602802125053271,0.007633025872675336,0.42512436688395794,0.5661721653202487,1.0,117
0.1334177576388577,0.11020044921837298,0.3242379285208982,0.2895143286175612,0.1682036228225393,0.3975223789557445,0.0007588164575213683,0.0008752243288600666,0.0010416752309633783,0.001870845547609301,0.0018547747267674275,0.001583788452187651,0.3844048563684271,0.41535750498496016,1.0,118
0.10589204213510803,0.11196235633171131,0.28626603064694456,0.2673085659954414,0.20834247050654275,0.38043202528471703,0.00014711996208460718,0.0007062193235761039,0.0006399389607851786,0.0005296367241208744,0.0013195311366182016,0.0008824318123332731,0.3470430437929143,0.38902424857381684,1.0,100
0.12366666451513697,0.17883303796994715,0.2337787827797927,0.2613886167967068,0.20857916569930707,0.3457016867063176,0.0005676006534397428,0.0005936994741408599,0.0009449284671145685,0.0022457819481491725,0.0017145756200348528,0.0017436883390946623,0.3418605883041378,0.3909805900685162,1.0,118
0.10775871400814048,0.19124002354434622,0.10149172256468188,0.2887666032419246,0.3161752405939541,0.1689687901170182,0.0008033908118260623,0.00043497663985248204,0.001148447257831677,0.0020758504549838186,0.0010076973893062835,0.002170719157004175,0.26416617577491464,0.40894464154485943,1.0,117
0.15796004220687246,0.18944918386857584,0.2742453055368406,0.3962339911046304,0.4603423789022318,0.37978402256792815,0.0011093773531301715,0.0008055594868799619,0.0012498700575898423,0.006743410812010672,0.0014595789464046938,0.006773587493475675,0.4267936418223324,0.4736114052966461,1.0,118
0.11643091531161714,0.14807380824045382,0.2712711739024489,0.2119921615776695,0.29322282153008467,0.4041690017500711,0.0011612973565104372,0.00040345450468213563,0.0020186483668686956,0.001930688331366337,0.000617151190282661,0.0027317218266647014,0.3634069759033356,0.41848115366384253,1.0,91
0.06506430683935094,0.08333820031127664,0.1726802898055649,0.14553440160048764,0.23964335980690193,0.40428546458531905,0.0011705123473181652,0.0007415168128046124,0.0016413458855190517,0.004862902548334103,0.0015537847224675327,0.004924120695826817,0.23181295345684952,0.41860189157263133,1.0,118
0.13478830748698015,0.09068624614334331,0.20810904319462092,0.37298096651377227,0.18821751357965016,0.3384141437998401,0.001638651922241996,0.001112286607009707,0.0013743308916576253,0.006182646796744851,0.001776524113971334,0.00624532809040379,0.2799161739337113,0.4470787841837562,1.0,119
0.17487740357959491,0.12649761211753205,0.20362403508097512,0.5000393624717263,0.31482572537351977,0.6082718144882031,0.001111969661909165,0.000725085581420161,0.0012432943529910364,0.0087970741781902,0.001603442221366408,0.008824193398249136,0.35345004110097616,0.621770261888988,1.0,118
0.08376757265190388,0.1286481546889158,0.21947710696226203,0.20293011056545524,0.30845480642698214,0.3741272130316489,0.0010795929329937596,0.0007491539175984119,0.0015099226561025938,0.002442558172115028,0.0019176736155327445,0.002562783164409485,0.2986735084128035,0.38643941465186193,1.0,118
0.22270401979047771,0.3135960707538152,0.08600632612420576,0.3502922502252637,0.5237056390670423,0.14535815880279787,0.001049395024780783,0.000417942833927777,0.0013824198470118176,0.0037349069284009495,0.001591558098938961,0.003959508754630692,0.432784046366598,0.5609408007418635,1.0,118
0.04304886016699749,0.2313819948777676,0.17455761132428682,0.1866465145533011,0.4646955119345848,0.32457782013478387,0.0014966280736940314,0.0004954866060585756,0.0014609902074569738,0.006233869439925543,0.0017802655502805464,0.006355088798186914,0.31044238960339304,0.485531549456061,1.0,117
0.2339569977285183,0.22929052964176933,0.18581316030109926,0.37597392491259063,0.3973758176925054,0.39350705395828556,0.0027326386005328287,0.0010668599875770586,0.0028598731490061054,0.017659815180463834,0.0020167892493121453,0.01756226295517105,0.4231995407374626,0.504919327425297,1.0,119
0.2571876863284849,0.2359861967691744,0.18909332057227862,0.48277973845357686,0.34073149330113217,0.2876892776568436,0.0007411296524219503,0.000304897967512241,0.00081184609888043,0.0024954245272557074,0.0008161364460117504,0.0016156247764427256,0.4401351724561047,0.5063482960719945,1.0,117
0.3657734072481195,0.09941453156847549,0.29836595109663777,0.4617270883668985,0.17471598308245312,0.4383973567233371,0.0006125216999441846,0.0004332737433795113,0.0010434716399088798,0.0009897859717395985,0.0014367427723199766,0.0012872475518039828,0.5139692059867628,0.5517504071884556,1.0,118
0.16865283928951472,0.18669424326071188,0.29157273988748034,0.3325933958946897,0.36036734666849857,0.6556777266839754,0.0017364262861072782,0.0007938246185673825,0.0013860276238977388,0.006586997514226724,0.0017300040601317956,0.005524029018303178,0.4406728529529314,0.670034232661413,1.0,117
0.24820634580368964,0.1745385719377085,0.3527887207055344,0.4453990983063879,0.28202372606836007,0.6431120816840618,0.0015195953516246384,0.0006767379886311099,0.001571839037502593,0.009678256878185465,0.0019925634248600943,0.008673068922868232,0.5297255482921067,0.6779454913358912,1.0,118
0.15651724777907258,0.19336067912484758,0.3733148632287462,0.32878974143699136,0.3925546602081262,0.5583936900132428,0.001329950842088734,0.000603757562313991,0.001998120745970764,0.0036356985992327395,0.001049085243145731,0.0037245910881672506,0.4898887886016189,0.5702028977225005,1.0,87
0.2167736825111506,0.19594674014623945,0.2759125197092956,0.4172053932319911,0.42900492810654883,0.557273763319831,0.0009696945520634824,0.00046299823379277865,0.0010566854357887572,0.004460598251180503,0.00099213986792282,0.004525332470716403,0.4660713708200574,0.5775544604087242,1.0,117
0.17532273024464248,0.15473542464576528,0.5030666967582292,0.3070049471108417,0.32583489352746536,0.6099191361364524,0.06644785575639829,0.0009667050286950945,0.004763856204730193,6.218804928075439,0.0019241004844627874,0.07349683891673164,0.570609423870067,0.6611442898091673,1.0,99
0.1266925255578566,0.20973672652570735,0.18925700340700144,0.2691718214651461,0.30829932378982633,0.4313174052604649,0.0008441619431712214,0.0005389722666565511,0.0012242895690953855,0.002586718584226322,0.0014182815567084783,0.0026567877412233543,0.34298251194611257,0.47634258696181514,1.0,118
0.16674710157215175,0.19150847565522694,0.3777697559126003,0.36598060128406573,0.46489246881180424,0.5584468582758054,0.0013154936905583816,0.0007712625116952521,0.0015470375988098997,0.004949058818979668,0.0015976406524393916,0.004867039484563573,0.5115421117906985,0.5875584961362738,1.0,118
0.1663268538615725,0.1695983087946471,0.2474679166845619,0.4047525343818963,0.29723939628547297,0.5574140839633472,0.0012957008993124298,0.0005298976342131367,0.0012336543037499588,0.005648997373398745,0.0017937931337896895,0.005526605301605869,0.3871660002309275,0.5730801821678645,1.0,118
0.048991428475324145,0.08605607116454973,0.13298390784400313,0.11629785825119741,0.18647640412129998,0.16357337004406206,0.00249572718605372,0.000685316531486824,0.002229903280930382,0.011353877498605502,0.001995312403171079,0.0101828178792025,0.17974978610600123,0.23163552783672758,1.0,118
0.14574701136422955,0.1374268661675833,0.1824553336727823,0.24645659835233721,0.26678196408519933,0.19788766687363915,0.000838012258562216,0.0007648000129737247,0.0010387632421817708,0.005439771098547652,0.001094876486575025,0.005480965369294211,0.288630125621792,0.3334383903561721,1.0,118
0.22691932311469268,0.15375524681799085,0.26264753501239024,0.4108834010361853,0.3059871819999208,0.32806852029270844,0.001007356458878833,0.0008414129508432826,0.0008684172169920591,0.002548796911342688,0.001410216322102753,0.002667796334442585,0.40292769129497324,0.5067443479608976,1.0,109
0.12633424475145813,0.09774851413333713,0.22059022591845573,0.32805152405659616,0.19016530023837225,0.5253105586938996,0.0009605454365853215,0.0008391262717762249,0.0013117383832278568,0.0033687297962630147,0.001680595011412933,0.003439278210286112,0.30951002668219985,0.5289980159217264,1.0,80
0.12387917167728492,0.10129625332855646,0.4891147206623876,0.3285355759444019,0.2771492228162606,0.6400439458451876,0.0005913034574998457,0.000571355011480103,0.0009579582391925376,0.005480118908161469,0.0016069365897243282,0.004499660366204861,0.5318101053045011,0.6778803048565729,1.0,116
0.15162402596569896,0.25323429286662147,0.3076390420820978,0.3280668688040608,0.39741006097743,0.3494426476896001,0.0011564200734462868,0.00036637446033341487,0.0006207748981625602,0.0020378136831313842,0.0006864621357709488,0.0024910664671756733,0.453996770596691,0.5220752605556096,1.0,82
0.2076926848576488,0.18339214898665282,0.3923352201054463,0.35534678021494304,0.3289250986798258,0.5028854817881891,0.0012663280266123453,0.00026008457746581605,0.0018251891355911126,0.003962470628227521,0.0014152181836035727,0.005418254652320709,0.5071049669799731,0.5437103951779578,1.0,112
0.12973298128235444,0.18697533381843962,0.467080758521835,0.2786527938763342,0.43023992903917685,0.5095073945183095,0.0009600911858458349,0.0006220778212702765,0.0010138876482971035,0.002464350535197779,0.0016384055997815672,0.0025201818660616215,0.5401373609625498,0.5963179536142317,1.0,118
0.1942863432355673,0.1671185488085284,0.4119140375068424,0.3545284517219516,0.3722805783553148,0.5650147641301336,0.0009469882677935673,0.0008082998125212532,0.0010734945511460174,0.0037493892088558134,0.001417013211671203,0.0038177027149046694,0.5253773327550761,0.6118778659933142,1.0,118
0.1693842286106807,0.20918021336025297,0.37623366926670226,0.31134537431977666,0.3438827668677598,0.4915064057865357,0.000526910161537145,0.000490174387985255,0.0006932246872966293,0.0009977786664059352,0.0009381904407577135,0.0010228813564303607,0.4868762952935447,0.5405456784343077,1.0,117
0.21476273355367467,0.09047001454093473,0.36149588310697445,0.27998432459280437,0.19751386909474958,0.4863691609316681,0.0007652020177859861,0.0008579037321793429,0.0009357860212727334,0.007586533652481187,0.001408408978569864,0.007586317977478441,0.4416779344125439,0.5302054144749302,1.0,118
0.12531596878247986,0.19421875580876152,0.2216814672090043,0.26584434202196816,0.35452994549201583,0.5553141170785023,0.0021139522693551594,0.000571040639629758,0.0022317899588463856,0.040280995195881575,0.0015147162609570053,0.04058891680544319,0.35712758977118864,0.5794989995723413,1.0,117
0.1074049563217919,0.09206677320664533,0.20489690870667612,0.22095567552223833,0.2227170513370215,0.32658788646566445,0.0010076508086557653,0.0006065930679344971,0.0011068111987721403,0.0024885478792224802,0.001573351119758093,0.0026690411554213256,0.2589282406033831,0.3954987710215967,1.0,118
0.20711331441712588,0.19636844886643964,0.4601705195816835,0.4386736505814926,0.45520801242632825,0.5547040160877308,0.000929023797738719,0.0005882383200158318,0.0013622244111252124,0.0035771502788533027,0.0015895065891265436,0.0035875577496040645,0.5668510076846016,0.6636780495596825,1.0,116
0.06994390172938875,0.21782582938139022,0.12988705435896272,0.11900343175774866,0.3042841618855056,0.25629463086074644,0.004278358248392104,0.0005413189945688074,0.004297174137845568,0.00820326560548823,0.001885234670794933,0.007789375351775263,0.29284535702141223,0.30732286157138694,1.0,118
0.16038110943540534,0.167624584586412,0.25184062853647754,0.3972021106316796,0.28915865468600227,0.5387661579889224,0.0009432514736742695,0.0002864216587694917,0.0008745114159284365,0.0014079329932714657,0.0009892452885179592,0.0017050510379275075,0.38858140088962995,0.5417319867500867,1.0,117
0.16345710888560452,0.158382393182545,0.4529750181444975,0.3770785812506509,0.347426724480192,0.6050858864591251,0.0011623371353657996,0.0009987637418628226,0.0013451474597075453,0.002803464100866515,0.0015894969981979368,0.0029993968154604644,0.5452059638614162,0.6070159082752978,1.0,117
0.375578248018528,0.09453408250580524,0.18396298308895967,0.5351505596097917,0.1741611010522827,0.4506316901884415,0.0008569819942135083,0.0006190613704195758,0.0004247981304923497,0.0014362600113118074,0.0011750503743536145,0.0013432622439240038,0.4413772144119295,0.6092336146633767,1.0,118
0.13471965844555328,0.19778214210302963,0.23866695771872207,0.2831280596069583,0.36398798684761824,0.5707346373664762,0.001481894413529922,0.0005896865189924183,0.0015400830430522864,0.009372338390290391,0.0019296046747101503,0.009631007118244383,0.3853159233678129,0.5949149783870042,1.0,118
0.08947729439648859,0.32660887740318445,0.3210998810500068,0.172838594755126,0.5165030269889974,0.45845767200928456,0.0010659975322148704,0.00037479951407693547,0.0006760281878707919,0.0012837828226466286,0.000741366906668553,0.0012151252089230291,0.49620540336330055,0.6087105663841991,1.0,87
0.12097098646531654,0.17994832825733223,0.3161580322280019,0.26697830941517736,0.3055035219302826,0.5602567003558756,0.001388599706621338,0.0007980048794585329,0.001476763113903952,0.0018278414523378306,0.0012871340568656464,0.0019019634388423023,0.4237869695197823,0.5628628058350162,1.0,118
0.1551428128046099,0.15363656641050508,0.2173644813271171,0.49015954172521525,0.34124155681104545,0.3556036395147192,0.0019256127299979318,0.0008598352844127524,0.0018875159870907932,0.012491153264950983,0.0017704977104817665,0.014020627993003965,0.3737935721167031,0.5331961133924106,1.0,118
0.10954642507184174,0.1845898289474373,0.22570053452029457,0.27961988711142893,0.36822766147330616,0.3557680034333062,0.0005894290557852676,0.00045923543359761626,0.0010502443504587225,0.0012711208533198182,0.0012742058982084803,0.0023191645519677895,0.34285046104128075,0.4287737300055185,1.0,118
0.1193084966031169,0.23623225324951502,0.2971581801342213,0.24001301386744617,0.3988247499559154,0.580569639061666,0.0022031086523935923,0.0004894593987622314,0.0019779780695711215,0.010914768447954915,0.0013621269393995217,0.01093613568505318,0.4392342031822088,0.6098209122804745,1.0,118
0.11676782304552165,0.11668061783259262,0.20446333093241756,0.4160187355229706,0.22759062139529224,0.42046516686534274,0.0010197989714801783,0.0002920198990845708,0.0012766210106981352,0.02103667166718437,0.0008695760947743381,0.021051440417727996,0.3034787600258659,0.47090401781411223,1.0,118
0.22451960664808834,0.08078638797412271,0.3929809914159151,0.38285183684563734,0.16942535385395666,0.6121792689159137,0.0005344287189927169,0.0009778467158079041,0.0008047235510491476,0.0011400189739747824,0.0015786715378739713,0.0013880984100875793,0.4935368126324364,0.6160469803477621,1.0,118
0.10502869581997565,0.17761702782229663,0.22576656322580713,0.21964575539186404,0.31394845425972456,0.4189013354108823,0.0002887712030394325,0.00019496565137860715,0.0008479336150464854,0.0005068214207808452,0.0006486679809679288,0.0008944558858696716,0.34480518136896404,0.45504727047565025,1.0,117
0.2138492558912322,0.18651858011300484,0.2755707586118419,0.5101775311761596,0.3871414854148599,0.5248639782633417,0.001893400944330079,0.00028872680396965805,0.0020416053415902645,0.005433157193259319,0.001170608092509351,0.004021805776417753,0.4693514456740188,0.5678095430545048,1.0,117
0.0696586483956407,0.1508357838451513,0.14231749069062827,0.15830879408798082,0.3156991738454896,0.4174848993360742,0.0012727275418425213,0.0009073498234145911,0.0012990109678470687,0.00357082770331818,0.0017707823161192682,0.003304053637371851,0.23917014766451794,0.44596215861381117,1.0,118
0.08967656164918306,0.11137543941393954,0.221963716735966,0.15549508786394373,0.19782303141374838,0.3594182767505609,0.0008900632709332417,0.0003049500525759306,0.0006928174447787158,0.0019306866033990122,0.0008478221560455079,0.0014917766780304653,0.2889470534397013,0.3909429587353182,1.0,119
0.1595687865767301,0.21701283654145312,0.2687339919197636,0.3477158861923272,0.5144364481260121,0.6610981848391365,0.0010318717575065412,0.0005104784103307201,0.0013458180849501998,0.0066397187876305885,0.0013779517077606163,0.006683448429854799,0.4388491483092288,0.6784378691234375,1.0,118
0.14167917096578103,0.2537798817138714,0.25847337030553397,0.3718219874478131,0.4557087072158102,0.6762377957906389,0.000702406601042098,0.00039004901430888785,0.0008649336820551532,0.0013814257073438974,0.0008968549350790722,0.0024013839238019585,0.4350633047296696,0.69583626193784,1.0,117
0.05451638146593786,0.06130909198370089,0.1631236386766794,0.15443537045455927,0.14781216765804497,0.2538939703205146,0.00137615806002506,0.0006022607724149939,0.0012304917926644733,0.003001040637813368,0.001519602421652888,0.0030750574686586596,0.18719751366355727,0.31018626070624955,1.0,118
0.20108573476944752,0.2403163483614917,0.3744819325835133,0.50933175212155,0.42697809532690595,0.6575296353729005,0.0006393097954312184,0.0004662001122297461,0.0009724088768456064,0.0017734810788089111,0.0008787167698698639,0.0019142845005348796,0.5659441579037225,0.676050717092415,1.0,118
0.22437354500747278,0.1938875986640309,0.19612656757610722,0.47816640437422775,0.2781325103261687,0.24788607627146264,0.0016233706322232833,0.0006881843615626557,0.0022587732904744127,0.0039530749280570765,0.002069947417737028,0.0047424573402323755,0.38937800450623383,0.5601116981060791,1.0,118
0.26926688797096315,0.2692282709716637,0.20323900412308465,0.4609688748258211,0.4147660289742807,0.3991647840084648,0.001461386969230457,0.0004965466364676662,0.0011224890627866972,0.0025553286745069737,0.001055180759112151,0.0026289082135866337,0.4816216207781372,0.5817060058207091,1.0,118
0.10177597575049824,0.3180081475034655,0.3373648570858883,0.23280029568712224,0.4964864649641518,0.6734078939647946,0.0019396880815071933,0.00030197036800639845,0.002078656937817063,0.0027979822573613866,0.0008778325593695735,0.002579166483694717,0.5268050806686104,0.6864796374923248,1.0,118
0.1189841697273433,0.21555373070983322,0.2538574858510183,0.2645548039313492,0.3497430564176679,0.39210889750942496,0.0014122969023618755,0.00048028815333760525,0.00126695050234415,0.00618534993104447,0.0015049640334764414,0.0060377640006148425,0.37738229891603126,0.45594898134427186,1.0,87
